USE booking_final;

INSERT INTO room_type (`description`, `name`, `square`, `max_capacity`)
	VALUES ('Good', 'Standart', 20, 2), ('Better','Apartment', 40, 2), ('Best', 'Suite', 60, 3);

INSERT INTO hotel_chain (name, resident)
	VALUES ('Bogemia', 'USA'), ('Peris', 'USA'), ('Hiltom', 'France');
	
INSERT INTO `discount_booking` ( `name`, `disc_persent`, `active`, `created`, `modified`, `deleted`) 
	VALUES ('loyalty', '0.01', 1, '2010-10-06', '2018-12-21', '2050-12-26');
INSERT INTO `discount_booking` ( `name`, `disc_persent`, `active`, `created`, `modified`, `deleted`) 
	VALUES ('friend', '0.05', 1, '2012-10-06', '2018-12-21', '2050-12-26');
INSERT INTO `discount_booking` ( `name`, `disc_persent`, `active`, `created`, `modified`, `deleted`) 
	VALUES ('patner', '0.1', 1, '2015-10-06', '2018-12-21', '2050-12-26');


INSERT INTO `hotel` (`id`, `name`, `country`, `street`, `house`, `phone`, `hotel_chain_id`, `city`) VALUES (1, 'Ullrich', 'Canada', 'Collins Forges', 130, 809950, 3, 'North Holliebury');
INSERT INTO `hotel` (`id`, `name`, `country`, `street`, `house`, `phone`, `hotel_chain_id`, `city`) VALUES (2, 'Hayes', 'Heard Island and McDonald Islands', 'Trycia Inlet', 146, 273102, 1, 'Mayerfurt');
INSERT INTO `hotel` (`id`, `name`, `country`, `street`, `house`, `phone`, `hotel_chain_id`, `city`) VALUES (3, 'Lebsack', 'Vietnam', 'Jaskolski Brooks', 59, 0, 3, 'Boyerland');
INSERT INTO `hotel` (`id`, `name`, `country`, `street`, `house`, `phone`, `hotel_chain_id`, `city`) VALUES (4, 'Kub', 'Papua New Guinea', 'Veum Motorway', 132, 0, 3, 'East Zeldahaven');
INSERT INTO `hotel` (`id`, `name`, `country`, `street`, `house`, `phone`, `hotel_chain_id`, `city`) VALUES (5, 'Mraz', 'Saint Martin', 'Macejkovic Haven', 75, 67, 2, 'Jenkinsbury');
INSERT INTO `hotel` (`id`, `name`, `country`, `street`, `house`, `phone`, `hotel_chain_id`, `city`) VALUES (6, 'Stiedemann', 'India', 'Rath Place', 42, 491, 3, 'Diegostad');
INSERT INTO `hotel` (`id`, `name`, `country`, `street`, `house`, `phone`, `hotel_chain_id`, `city`) VALUES (7, 'Larkin', 'Papua New Guinea', 'Flatley Island', 77, 144539, 2, 'Parkerton');
INSERT INTO `hotel` (`id`, `name`, `country`, `street`, `house`, `phone`, `hotel_chain_id`, `city`) VALUES (8, 'Sipes', 'Bahrain', 'Nader Parkway', 55, 87, 3, 'Vicentamouth');
INSERT INTO `hotel` (`id`, `name`, `country`, `street`, `house`, `phone`, `hotel_chain_id`, `city`) VALUES (9, 'Mertz', 'Canada', 'Werner Track', 132, 807982, 1, 'VonRuedenstad');
INSERT INTO `hotel` (`id`, `name`, `country`, `street`, `house`, `phone`, `hotel_chain_id`, `city`) VALUES (10, 'Beahan', 'Burundi', 'Linwood Extensions', 52, 0, 1, 'Lake Babyport');
INSERT INTO `hotel` (`id`, `name`, `country`, `street`, `house`, `phone`, `hotel_chain_id`, `city`) VALUES (11, 'Rippin', 'Ukraine', 'Lockman Cape', 1, 39, 1, 'South Arthur');
INSERT INTO `hotel` (`id`, `name`, `country`, `street`, `house`, `phone`, `hotel_chain_id`, `city`) VALUES (12, 'Klocko', 'Estonia', 'Lisette Ridges', 115, 85, 1, 'Sisterchester');
INSERT INTO `hotel` (`id`, `name`, `country`, `street`, `house`, `phone`, `hotel_chain_id`, `city`) VALUES (13, 'Waelchi', 'Bolivia', 'Gordon Run', 151, 1, 2, 'East Charlotte');
INSERT INTO `hotel` (`id`, `name`, `country`, `street`, `house`, `phone`, `hotel_chain_id`, `city`) VALUES (14, 'Quigley', 'Suriname', 'Narciso Underpass', 79, 328577, 3, 'New Lethaberg');
INSERT INTO `hotel` (`id`, `name`, `country`, `street`, `house`, `phone`, `hotel_chain_id`, `city`) VALUES (15, 'Gutmann', 'Saudi Arabia', 'Block Viaduct', 103, 232905, 1, 'Gusikowskiville');
INSERT INTO `hotel` (`id`, `name`, `country`, `street`, `house`, `phone`, `hotel_chain_id`, `city`) VALUES (16, 'Kunze', 'Reunion', 'Thad Junction', 81, 0, 2, 'East Einar');
INSERT INTO `hotel` (`id`, `name`, `country`, `street`, `house`, `phone`, `hotel_chain_id`, `city`) VALUES (17, 'Willms', 'Bangladesh', 'Fae Route', 38, 871065, 3, 'South Eliburgh');
INSERT INTO `hotel` (`id`, `name`, `country`, `street`, `house`, `phone`, `hotel_chain_id`, `city`) VALUES (18, 'Bruen', 'Turks and Caicos Islands', 'Harry Streets', 41, 93806, 2, 'Port Britney');
INSERT INTO `hotel` (`id`, `name`, `country`, `street`, `house`, `phone`, `hotel_chain_id`, `city`) VALUES (19, 'Moen', 'Dominican Republic', 'Lonny Harbors', 113, 81, 1, 'Port Alfhaven');
INSERT INTO `hotel` (`id`, `name`, `country`, `street`, `house`, `phone`, `hotel_chain_id`, `city`) VALUES (20, 'Howell', 'Kazakhstan', 'Konopelski Parks', 122, 537824, 2, 'East Chyna');


INSERT INTO `location` (`id`, `latitude`, `longitude`, `hotel_id`) VALUES (1, 69, 69, 1);
INSERT INTO `location` (`id`, `latitude`, `longitude`, `hotel_id`) VALUES (2, 57, 74, 2);
INSERT INTO `location` (`id`, `latitude`, `longitude`, `hotel_id`) VALUES (3, 52, 15, 3);
INSERT INTO `location` (`id`, `latitude`, `longitude`, `hotel_id`) VALUES (4, 96, 67, 4);
INSERT INTO `location` (`id`, `latitude`, `longitude`, `hotel_id`) VALUES (5, 55, 78, 5);
INSERT INTO `location` (`id`, `latitude`, `longitude`, `hotel_id`) VALUES (6, 13, 89, 6);
INSERT INTO `location` (`id`, `latitude`, `longitude`, `hotel_id`) VALUES (7, 85, 64, 7);
INSERT INTO `location` (`id`, `latitude`, `longitude`, `hotel_id`) VALUES (8, 41, 59, 8);
INSERT INTO `location` (`id`, `latitude`, `longitude`, `hotel_id`) VALUES (9, 30, 41, 9);
INSERT INTO `location` (`id`, `latitude`, `longitude`, `hotel_id`) VALUES (10, 91, 62, 10);
INSERT INTO `location` (`id`, `latitude`, `longitude`, `hotel_id`) VALUES (11, 81, 64, 11);
INSERT INTO `location` (`id`, `latitude`, `longitude`, `hotel_id`) VALUES (12, 61, 59, 12);
INSERT INTO `location` (`id`, `latitude`, `longitude`, `hotel_id`) VALUES (13, 95, 43, 13);
INSERT INTO `location` (`id`, `latitude`, `longitude`, `hotel_id`) VALUES (14, 25, 40, 14);
INSERT INTO `location` (`id`, `latitude`, `longitude`, `hotel_id`) VALUES (15, 74, 33, 15);
INSERT INTO `location` (`id`, `latitude`, `longitude`, `hotel_id`) VALUES (16, 94, 37, 16);
INSERT INTO `location` (`id`, `latitude`, `longitude`, `hotel_id`) VALUES (17, 83, 89, 17);
INSERT INTO `location` (`id`, `latitude`, `longitude`, `hotel_id`) VALUES (18, 12, 76, 18);
INSERT INTO `location` (`id`, `latitude`, `longitude`, `hotel_id`) VALUES (19, 79, 11, 19);
INSERT INTO `location` (`id`, `latitude`, `longitude`, `hotel_id`) VALUES (20, 12, 98, 20);



INSERT INTO `hotel_room` (id_key, `hotel_id`, `room_type_id`, `price`, `floor`, `number`, `check_In`, `check_out`) VALUES (1, 11, 2, '73', 18, 436, '2021-05-26', '2021-05-27');
INSERT INTO `hotel_room` (id_key, `hotel_id`, `room_type_id`, `price`, `floor`, `number`, `check_In`, `check_out`) VALUES (2, 16, 1, '20795', 20, 523, '2021-05-26', '2021-05-27');
INSERT INTO `hotel_room` (id_key, `hotel_id`, `room_type_id`, `price`, `floor`, `number`, `check_In`, `check_out`) VALUES (3, 2, 1, '1341750', 32, 259, '2021-05-26', '2021-05-27');
INSERT INTO `hotel_room` (id_key, `hotel_id`, `room_type_id`, `price`, `floor`, `number`, `check_In`, `check_out`) VALUES (4, 20, 2, '21', 44, 1, '2021-05-26', '2021-05-27');
INSERT INTO `hotel_room` (id_key, `hotel_id`, `room_type_id`, `price`, `floor`, `number`, `check_In`, `check_out`) VALUES (5, 2, 3, '1100940', 16, 392, '2021-05-26', '2021-05-27');
INSERT INTO `hotel_room` (id_key, `hotel_id`, `room_type_id`, `price`, `floor`, `number`, `check_In`, `check_out`) VALUES (6, 14, 1, '158533000', 42, 429, '2021-05-26', '2021-05-27');
INSERT INTO `hotel_room` (id_key, `hotel_id`, `room_type_id`, `price`, `floor`, `number`, `check_In`, `check_out`) VALUES (7, 12, 1, '156', 16, 283, '2021-05-26', '2021-05-27');
INSERT INTO `hotel_room` (id_key, `hotel_id`, `room_type_id`, `price`, `floor`, `number`, `check_In`, `check_out`) VALUES (8, 20, 3, '3508', 37, 62, '2021-05-26', '2021-05-27');
INSERT INTO `hotel_room` (id_key, `hotel_id`, `room_type_id`, `price`, `floor`, `number`, `check_In`, `check_out`) VALUES (9, 3, 2, '146194', 30, 339, '2021-05-26', '2021-05-27');
INSERT INTO `hotel_room` (id_key, `hotel_id`, `room_type_id`, `price`, `floor`, `number`, `check_In`, `check_out`) VALUES (10, 16, 2, '7654', 27, 286, '2021-05-26', '2021-05-27');
INSERT INTO `hotel_room` (id_key, `hotel_id`, `room_type_id`, `price`, `floor`, `number`, `check_In`, `check_out`) VALUES (11, 16, 2, '101394000', 22, 15, '2021-05-26', '2021-05-27');
INSERT INTO `hotel_room` (id_key, `hotel_id`, `room_type_id`, `price`, `floor`, `number`, `check_In`, `check_out`) VALUES (12, 8, 3, '2894', 19, 464, '2021-05-26', '2021-05-27');
INSERT INTO `hotel_room` (id_key, `hotel_id`, `room_type_id`, `price`, `floor`, `number`, `check_In`, `check_out`) VALUES (13, 17, 3, '229215000', 26, 16, '2021-05-26', '2021-05-27');
INSERT INTO `hotel_room` (id_key, `hotel_id`, `room_type_id`, `price`, `floor`, `number`, `check_In`, `check_out`) VALUES (14, 11, 1, '578010', 47, 7, '2021-05-26', '2021-05-27');
INSERT INTO `hotel_room` (id_key, `hotel_id`, `room_type_id`, `price`, `floor`, `number`, `check_In`, `check_out`) VALUES (15, 4, 3, '97', 7, 23, '2021-05-26', '2021-05-27');
INSERT INTO `hotel_room` (id_key, `hotel_id`, `room_type_id`, `price`, `floor`, `number`, `check_In`, `check_out`) VALUES (16, 13, 1, '10407100', 12, 164, '2021-05-26', '2021-05-27');
INSERT INTO `hotel_room` (id_key, `hotel_id`, `room_type_id`, `price`, `floor`, `number`, `check_In`, `check_out`) VALUES (17, 1, 2, '3993', 26, 327, '2021-05-26', '2021-05-27');
INSERT INTO `hotel_room` (id_key, `hotel_id`, `room_type_id`, `price`, `floor`, `number`, `check_In`, `check_out`) VALUES (18, 14, 2, '2593200', 32, 287, '2021-05-26', '2021-05-27');
INSERT INTO `hotel_room` (id_key, `hotel_id`, `room_type_id`, `price`, `floor`, `number`, `check_In`, `check_out`) VALUES (19, 10, 2, '1231', 46, 447, '2021-05-26', '2021-05-27');
INSERT INTO `hotel_room` (id_key, `hotel_id`, `room_type_id`, `price`, `floor`, `number`, `check_In`, `check_out`) VALUES (20, 2, 3, '2460840', 43, 21, '2021-05-26', '2021-05-27');
INSERT INTO `hotel_room` (id_key, `hotel_id`, `room_type_id`, `price`, `floor`, `number`, `check_In`, `check_out`) VALUES (21, 12, 1, '30', 24, 51, '2021-05-26', '2021-05-27');
INSERT INTO `hotel_room` (id_key, `hotel_id`, `room_type_id`, `price`, `floor`, `number`, `check_In`, `check_out`) VALUES (22, 13, 3, '28', 3, 366, '2021-05-26', '2021-05-27');
INSERT INTO `hotel_room` (id_key, `hotel_id`, `room_type_id`, `price`, `floor`, `number`, `check_In`, `check_out`) VALUES (23, 13, 1, '105', 39, 236, '2021-05-26', '2021-05-27');
INSERT INTO `hotel_room` (id_key, `hotel_id`, `room_type_id`, `price`, `floor`, `number`, `check_In`, `check_out`) VALUES (24, 18, 2, '51902400', 17, 492, '2021-05-26', '2021-05-27');
INSERT INTO `hotel_room` (id_key, `hotel_id`, `room_type_id`, `price`, `floor`, `number`, `check_In`, `check_out`) VALUES (25, 8, 2, '651493000', 21, 451, '2021-05-26', '2021-05-27');
INSERT INTO `hotel_room` (id_key, `hotel_id`, `room_type_id`, `price`, `floor`, `number`, `check_In`, `check_out`) VALUES (26, 4, 2, '664923', 41, 352, '2021-05-26', '2021-05-27');
INSERT INTO `hotel_room` (id_key, `hotel_id`, `room_type_id`, `price`, `floor`, `number`, `check_In`, `check_out`) VALUES (27, 9, 1, '79851300', 32, 183, '2021-05-26', '2021-05-27');
INSERT INTO `hotel_room` (id_key, `hotel_id`, `room_type_id`, `price`, `floor`, `number`, `check_In`, `check_out`) VALUES (28, 10, 3, '230', 17, 71, '2021-05-26', '2021-05-27');
INSERT INTO `hotel_room` (id_key, `hotel_id`, `room_type_id`, `price`, `floor`, `number`, `check_In`, `check_out`) VALUES (29, 4, 2, '3892420', 26, 49, '2021-05-26', '2021-05-27');
INSERT INTO `hotel_room` (id_key, `hotel_id`, `room_type_id`, `price`, `floor`, `number`, `check_In`, `check_out`) VALUES (30, 4, 2, '9759620', 29, 66, '2021-05-26', '2021-05-27');
INSERT INTO `hotel_room` (id_key, `hotel_id`, `room_type_id`, `price`, `floor`, `number`, `check_In`, `check_out`) VALUES (31, 1, 2, '4501440', 45, 334, '2021-05-26', '2021-05-27');
INSERT INTO `hotel_room` (id_key, `hotel_id`, `room_type_id`, `price`, `floor`, `number`, `check_In`, `check_out`) VALUES (32, 6, 1, '171846', 17, 535, '2021-05-26', '2021-05-27');
INSERT INTO `hotel_room` (id_key, `hotel_id`, `room_type_id`, `price`, `floor`, `number`, `check_In`, `check_out`) VALUES (33, 4, 3, '87', 42, 301, '2021-05-26', '2021-05-27');
INSERT INTO `hotel_room` (id_key, `hotel_id`, `room_type_id`, `price`, `floor`, `number`, `check_In`, `check_out`) VALUES (34, 15, 2, '52769', 29, 459, '2021-05-26', '2021-05-27');
INSERT INTO `hotel_room` (id_key, `hotel_id`, `room_type_id`, `price`, `floor`, `number`, `check_In`, `check_out`) VALUES (35, 11, 3, '18', 37, 3, '2021-05-26', '2021-05-27');
INSERT INTO `hotel_room` (id_key, `hotel_id`, `room_type_id`, `price`, `floor`, `number`, `check_In`, `check_out`) VALUES (36, 7, 1, '8844860', 10, 103, '2021-05-26', '2021-05-27');
INSERT INTO `hotel_room` (id_key, `hotel_id`, `room_type_id`, `price`, `floor`, `number`, `check_In`, `check_out`) VALUES (37, 18, 1, '78', 31, 422, '2021-05-26', '2021-05-27');
INSERT INTO `hotel_room` (id_key, `hotel_id`, `room_type_id`, `price`, `floor`, `number`, `check_In`, `check_out`) VALUES (38, 5, 2, '76', 42, 280, '2021-05-26', '2021-05-27');
INSERT INTO `hotel_room` (id_key, `hotel_id`, `room_type_id`, `price`, `floor`, `number`, `check_In`, `check_out`) VALUES (39, 2, 1, '50', 8, 7, '2021-05-26', '2021-05-27');
INSERT INTO `hotel_room` (id_key, `hotel_id`, `room_type_id`, `price`, `floor`, `number`, `check_In`, `check_out`) VALUES (40, 12, 3, '1090', 14, 301, '2021-05-26', '2021-05-27');

INSERT INTO `hotel_room` (id_key, `hotel_id`, `room_type_id`, `price`, `floor`, `number`, `check_In`, `check_out`) VALUES (2, 9, 2, '90', 43, 121, '2021-05-27', '2021-05-28');
INSERT INTO `hotel_room` (id_key, `hotel_id`, `room_type_id`, `price`, `floor`, `number`, `check_In`, `check_out`) VALUES (3, 4, 1, '752', 9, 475, '2021-05-27', '2021-05-28');
INSERT INTO `hotel_room` (id_key, `hotel_id`, `room_type_id`, `price`, `floor`, `number`, `check_In`, `check_out`) VALUES (4, 16, 2, '632269', 44, 86, '2021-05-27', '2021-05-28');
INSERT INTO `hotel_room` (id_key, `hotel_id`, `room_type_id`, `price`, `floor`, `number`, `check_In`, `check_out`) VALUES (5, 8, 2, '44', 4, 407, '2021-05-27', '2021-05-28');
INSERT INTO `hotel_room` (id_key, `hotel_id`, `room_type_id`, `price`, `floor`, `number`, `check_In`, `check_out`) VALUES (6, 14, 1, '4440720', 36, 234, '2021-05-27', '2021-05-28');
INSERT INTO `hotel_room` (id_key, `hotel_id`, `room_type_id`, `price`, `floor`, `number`, `check_In`, `check_out`) VALUES (7, 7, 2, '93', 42, 395, '2021-05-27', '2021-05-28');
INSERT INTO `hotel_room` (id_key, `hotel_id`, `room_type_id`, `price`, `floor`, `number`, `check_In`, `check_out`) VALUES (8, 8, 2, '4958840', 36, 463, '2021-05-27', '2021-05-28');
INSERT INTO `hotel_room` (id_key, `hotel_id`, `room_type_id`, `price`, `floor`, `number`, `check_In`, `check_out`) VALUES (9, 15, 2, '1351', 27, 285, '2021-05-27', '2021-05-28');
INSERT INTO `hotel_room` (id_key, `hotel_id`, `room_type_id`, `price`, `floor`, `number`, `check_In`, `check_out`) VALUES (10, 12, 1, '64', 21, 405, '2021-05-27', '2021-05-28');
INSERT INTO `hotel_room` (id_key, `hotel_id`, `room_type_id`, `price`, `floor`, `number`, `check_In`, `check_out`) VALUES (11, 6, 1, '5156', 17, 303, '2021-05-27', '2021-05-28');
INSERT INTO `hotel_room` (id_key, `hotel_id`, `room_type_id`, `price`, `floor`, `number`, `check_In`, `check_out`) VALUES (12, 18, 1, '2660680', 47, 85, '2021-05-27', '2021-05-28');
INSERT INTO `hotel_room` (id_key, `hotel_id`, `room_type_id`, `price`, `floor`, `number`, `check_In`, `check_out`) VALUES (13, 6, 3, '104', 9, 58, '2021-05-27', '2021-05-28');
INSERT INTO `hotel_room` (id_key, `hotel_id`, `room_type_id`, `price`, `floor`, `number`, `check_In`, `check_out`) VALUES (14, 2, 1, '77', 14, 135, '2021-05-27', '2021-05-28');
INSERT INTO `hotel_room` (id_key, `hotel_id`, `room_type_id`, `price`, `floor`, `number`, `check_In`, `check_out`) VALUES (15, 17, 3, '43', 24, 270, '2021-05-27', '2021-05-28');
INSERT INTO `hotel_room` (id_key, `hotel_id`, `room_type_id`, `price`, `floor`, `number`, `check_In`, `check_out`) VALUES (16, 8, 1, '76', 8, 381, '2021-05-27', '2021-05-28');
INSERT INTO `hotel_room` (id_key, `hotel_id`, `room_type_id`, `price`, `floor`, `number`, `check_In`, `check_out`) VALUES (17, 3, 1, '322775', 31, 402, '2021-05-27', '2021-05-28');
INSERT INTO `hotel_room` (id_key, `hotel_id`, `room_type_id`, `price`, `floor`, `number`, `check_In`, `check_out`) VALUES (18, 6, 1, '46', 5, 138, '2021-05-27', '2021-05-28');
INSERT INTO `hotel_room` (id_key, `hotel_id`, `room_type_id`, `price`, `floor`, `number`, `check_In`, `check_out`) VALUES (19, 15, 1, '1208', 42, 503, '2021-05-27', '2021-05-28');
INSERT INTO `hotel_room` (id_key, `hotel_id`, `room_type_id`, `price`, `floor`, `number`, `check_In`, `check_out`) VALUES (20, 2, 2, '65318800', 24, 95, '2021-05-27', '2021-05-28');
INSERT INTO `hotel_room` (id_key, `hotel_id`, `room_type_id`, `price`, `floor`, `number`, `check_In`, `check_out`) VALUES (21, 18, 1, '94', 28, 126, '2021-05-27', '2021-05-28');
INSERT INTO `hotel_room` (id_key, `hotel_id`, `room_type_id`, `price`, `floor`, `number`, `check_In`, `check_out`) VALUES (22, 7, 1, '393', 31, 250, '2021-05-27', '2021-05-28');
INSERT INTO `hotel_room` (id_key, `hotel_id`, `room_type_id`, `price`, `floor`, `number`, `check_In`, `check_out`) VALUES (23, 19, 2, '352087000', 47, 468, '2021-05-27', '2021-05-28');
INSERT INTO `hotel_room` (id_key, `hotel_id`, `room_type_id`, `price`, `floor`, `number`, `check_In`, `check_out`) VALUES (24, 18, 2, '37', 14, 325, '2021-05-27', '2021-05-28');
INSERT INTO `hotel_room` (id_key, `hotel_id`, `room_type_id`, `price`, `floor`, `number`, `check_In`, `check_out`) VALUES (25, 2, 1, '401104', 44, 130, '2021-05-27', '2021-05-28');
INSERT INTO `hotel_room` (id_key, `hotel_id`, `room_type_id`, `price`, `floor`, `number`, `check_In`, `check_out`) VALUES (26, 18, 3, '275024000', 48, 375, '2021-05-27', '2021-05-28');
INSERT INTO `hotel_room` (id_key, `hotel_id`, `room_type_id`, `price`, `floor`, `number`, `check_In`, `check_out`) VALUES (27, 10, 1, '805902', 16, 207, '2021-05-27', '2021-05-28');
INSERT INTO `hotel_room` (id_key, `hotel_id`, `room_type_id`, `price`, `floor`, `number`, `check_In`, `check_out`) VALUES (28, 4, 1, '272858', 3, 338, '2021-05-27', '2021-05-28');
INSERT INTO `hotel_room` (id_key, `hotel_id`, `room_type_id`, `price`, `floor`, `number`, `check_In`, `check_out`) VALUES (29, 20, 1, '39', 30, 236, '2021-05-27', '2021-05-28');
INSERT INTO `hotel_room` (id_key, `hotel_id`, `room_type_id`, `price`, `floor`, `number`, `check_In`, `check_out`) VALUES (30, 15, 1, '1509110', 23, 468, '2021-05-27', '2021-05-28');
INSERT INTO `hotel_room` (id_key, `hotel_id`, `room_type_id`, `price`, `floor`, `number`, `check_In`, `check_out`) VALUES (31, 9, 1, '17874', 9, 164, '2021-05-27', '2021-05-28');
INSERT INTO `hotel_room` (id_key, `hotel_id`, `room_type_id`, `price`, `floor`, `number`, `check_In`, `check_out`) VALUES (32, 2, 1, '400079000', 25, 443, '2021-05-27', '2021-05-28');
INSERT INTO `hotel_room` (id_key, `hotel_id`, `room_type_id`, `price`, `floor`, `number`, `check_In`, `check_out`) VALUES (33, 18, 2, '54006', 35, 32, '2021-05-27', '2021-05-28');
INSERT INTO `hotel_room` (id_key, `hotel_id`, `room_type_id`, `price`, `floor`, `number`, `check_In`, `check_out`) VALUES (34, 14, 3, '13995900', 24, 143, '2021-05-27', '2021-05-28');
INSERT INTO `hotel_room` (id_key, `hotel_id`, `room_type_id`, `price`, `floor`, `number`, `check_In`, `check_out`) VALUES (35, 3, 1, '36', 43, 392, '2021-05-27', '2021-05-28');
INSERT INTO `hotel_room` (id_key, `hotel_id`, `room_type_id`, `price`, `floor`, `number`, `check_In`, `check_out`) VALUES (36, 9, 1, '169011000', 7, 262, '2021-05-27', '2021-05-28');
INSERT INTO `hotel_room` (id_key, `hotel_id`, `room_type_id`, `price`, `floor`, `number`, `check_In`, `check_out`) VALUES (37, 17, 3, '78', 9, 464, '2021-05-27', '2021-05-28');
INSERT INTO `hotel_room` (id_key, `hotel_id`, `room_type_id`, `price`, `floor`, `number`, `check_In`, `check_out`) VALUES (38, 1, 1, '194', 43, 34, '2021-05-27', '2021-05-28');
INSERT INTO `hotel_room` (id_key, `hotel_id`, `room_type_id`, `price`, `floor`, `number`, `check_In`, `check_out`) VALUES (39, 7, 2, '40618100', 38, 133, '2021-05-27', '2021-05-28');
INSERT INTO `hotel_room` (id_key, `hotel_id`, `room_type_id`, `price`, `floor`, `number`, `check_In`, `check_out`) VALUES (40, 1, 1, '7593270', 3, 442, '2021-05-27', '2021-05-28');
INSERT INTO `hotel_room` (id_key, `hotel_id`, `room_type_id`, `price`, `floor`, `number`, `check_In`, `check_out`) VALUES (41, 18, 3, '406158', 7, 14, '2021-05-26', '2021-05-28');
INSERT INTO `hotel_room` (id_key, `hotel_id`, `room_type_id`, `price`, `floor`, `number`, `check_In`, `check_out`) VALUES (42, 13, 2, '88179', 43, 178, '2021-05-26', '2021-05-28');
INSERT INTO `hotel_room` (id_key, `hotel_id`, `room_type_id`, `price`, `floor`, `number`, `check_In`, `check_out`) VALUES (43, 3, 3, '5188620', 28, 246, '2021-05-26', '2021-05-28');
INSERT INTO `hotel_room` (id_key, `hotel_id`, `room_type_id`, `price`, `floor`, `number`, `check_In`, `check_out`) VALUES (44, 7, 3, '149', 1, 165, '2021-05-26', '2021-05-28');
INSERT INTO `hotel_room` (id_key, `hotel_id`, `room_type_id`, `price`, `floor`, `number`, `check_In`, `check_out`) VALUES (45, 3, 1, '66', 33, 111, '2021-05-26', '2021-05-28');
INSERT INTO `hotel_room` (id_key, `hotel_id`, `room_type_id`, `price`, `floor`, `number`, `check_In`, `check_out`) VALUES (46, 14, 1, '477', 2, 533, '2021-05-26', '2021-05-28');
INSERT INTO `hotel_room` (id_key, `hotel_id`, `room_type_id`, `price`, `floor`, `number`, `check_In`, `check_out`) VALUES (47, 7, 3, '92', 46, 198, '2021-05-26', '2021-05-28');
INSERT INTO `hotel_room` (id_key, `hotel_id`, `room_type_id`, `price`, `floor`, `number`, `check_In`, `check_out`) VALUES (48, 11, 2, '13921100', 40, 523, '2021-05-26', '2021-05-28');
INSERT INTO `hotel_room` (id_key, `hotel_id`, `room_type_id`, `price`, `floor`, `number`, `check_In`, `check_out`) VALUES (49, 3, 1, '4152', 19, 11, '2021-05-26', '2021-05-28');
INSERT INTO `hotel_room` (id_key, `hotel_id`, `room_type_id`, `price`, `floor`, `number`, `check_In`, `check_out`) VALUES (50, 4, 3, '17', 35, 290, '2021-05-26', '2021-05-28');
INSERT INTO `hotel_room` (id_key, `hotel_id`, `room_type_id`, `price`, `floor`, `number`, `check_In`, `check_out`) VALUES (1, 7, 2, '336', 27, 307, '2021-05-26', '2021-05-29');
INSERT INTO `hotel_room` (id_key, `hotel_id`, `room_type_id`, `price`, `floor`, `number`, `check_In`, `check_out`) VALUES (2, 14, 2, '402', 2, 371, '2021-05-26', '2021-05-29');
INSERT INTO `hotel_room` (id_key, `hotel_id`, `room_type_id`, `price`, `floor`, `number`, `check_In`, `check_out`) VALUES (3, 19, 2, '157922000', 6, 370, '2021-05-26', '2021-05-29');
INSERT INTO `hotel_room` (id_key, `hotel_id`, `room_type_id`, `price`, `floor`, `number`, `check_In`, `check_out`) VALUES (4, 7, 3, '71443700', 2, 401, '2021-05-26', '2021-05-29');
INSERT INTO `hotel_room` (id_key, `hotel_id`, `room_type_id`, `price`, `floor`, `number`, `check_In`, `check_out`) VALUES (5, 10, 1, '53', 6, 141, '2021-05-26', '2021-05-29');
INSERT INTO `hotel_room` (id_key, `hotel_id`, `room_type_id`, `price`, `floor`, `number`, `check_In`, `check_out`) VALUES (6, 1, 3, '8984', 7, 468, '2021-05-26', '2021-05-29');
INSERT INTO `hotel_room` (id_key, `hotel_id`, `room_type_id`, `price`, `floor`, `number`, `check_In`, `check_out`) VALUES (7, 13, 1, '231', 26, 325, '2021-05-26', '2021-05-29');
INSERT INTO `hotel_room` (id_key, `hotel_id`, `room_type_id`, `price`, `floor`, `number`, `check_In`, `check_out`) VALUES (8, 17, 2, '90', 10, 242, '2021-05-26', '2021-05-29');
INSERT INTO `hotel_room` (id_key, `hotel_id`, `room_type_id`, `price`, `floor`, `number`, `check_In`, `check_out`) VALUES (9, 8, 2, '947636', 49, 330, '2021-05-26', '2021-05-29');
INSERT INTO `hotel_room` (id_key, `hotel_id`, `room_type_id`, `price`, `floor`, `number`, `check_In`, `check_out`) VALUES (10, 2, 1, '4', 17, 278, '2021-05-26', '2021-05-29');
INSERT INTO `hotel_room` (id_key, `hotel_id`, `room_type_id`, `price`, `floor`, `number`, `check_In`, `check_out`) VALUES (11, 4, 3, '94', 9, 332, '2021-05-26', '2021-05-29');
INSERT INTO `hotel_room` (id_key, `hotel_id`, `room_type_id`, `price`, `floor`, `number`, `check_In`, `check_out`) VALUES (12, 2, 3, '46022', 5, 297, '2021-05-26', '2021-05-29');
INSERT INTO `hotel_room` (id_key, `hotel_id`, `room_type_id`, `price`, `floor`, `number`, `check_In`, `check_out`) VALUES (13, 1, 3, '36679', 13, 416, '2021-05-26', '2021-05-29');
INSERT INTO `hotel_room` (id_key, `hotel_id`, `room_type_id`, `price`, `floor`, `number`, `check_In`, `check_out`) VALUES (14, 10, 3, '20403700', 47, 456, '2021-05-26', '2021-05-29');
INSERT INTO `hotel_room` (id_key, `hotel_id`, `room_type_id`, `price`, `floor`, `number`, `check_In`, `check_out`) VALUES (15, 2, 1, '53', 23, 516, '2021-05-26', '2021-05-29');
INSERT INTO `hotel_room` (id_key, `hotel_id`, `room_type_id`, `price`, `floor`, `number`, `check_In`, `check_out`) VALUES (16, 15, 3, '697', 14, 532, '2021-05-26', '2021-05-29');
INSERT INTO `hotel_room` (id_key, `hotel_id`, `room_type_id`, `price`, `floor`, `number`, `check_In`, `check_out`) VALUES (17, 20, 1, '91', 37, 320, '2021-05-26', '2021-05-29');
INSERT INTO `hotel_room` (id_key, `hotel_id`, `room_type_id`, `price`, `floor`, `number`, `check_In`, `check_out`) VALUES (18, 1, 3, '55738600', 6, 523, '2021-05-26', '2021-05-29');
INSERT INTO `hotel_room` (id_key, `hotel_id`, `room_type_id`, `price`, `floor`, `number`, `check_In`, `check_out`) VALUES (19, 5, 2, '178296000', 36, 200, '2021-05-26', '2021-05-29');
INSERT INTO `hotel_room` (id_key, `hotel_id`, `room_type_id`, `price`, `floor`, `number`, `check_In`, `check_out`) VALUES (20, 8, 3, '340764000', 50, 510, '2021-05-26', '2021-05-29');
INSERT INTO `hotel_room` (id_key, `hotel_id`, `room_type_id`, `price`, `floor`, `number`, `check_In`, `check_out`) VALUES (1, 13, 2, '41394', 33, 318, '2021-05-27', '2021-05-29');
INSERT INTO `hotel_room` (id_key, `hotel_id`, `room_type_id`, `price`, `floor`, `number`, `check_In`, `check_out`) VALUES (2, 13, 2, '100', 19, 542, '2021-05-27', '2021-05-29');
INSERT INTO `hotel_room` (id_key, `hotel_id`, `room_type_id`, `price`, `floor`, `number`, `check_In`, `check_out`) VALUES (3, 14, 3, '41304', 42, 365, '2021-05-27', '2021-05-29');
INSERT INTO `hotel_room` (id_key, `hotel_id`, `room_type_id`, `price`, `floor`, `number`, `check_In`, `check_out`) VALUES (4, 4, 3, '96', 48, 32, '2021-05-27', '2021-05-29');
INSERT INTO `hotel_room` (id_key, `hotel_id`, `room_type_id`, `price`, `floor`, `number`, `check_In`, `check_out`) VALUES (5, 8, 2, '1103', 21, 308, '2021-05-27', '2021-05-29');
INSERT INTO `hotel_room` (id_key, `hotel_id`, `room_type_id`, `price`, `floor`, `number`, `check_In`, `check_out`) VALUES (1, 2, 3, '66', 34, 300, '2021-05-28', '2021-05-29');
INSERT INTO `hotel_room` (id_key, `hotel_id`, `room_type_id`, `price`, `floor`, `number`, `check_In`, `check_out`) VALUES (2, 13, 2, '90', 34, 277, '2021-05-28', '2021-05-29');
INSERT INTO `hotel_room` (id_key, `hotel_id`, `room_type_id`, `price`, `floor`, `number`, `check_In`, `check_out`) VALUES (3, 11, 3, '42', 30, 124, '2021-05-28', '2021-05-29');
INSERT INTO `hotel_room` (id_key, `hotel_id`, `room_type_id`, `price`, `floor`, `number`, `check_In`, `check_out`) VALUES (4, 6, 1, '50', 39, 192, '2021-05-28', '2021-05-29');
INSERT INTO `hotel_room` (id_key, `hotel_id`, `room_type_id`, `price`, `floor`, `number`, `check_In`, `check_out`) VALUES (5, 20, 1, '558', 13, 426, '2021-05-28', '2021-05-29');
INSERT INTO `hotel_room` (id_key, `hotel_id`, `room_type_id`, `price`, `floor`, `number`, `check_In`, `check_out`) VALUES (6, 5, 2, '272', 27, 129, '2021-05-28', '2021-05-29');
INSERT INTO `hotel_room` (id_key, `hotel_id`, `room_type_id`, `price`, `floor`, `number`, `check_In`, `check_out`) VALUES (7, 5, 2, '95855', 5, 190, '2021-05-28', '2021-05-29');


INSERT INTO `gest` (`id`, `name`, `sername`, `phone`, `password`, `created_at`, `updated_at`, `discount_booking_id`) VALUES (1, 'Araceli', 'Wehner', 0, 0, '2007-09-03', '2008-05-01', 2);
INSERT INTO `gest` (`id`, `name`, `sername`, `phone`, `password`, `created_at`, `updated_at`, `discount_booking_id`) VALUES (2, 'Cleveland', 'Mosciski', 25, 888, '2003-08-22', '1993-12-27', 3);
INSERT INTO `gest` (`id`, `name`, `sername`, `phone`, `password`, `created_at`, `updated_at`, `discount_booking_id`) VALUES (3, 'Rebecca', 'Effertz', 4294967295, 7, '1991-12-13', '2002-10-08', 2);
INSERT INTO `gest` (`id`, `name`, `sername`, `phone`, `password`, `created_at`, `updated_at`, `discount_booking_id`) VALUES (4, 'Darwin', 'Hills', 1, 0, '1980-08-22', '2017-04-05', 2);
INSERT INTO `gest` (`id`, `name`, `sername`, `phone`, `password`, `created_at`, `updated_at`, `discount_booking_id`) VALUES (5, 'Hiram', 'Berge', 928983303, 0, '2015-09-30', '1974-04-16', 1);
INSERT INTO `gest` (`id`, `name`, `sername`, `phone`, `password`, `created_at`, `updated_at`, `discount_booking_id`) VALUES (6, 'Guillermo', 'Leannon', 388, 0, '1999-01-28', '2016-04-03', 2);
INSERT INTO `gest` (`id`, `name`, `sername`, `phone`, `password`, `created_at`, `updated_at`, `discount_booking_id`) VALUES (7, 'Tania', 'Kirlin', 1, 8563, '1973-11-05', '2012-06-01', 3);
INSERT INTO `gest` (`id`, `name`, `sername`, `phone`, `password`, `created_at`, `updated_at`, `discount_booking_id`) VALUES (8, 'Maverick', 'Roob', 1, 20, '1994-12-29', '1975-05-29', 3);
INSERT INTO `gest` (`id`, `name`, `sername`, `phone`, `password`, `created_at`, `updated_at`, `discount_booking_id`) VALUES (9, 'Cristopher', 'McClure', 1, 2147483647, '1988-11-01', '1986-07-04', 1);
INSERT INTO `gest` (`id`, `name`, `sername`, `phone`, `password`, `created_at`, `updated_at`, `discount_booking_id`) VALUES (10, 'Cole', 'Vandervort', 91, 0, '2010-08-22', '1971-05-18', 2);
INSERT INTO `gest` (`id`, `name`, `sername`, `phone`, `password`, `created_at`, `updated_at`, `discount_booking_id`) VALUES (11, 'Izaiah', 'Rohan', 1, 94281, '2012-06-01', '2007-10-11', 3);
INSERT INTO `gest` (`id`, `name`, `sername`, `phone`, `password`, `created_at`, `updated_at`, `discount_booking_id`) VALUES (12, 'Oda', 'Tremblay', 0, 0, '1997-10-17', '2004-11-27', 2);
INSERT INTO `gest` (`id`, `name`, `sername`, `phone`, `password`, `created_at`, `updated_at`, `discount_booking_id`) VALUES (13, 'Thad', 'Mills', 261878, 2504, '1996-12-01', '1978-08-15', 2);
INSERT INTO `gest` (`id`, `name`, `sername`, `phone`, `password`, `created_at`, `updated_at`, `discount_booking_id`) VALUES (14, 'Elroy', 'Considine', 0, 87, '1996-07-31', '1984-04-11', 1);
INSERT INTO `gest` (`id`, `name`, `sername`, `phone`, `password`, `created_at`, `updated_at`, `discount_booking_id`) VALUES (15, 'Adrain', 'Zulauf', 0, 93296716, '2004-11-06', '2012-03-12', 3);
INSERT INTO `gest` (`id`, `name`, `sername`, `phone`, `password`, `created_at`, `updated_at`, `discount_booking_id`) VALUES (16, 'Wilhelmine', 'Koss', 931115, 25, '2013-03-02', '1989-10-12', 2);
INSERT INTO `gest` (`id`, `name`, `sername`, `phone`, `password`, `created_at`, `updated_at`, `discount_booking_id`) VALUES (17, 'Kennedy', 'Zulauf', 345959, 4, '1997-10-13', '2018-09-23', 1);
INSERT INTO `gest` (`id`, `name`, `sername`, `phone`, `password`, `created_at`, `updated_at`, `discount_booking_id`) VALUES (18, 'Pearline', 'Heaney', 1, 31, '1982-06-28', '2020-02-23', 2);
INSERT INTO `gest` (`id`, `name`, `sername`, `phone`, `password`, `created_at`, `updated_at`, `discount_booking_id`) VALUES (19, 'Mabelle', 'Parker', 0, 2147483647, '1975-11-12', '1991-05-09', 1);
INSERT INTO `gest` (`id`, `name`, `sername`, `phone`, `password`, `created_at`, `updated_at`, `discount_booking_id`) VALUES (20, 'Karlee', 'Quitzon', 431, 0, '2018-05-26', '1978-11-02', 1);
INSERT INTO `gest` (`id`, `name`, `sername`, `phone`, `password`, `created_at`, `updated_at`, `discount_booking_id`) VALUES (21, 'Jana', 'Senger', 639, 0, '1977-04-19', '1995-12-10', 1);
INSERT INTO `gest` (`id`, `name`, `sername`, `phone`, `password`, `created_at`, `updated_at`, `discount_booking_id`) VALUES (22, 'Sammie', 'Koch', 4294967295, 0, '2005-08-14', '1984-11-11', 3);
INSERT INTO `gest` (`id`, `name`, `sername`, `phone`, `password`, `created_at`, `updated_at`, `discount_booking_id`) VALUES (23, 'Xavier', 'Walter', 906, 8, '1976-11-15', '2021-05-25', 1);
INSERT INTO `gest` (`id`, `name`, `sername`, `phone`, `password`, `created_at`, `updated_at`, `discount_booking_id`) VALUES (24, 'Trycia', 'Toy', 74, 0, '1990-10-12', '1990-03-14', 1);
INSERT INTO `gest` (`id`, `name`, `sername`, `phone`, `password`, `created_at`, `updated_at`, `discount_booking_id`) VALUES (25, 'Jacey', 'Christiansen', 571649, 5, '2008-09-25', '2001-01-31', 3);
INSERT INTO `gest` (`id`, `name`, `sername`, `phone`, `password`, `created_at`, `updated_at`, `discount_booking_id`) VALUES (26, 'Donald', 'Schroeder', 11, 56619107, '1991-11-10', '1996-11-30', 2);
INSERT INTO `gest` (`id`, `name`, `sername`, `phone`, `password`, `created_at`, `updated_at`, `discount_booking_id`) VALUES (27, 'Dillon', 'Hessel', 1, 0, '2005-04-11', '2016-10-02', 1);
INSERT INTO `gest` (`id`, `name`, `sername`, `phone`, `password`, `created_at`, `updated_at`, `discount_booking_id`) VALUES (28, 'Antonette', 'Runolfsdottir', 64, 0, '2006-07-05', '2014-09-10', 1);
INSERT INTO `gest` (`id`, `name`, `sername`, `phone`, `password`, `created_at`, `updated_at`, `discount_booking_id`) VALUES (29, 'Fatima', 'Larson', 290, 0, '1995-04-07', '2000-10-13', 3);
INSERT INTO `gest` (`id`, `name`, `sername`, `phone`, `password`, `created_at`, `updated_at`, `discount_booking_id`) VALUES (30, 'Jewell', 'Carroll', 765925, 72866, '1981-12-27', '2001-08-23', 3);
INSERT INTO `gest` (`id`, `name`, `sername`, `phone`, `password`, `created_at`, `updated_at`, `discount_booking_id`) VALUES (31, 'Bette', 'Effertz', 241269, 4, '2012-02-11', '2021-05-20', 3);
INSERT INTO `gest` (`id`, `name`, `sername`, `phone`, `password`, `created_at`, `updated_at`, `discount_booking_id`) VALUES (32, 'Raphaelle', 'Wehner', 4236077840, 33138, '1989-12-21', '1997-02-26', 1);
INSERT INTO `gest` (`id`, `name`, `sername`, `phone`, `password`, `created_at`, `updated_at`, `discount_booking_id`) VALUES (33, 'King', 'Mohr', 322, 883, '2012-05-29', '1984-12-15', 2);
INSERT INTO `gest` (`id`, `name`, `sername`, `phone`, `password`, `created_at`, `updated_at`, `discount_booking_id`) VALUES (34, 'Rey', 'Kautzer', 1, 0, '2006-07-06', '2015-03-04', 3);
INSERT INTO `gest` (`id`, `name`, `sername`, `phone`, `password`, `created_at`, `updated_at`, `discount_booking_id`) VALUES (35, 'Edd', 'Nader', 702423, 92, '2014-01-31', '1993-02-12', 1);
INSERT INTO `gest` (`id`, `name`, `sername`, `phone`, `password`, `created_at`, `updated_at`, `discount_booking_id`) VALUES (36, 'Ruthie', 'Reichel', 1, 0, '2015-10-12', '1988-04-01', 1);
INSERT INTO `gest` (`id`, `name`, `sername`, `phone`, `password`, `created_at`, `updated_at`, `discount_booking_id`) VALUES (37, 'Charity', 'Effertz', 0, 0, '1990-09-29', '2004-12-29', 1);
INSERT INTO `gest` (`id`, `name`, `sername`, `phone`, `password`, `created_at`, `updated_at`, `discount_booking_id`) VALUES (38, 'Keegan', 'Hagenes', 1, 4, '1989-11-03', '1988-08-15', 3);
INSERT INTO `gest` (`id`, `name`, `sername`, `phone`, `password`, `created_at`, `updated_at`, `discount_booking_id`) VALUES (39, 'Monroe', 'Pouros', 1, 0, '1997-03-03', '1975-08-09', 2);
INSERT INTO `gest` (`id`, `name`, `sername`, `phone`, `password`, `created_at`, `updated_at`, `discount_booking_id`) VALUES (40, 'Ashleigh', 'Volkman', 473194, 734, '1988-01-24', '1980-03-01', 3);
INSERT INTO `gest` (`id`, `name`, `sername`, `phone`, `password`, `created_at`, `updated_at`, `discount_booking_id`) VALUES (41, 'Robyn', 'Klein', 1, 5, '2003-07-02', '2015-03-26', 1);
INSERT INTO `gest` (`id`, `name`, `sername`, `phone`, `password`, `created_at`, `updated_at`, `discount_booking_id`) VALUES (42, 'Jake', 'Reinger', 1, 0, '2014-03-17', '1976-06-28', 2);
INSERT INTO `gest` (`id`, `name`, `sername`, `phone`, `password`, `created_at`, `updated_at`, `discount_booking_id`) VALUES (43, 'Vallie', 'Grant', 1, 0, '2013-09-28', '1976-09-30', 2);
INSERT INTO `gest` (`id`, `name`, `sername`, `phone`, `password`, `created_at`, `updated_at`, `discount_booking_id`) VALUES (44, 'Marcella', 'Ondricka', 7, 0, '2016-11-25', '2014-04-03', 2);
INSERT INTO `gest` (`id`, `name`, `sername`, `phone`, `password`, `created_at`, `updated_at`, `discount_booking_id`) VALUES (45, 'Weldon', 'Heidenreich', 0, 0, '1991-03-10', '2007-04-13', 1);
INSERT INTO `gest` (`id`, `name`, `sername`, `phone`, `password`, `created_at`, `updated_at`, `discount_booking_id`) VALUES (46, 'Agustina', 'Kiehn', 3615224476, 0, '1978-04-09', '1990-07-14', 3);
INSERT INTO `gest` (`id`, `name`, `sername`, `phone`, `password`, `created_at`, `updated_at`, `discount_booking_id`) VALUES (47, 'Connor', 'Kling', 981361, 3605, '1971-04-12', '1982-03-16', 2);
INSERT INTO `gest` (`id`, `name`, `sername`, `phone`, `password`, `created_at`, `updated_at`, `discount_booking_id`) VALUES (48, 'Riley', 'McKenzie', 0, 0, '2014-12-01', '1998-12-17', 3);
INSERT INTO `gest` (`id`, `name`, `sername`, `phone`, `password`, `created_at`, `updated_at`, `discount_booking_id`) VALUES (49, 'Shawna', 'Berge', 4294967295, 0, '2001-01-01', '2013-08-01', 3);
INSERT INTO `gest` (`id`, `name`, `sername`, `phone`, `password`, `created_at`, `updated_at`, `discount_booking_id`) VALUES (50, 'Aurelie', 'Hauck', 354, 2147483647, '1988-03-29', '1986-03-25', 2);
INSERT INTO `gest` (`id`, `name`, `sername`, `phone`, `password`, `created_at`, `updated_at`, `discount_booking_id`) VALUES (51, 'Estella', 'West', 4294967295, 7287, '1994-11-30', '2018-10-03', 2);
INSERT INTO `gest` (`id`, `name`, `sername`, `phone`, `password`, `created_at`, `updated_at`, `discount_booking_id`) VALUES (52, 'Margarita', 'Balistreri', 7, 6, '2015-12-03', '2012-10-06', 2);
INSERT INTO `gest` (`id`, `name`, `sername`, `phone`, `password`, `created_at`, `updated_at`, `discount_booking_id`) VALUES (53, 'Gerda', 'Osinski', 4294967295, 0, '2018-07-27', '1988-10-12', 1);
INSERT INTO `gest` (`id`, `name`, `sername`, `phone`, `password`, `created_at`, `updated_at`, `discount_booking_id`) VALUES (54, 'Rusty', 'Donnelly', 985, 0, '2000-07-10', '2008-03-10', 1);
INSERT INTO `gest` (`id`, `name`, `sername`, `phone`, `password`, `created_at`, `updated_at`, `discount_booking_id`) VALUES (55, 'Arjun', 'Spencer', 1, 9, '2008-01-16', '1977-09-17', 2);
INSERT INTO `gest` (`id`, `name`, `sername`, `phone`, `password`, `created_at`, `updated_at`, `discount_booking_id`) VALUES (56, 'Jessy', 'Leannon', 0, 5, '1987-04-21', '2005-06-04', 3);
INSERT INTO `gest` (`id`, `name`, `sername`, `phone`, `password`, `created_at`, `updated_at`, `discount_booking_id`) VALUES (57, 'Enos', 'Feeney', 604127, 238, '2010-09-15', '2009-02-25', 3);
INSERT INTO `gest` (`id`, `name`, `sername`, `phone`, `password`, `created_at`, `updated_at`, `discount_booking_id`) VALUES (58, 'Zula', 'Von', 31096, 429, '2014-09-04', '1985-10-15', 3);
INSERT INTO `gest` (`id`, `name`, `sername`, `phone`, `password`, `created_at`, `updated_at`, `discount_booking_id`) VALUES (59, 'Clement', 'Senger', 287525, 48, '1991-07-12', '1987-05-08', 3);
INSERT INTO `gest` (`id`, `name`, `sername`, `phone`, `password`, `created_at`, `updated_at`, `discount_booking_id`) VALUES (60, 'Berniece', 'O\'Conner', 0, 0, '2015-05-24', '1989-08-06', 2);
INSERT INTO `gest` (`id`, `name`, `sername`, `phone`, `password`, `created_at`, `updated_at`, `discount_booking_id`) VALUES (61, 'Ethyl', 'DuBuque', 1, 19, '2020-11-23', '1994-10-22', 1);
INSERT INTO `gest` (`id`, `name`, `sername`, `phone`, `password`, `created_at`, `updated_at`, `discount_booking_id`) VALUES (62, 'Lori', 'O\'Conner', 327876, 0, '1990-04-30', '1974-12-19', 3);
INSERT INTO `gest` (`id`, `name`, `sername`, `phone`, `password`, `created_at`, `updated_at`, `discount_booking_id`) VALUES (63, 'Gina', 'Bradtke', 1, 9, '2008-06-24', '1983-02-12', 3);
INSERT INTO `gest` (`id`, `name`, `sername`, `phone`, `password`, `created_at`, `updated_at`, `discount_booking_id`) VALUES (64, 'Meaghan', 'Stanton', 201, 0, '1976-01-17', '1980-08-12', 3);
INSERT INTO `gest` (`id`, `name`, `sername`, `phone`, `password`, `created_at`, `updated_at`, `discount_booking_id`) VALUES (65, 'Cade', 'Hoeger', 4294967295, 1, '2019-08-23', '1974-12-19', 2);
INSERT INTO `gest` (`id`, `name`, `sername`, `phone`, `password`, `created_at`, `updated_at`, `discount_booking_id`) VALUES (66, 'Terence', 'Bogisich', 1, 0, '2008-12-21', '2019-12-10', 1);
INSERT INTO `gest` (`id`, `name`, `sername`, `phone`, `password`, `created_at`, `updated_at`, `discount_booking_id`) VALUES (67, 'Bart', 'Bahringer', 4294967295, 0, '1979-09-05', '2001-10-28', 2);
INSERT INTO `gest` (`id`, `name`, `sername`, `phone`, `password`, `created_at`, `updated_at`, `discount_booking_id`) VALUES (68, 'Dejuan', 'Becker', 1, 0, '2020-03-19', '2018-11-22', 1);
INSERT INTO `gest` (`id`, `name`, `sername`, `phone`, `password`, `created_at`, `updated_at`, `discount_booking_id`) VALUES (69, 'Quinton', 'Feeney', 566426, 6, '1974-08-23', '2007-01-13', 2);
INSERT INTO `gest` (`id`, `name`, `sername`, `phone`, `password`, `created_at`, `updated_at`, `discount_booking_id`) VALUES (70, 'Cordie', 'Cremin', 4294967295, 0, '1989-12-13', '2012-06-19', 2);
INSERT INTO `gest` (`id`, `name`, `sername`, `phone`, `password`, `created_at`, `updated_at`, `discount_booking_id`) VALUES (71, 'Salvatore', 'Kertzmann', 909, 0, '2001-11-01', '2018-01-24', 1);
INSERT INTO `gest` (`id`, `name`, `sername`, `phone`, `password`, `created_at`, `updated_at`, `discount_booking_id`) VALUES (72, 'Francesca', 'Fay', 65, 0, '2015-04-28', '2020-11-07', 3);
INSERT INTO `gest` (`id`, `name`, `sername`, `phone`, `password`, `created_at`, `updated_at`, `discount_booking_id`) VALUES (73, 'Nigel', 'Kshlerin', 1, 8, '1979-04-21', '2019-09-19', 2);
INSERT INTO `gest` (`id`, `name`, `sername`, `phone`, `password`, `created_at`, `updated_at`, `discount_booking_id`) VALUES (74, 'Doris', 'Wilderman', 1, 518, '1992-11-02', '1982-01-19', 2);
INSERT INTO `gest` (`id`, `name`, `sername`, `phone`, `password`, `created_at`, `updated_at`, `discount_booking_id`) VALUES (75, 'Bernie', 'Moore', 38, 85, '1996-10-27', '1983-07-01', 2);
INSERT INTO `gest` (`id`, `name`, `sername`, `phone`, `password`, `created_at`, `updated_at`, `discount_booking_id`) VALUES (76, 'Deondre', 'Langworth', 1, 8, '1997-12-24', '1990-06-27', 2);
INSERT INTO `gest` (`id`, `name`, `sername`, `phone`, `password`, `created_at`, `updated_at`, `discount_booking_id`) VALUES (77, 'Kelsie', 'Gibson', 1, 0, '1977-09-28', '1978-10-15', 2);
INSERT INTO `gest` (`id`, `name`, `sername`, `phone`, `password`, `created_at`, `updated_at`, `discount_booking_id`) VALUES (78, 'Muhammad', 'Hilpert', 1, 4, '2001-09-25', '1981-04-12', 2);
INSERT INTO `gest` (`id`, `name`, `sername`, `phone`, `password`, `created_at`, `updated_at`, `discount_booking_id`) VALUES (79, 'Oral', 'Balistreri', 949, 2, '1975-04-02', '2019-10-26', 1);
INSERT INTO `gest` (`id`, `name`, `sername`, `phone`, `password`, `created_at`, `updated_at`, `discount_booking_id`) VALUES (80, 'Eve', 'Wintheiser', 1, 7, '1973-11-09', '1995-11-29', 3);
INSERT INTO `gest` (`id`, `name`, `sername`, `phone`, `password`, `created_at`, `updated_at`, `discount_booking_id`) VALUES (81, 'Nick', 'Davis', 0, 0, '2013-12-30', '2014-05-13', 2);
INSERT INTO `gest` (`id`, `name`, `sername`, `phone`, `password`, `created_at`, `updated_at`, `discount_booking_id`) VALUES (82, 'Lizeth', 'Quigley', 154377, 2147483647, '1979-10-30', '2007-02-14', 3);
INSERT INTO `gest` (`id`, `name`, `sername`, `phone`, `password`, `created_at`, `updated_at`, `discount_booking_id`) VALUES (83, 'Hermann', 'Wiegand', 189371, 0, '1987-09-30', '2006-07-29', 1);
INSERT INTO `gest` (`id`, `name`, `sername`, `phone`, `password`, `created_at`, `updated_at`, `discount_booking_id`) VALUES (84, 'Chase', 'Pfannerstill', 56, 0, '1982-08-28', '1989-06-18', 2);
INSERT INTO `gest` (`id`, `name`, `sername`, `phone`, `password`, `created_at`, `updated_at`, `discount_booking_id`) VALUES (85, 'Miracle', 'Predovic', 4294967295, 82, '1992-01-12', '2014-10-19', 3);
INSERT INTO `gest` (`id`, `name`, `sername`, `phone`, `password`, `created_at`, `updated_at`, `discount_booking_id`) VALUES (86, 'Godfrey', 'Reichel', 802988, 8, '1977-05-01', '2020-03-20', 3);
INSERT INTO `gest` (`id`, `name`, `sername`, `phone`, `password`, `created_at`, `updated_at`, `discount_booking_id`) VALUES (87, 'Iliana', 'Wilkinson', 869, 3, '1988-10-13', '1996-02-25', 1);
INSERT INTO `gest` (`id`, `name`, `sername`, `phone`, `password`, `created_at`, `updated_at`, `discount_booking_id`) VALUES (88, 'Cielo', 'Roob', 718, 15, '1970-03-22', '2017-07-20', 1);
INSERT INTO `gest` (`id`, `name`, `sername`, `phone`, `password`, `created_at`, `updated_at`, `discount_booking_id`) VALUES (89, 'Amely', 'Klocko', 67, 58, '2005-03-02', '1999-05-20', 2);
INSERT INTO `gest` (`id`, `name`, `sername`, `phone`, `password`, `created_at`, `updated_at`, `discount_booking_id`) VALUES (90, 'Magnus', 'Kunze', 4294967295, 4131, '1991-08-18', '2003-12-30', 3);
INSERT INTO `gest` (`id`, `name`, `sername`, `phone`, `password`, `created_at`, `updated_at`, `discount_booking_id`) VALUES (91, 'Lauryn', 'Mitchell', 4294967295, 900000, '2019-01-31', '2009-09-08', 3);
INSERT INTO `gest` (`id`, `name`, `sername`, `phone`, `password`, `created_at`, `updated_at`, `discount_booking_id`) VALUES (92, 'Ron', 'Dare', 2087202184, 9, '1989-06-30', '1971-10-14', 1);
INSERT INTO `gest` (`id`, `name`, `sername`, `phone`, `password`, `created_at`, `updated_at`, `discount_booking_id`) VALUES (93, 'Ena', 'Emard', 1, 2, '1994-02-26', '1979-12-08', 2);
INSERT INTO `gest` (`id`, `name`, `sername`, `phone`, `password`, `created_at`, `updated_at`, `discount_booking_id`) VALUES (94, 'Aurore', 'Reilly', 0, 0, '2015-10-18', '2002-04-28', 1);
INSERT INTO `gest` (`id`, `name`, `sername`, `phone`, `password`, `created_at`, `updated_at`, `discount_booking_id`) VALUES (95, 'Claude', 'Johns', 0, 0, '1984-06-19', '1978-03-23', 3);
INSERT INTO `gest` (`id`, `name`, `sername`, `phone`, `password`, `created_at`, `updated_at`, `discount_booking_id`) VALUES (96, 'Otilia', 'Casper', 715632, 0, '2008-04-29', '1988-06-09', 1);
INSERT INTO `gest` (`id`, `name`, `sername`, `phone`, `password`, `created_at`, `updated_at`, `discount_booking_id`) VALUES (97, 'Dagmar', 'Vandervort', 0, 95, '2000-02-17', '2020-09-29', 2);
INSERT INTO `gest` (`id`, `name`, `sername`, `phone`, `password`, `created_at`, `updated_at`, `discount_booking_id`) VALUES (98, 'Corine', 'Kreiger', 4294967295, 352, '2001-08-25', '1997-03-03', 1);
INSERT INTO `gest` (`id`, `name`, `sername`, `phone`, `password`, `created_at`, `updated_at`, `discount_booking_id`) VALUES (99, 'Sim', 'Kihn', 0, 2147483647, '2010-12-19', '1999-08-08', 2);
INSERT INTO `gest` (`id`, `name`, `sername`, `phone`, `password`, `created_at`, `updated_at`, `discount_booking_id`) VALUES (100, 'Brandyn', 'Bosco', 1, 259, '1970-11-17', '1981-04-18', 2);


INSERT INTO `gest_payment` (`id`, `gest_id`, `provider`, `account_number`) VALUES (1, 1, 'Token', 459286);
INSERT INTO `gest_payment` (`id`, `gest_id`, `provider`, `account_number`) VALUES (2, 2, 'Visa', 720810);
INSERT INTO `gest_payment` (`id`, `gest_id`, `provider`, `account_number`) VALUES (3, 3, 'Webmoney', 387206);
INSERT INTO `gest_payment` (`id`, `gest_id`, `provider`, `account_number`) VALUES (4, 4, 'Visa', 401405);
INSERT INTO `gest_payment` (`id`, `gest_id`, `provider`, `account_number`) VALUES (5, 5, 'Webmoney', 240263);
INSERT INTO `gest_payment` (`id`, `gest_id`, `provider`, `account_number`) VALUES (6, 6, 'MasterCard', 550374);
INSERT INTO `gest_payment` (`id`, `gest_id`, `provider`, `account_number`) VALUES (7, 7, 'MasterCard', 242539);
INSERT INTO `gest_payment` (`id`, `gest_id`, `provider`, `account_number`) VALUES (8, 8, 'MasterCard', 594112);
INSERT INTO `gest_payment` (`id`, `gest_id`, `provider`, `account_number`) VALUES (9, 9, 'Webmoney', 622594);
INSERT INTO `gest_payment` (`id`, `gest_id`, `provider`, `account_number`) VALUES (10, 10, 'MasterCard', 116294);
INSERT INTO `gest_payment` (`id`, `gest_id`, `provider`, `account_number`) VALUES (11, 11, 'MasterCard', 933595);
INSERT INTO `gest_payment` (`id`, `gest_id`, `provider`, `account_number`) VALUES (12, 12, 'Visa', 868274);
INSERT INTO `gest_payment` (`id`, `gest_id`, `provider`, `account_number`) VALUES (13, 13, 'Webmoney', 992479);
INSERT INTO `gest_payment` (`id`, `gest_id`, `provider`, `account_number`) VALUES (14, 14, 'Visa', 441382);
INSERT INTO `gest_payment` (`id`, `gest_id`, `provider`, `account_number`) VALUES (15, 15, 'Visa', 671821);
INSERT INTO `gest_payment` (`id`, `gest_id`, `provider`, `account_number`) VALUES (16, 16, 'Webmoney', 896474);
INSERT INTO `gest_payment` (`id`, `gest_id`, `provider`, `account_number`) VALUES (17, 17, 'Visa', 288751);
INSERT INTO `gest_payment` (`id`, `gest_id`, `provider`, `account_number`) VALUES (18, 18, 'Webmoney', 830955);
INSERT INTO `gest_payment` (`id`, `gest_id`, `provider`, `account_number`) VALUES (19, 19, 'Visa', 949036);
INSERT INTO `gest_payment` (`id`, `gest_id`, `provider`, `account_number`) VALUES (20, 20, 'Token', 965014);
INSERT INTO `gest_payment` (`id`, `gest_id`, `provider`, `account_number`) VALUES (21, 21, 'Webmoney', 880010);
INSERT INTO `gest_payment` (`id`, `gest_id`, `provider`, `account_number`) VALUES (22, 22, 'MasterCard', 403976);
INSERT INTO `gest_payment` (`id`, `gest_id`, `provider`, `account_number`) VALUES (23, 23, 'Visa', 877204);
INSERT INTO `gest_payment` (`id`, `gest_id`, `provider`, `account_number`) VALUES (24, 24, 'MasterCard', 580268);
INSERT INTO `gest_payment` (`id`, `gest_id`, `provider`, `account_number`) VALUES (25, 25, 'Webmoney', 210575);
INSERT INTO `gest_payment` (`id`, `gest_id`, `provider`, `account_number`) VALUES (26, 26, 'Webmoney', 405952);
INSERT INTO `gest_payment` (`id`, `gest_id`, `provider`, `account_number`) VALUES (27, 27, 'Webmoney', 222122);
INSERT INTO `gest_payment` (`id`, `gest_id`, `provider`, `account_number`) VALUES (28, 28, 'Visa', 466754);
INSERT INTO `gest_payment` (`id`, `gest_id`, `provider`, `account_number`) VALUES (29, 29, 'Visa', 715216);
INSERT INTO `gest_payment` (`id`, `gest_id`, `provider`, `account_number`) VALUES (30, 30, 'MasterCard', 651958);
INSERT INTO `gest_payment` (`id`, `gest_id`, `provider`, `account_number`) VALUES (31, 31, 'Webmoney', 556366);
INSERT INTO `gest_payment` (`id`, `gest_id`, `provider`, `account_number`) VALUES (32, 32, 'Visa', 144593);
INSERT INTO `gest_payment` (`id`, `gest_id`, `provider`, `account_number`) VALUES (33, 33, 'Webmoney', 428431);
INSERT INTO `gest_payment` (`id`, `gest_id`, `provider`, `account_number`) VALUES (34, 34, 'MasterCard', 457410);
INSERT INTO `gest_payment` (`id`, `gest_id`, `provider`, `account_number`) VALUES (35, 35, 'Visa', 495867);
INSERT INTO `gest_payment` (`id`, `gest_id`, `provider`, `account_number`) VALUES (36, 36, 'Token', 436055);
INSERT INTO `gest_payment` (`id`, `gest_id`, `provider`, `account_number`) VALUES (37, 37, 'Webmoney', 233495);
INSERT INTO `gest_payment` (`id`, `gest_id`, `provider`, `account_number`) VALUES (38, 38, 'MasterCard', 561057);
INSERT INTO `gest_payment` (`id`, `gest_id`, `provider`, `account_number`) VALUES (39, 39, 'Visa', 950375);
INSERT INTO `gest_payment` (`id`, `gest_id`, `provider`, `account_number`) VALUES (40, 40, 'Webmoney', 174803);
INSERT INTO `gest_payment` (`id`, `gest_id`, `provider`, `account_number`) VALUES (41, 41, 'Webmoney', 675007);
INSERT INTO `gest_payment` (`id`, `gest_id`, `provider`, `account_number`) VALUES (42, 42, 'Visa', 534808);
INSERT INTO `gest_payment` (`id`, `gest_id`, `provider`, `account_number`) VALUES (43, 43, 'Visa', 201832);
INSERT INTO `gest_payment` (`id`, `gest_id`, `provider`, `account_number`) VALUES (44, 44, 'MasterCard', 115661);
INSERT INTO `gest_payment` (`id`, `gest_id`, `provider`, `account_number`) VALUES (45, 45, 'MasterCard', 845799);
INSERT INTO `gest_payment` (`id`, `gest_id`, `provider`, `account_number`) VALUES (46, 46, 'MasterCard', 649166);
INSERT INTO `gest_payment` (`id`, `gest_id`, `provider`, `account_number`) VALUES (47, 47, 'MasterCard', 554276);
INSERT INTO `gest_payment` (`id`, `gest_id`, `provider`, `account_number`) VALUES (48, 48, 'Visa', 520491);
INSERT INTO `gest_payment` (`id`, `gest_id`, `provider`, `account_number`) VALUES (49, 49, 'Visa', 821340);
INSERT INTO `gest_payment` (`id`, `gest_id`, `provider`, `account_number`) VALUES (50, 50, 'Webmoney', 411122);
INSERT INTO `gest_payment` (`id`, `gest_id`, `provider`, `account_number`) VALUES (51, 51, 'Webmoney', 995125);
INSERT INTO `gest_payment` (`id`, `gest_id`, `provider`, `account_number`) VALUES (52, 52, 'Webmoney', 318635);
INSERT INTO `gest_payment` (`id`, `gest_id`, `provider`, `account_number`) VALUES (53, 53, 'MasterCard', 475687);
INSERT INTO `gest_payment` (`id`, `gest_id`, `provider`, `account_number`) VALUES (54, 54, 'Visa', 861599);
INSERT INTO `gest_payment` (`id`, `gest_id`, `provider`, `account_number`) VALUES (55, 55, 'MasterCard', 621293);
INSERT INTO `gest_payment` (`id`, `gest_id`, `provider`, `account_number`) VALUES (56, 56, 'Token', 517804);
INSERT INTO `gest_payment` (`id`, `gest_id`, `provider`, `account_number`) VALUES (57, 57, 'MasterCard', 818979);
INSERT INTO `gest_payment` (`id`, `gest_id`, `provider`, `account_number`) VALUES (58, 58, 'Webmoney', 195379);
INSERT INTO `gest_payment` (`id`, `gest_id`, `provider`, `account_number`) VALUES (59, 59, 'Token', 152047);
INSERT INTO `gest_payment` (`id`, `gest_id`, `provider`, `account_number`) VALUES (60, 60, 'Visa', 686506);
INSERT INTO `gest_payment` (`id`, `gest_id`, `provider`, `account_number`) VALUES (61, 61, 'Webmoney', 575943);
INSERT INTO `gest_payment` (`id`, `gest_id`, `provider`, `account_number`) VALUES (62, 62, 'MasterCard', 182260);
INSERT INTO `gest_payment` (`id`, `gest_id`, `provider`, `account_number`) VALUES (63, 63, 'Token', 531522);
INSERT INTO `gest_payment` (`id`, `gest_id`, `provider`, `account_number`) VALUES (64, 64, 'Webmoney', 224793);
INSERT INTO `gest_payment` (`id`, `gest_id`, `provider`, `account_number`) VALUES (65, 65, 'Token', 117713);
INSERT INTO `gest_payment` (`id`, `gest_id`, `provider`, `account_number`) VALUES (66, 66, 'Webmoney', 846386);
INSERT INTO `gest_payment` (`id`, `gest_id`, `provider`, `account_number`) VALUES (67, 67, 'MasterCard', 286653);
INSERT INTO `gest_payment` (`id`, `gest_id`, `provider`, `account_number`) VALUES (68, 68, 'Webmoney', 133956);
INSERT INTO `gest_payment` (`id`, `gest_id`, `provider`, `account_number`) VALUES (69, 69, 'Token', 815903);
INSERT INTO `gest_payment` (`id`, `gest_id`, `provider`, `account_number`) VALUES (70, 70, 'MasterCard', 690527);
INSERT INTO `gest_payment` (`id`, `gest_id`, `provider`, `account_number`) VALUES (71, 71, 'Visa', 821012);
INSERT INTO `gest_payment` (`id`, `gest_id`, `provider`, `account_number`) VALUES (72, 72, 'Token', 138747);
INSERT INTO `gest_payment` (`id`, `gest_id`, `provider`, `account_number`) VALUES (73, 73, 'Token', 531391);
INSERT INTO `gest_payment` (`id`, `gest_id`, `provider`, `account_number`) VALUES (74, 74, 'Visa', 347878);
INSERT INTO `gest_payment` (`id`, `gest_id`, `provider`, `account_number`) VALUES (75, 75, 'Visa', 882175);
INSERT INTO `gest_payment` (`id`, `gest_id`, `provider`, `account_number`) VALUES (76, 76, 'Webmoney', 697397);
INSERT INTO `gest_payment` (`id`, `gest_id`, `provider`, `account_number`) VALUES (77, 77, 'Visa', 625633);
INSERT INTO `gest_payment` (`id`, `gest_id`, `provider`, `account_number`) VALUES (78, 78, 'MasterCard', 395126);
INSERT INTO `gest_payment` (`id`, `gest_id`, `provider`, `account_number`) VALUES (79, 79, 'Visa', 590941);
INSERT INTO `gest_payment` (`id`, `gest_id`, `provider`, `account_number`) VALUES (80, 80, 'MasterCard', 687713);
INSERT INTO `gest_payment` (`id`, `gest_id`, `provider`, `account_number`) VALUES (81, 81, 'Webmoney', 472405);
INSERT INTO `gest_payment` (`id`, `gest_id`, `provider`, `account_number`) VALUES (82, 82, 'Visa', 650476);
INSERT INTO `gest_payment` (`id`, `gest_id`, `provider`, `account_number`) VALUES (83, 83, 'MasterCard', 795244);
INSERT INTO `gest_payment` (`id`, `gest_id`, `provider`, `account_number`) VALUES (84, 84, 'Webmoney', 442840);
INSERT INTO `gest_payment` (`id`, `gest_id`, `provider`, `account_number`) VALUES (85, 85, 'Visa', 710894);
INSERT INTO `gest_payment` (`id`, `gest_id`, `provider`, `account_number`) VALUES (86, 86, 'MasterCard', 681823);
INSERT INTO `gest_payment` (`id`, `gest_id`, `provider`, `account_number`) VALUES (87, 87, 'Visa', 166296);
INSERT INTO `gest_payment` (`id`, `gest_id`, `provider`, `account_number`) VALUES (88, 88, 'MasterCard', 201655);
INSERT INTO `gest_payment` (`id`, `gest_id`, `provider`, `account_number`) VALUES (89, 89, 'Webmoney', 886110);
INSERT INTO `gest_payment` (`id`, `gest_id`, `provider`, `account_number`) VALUES (90, 90, 'Visa', 808411);
INSERT INTO `gest_payment` (`id`, `gest_id`, `provider`, `account_number`) VALUES (91, 91, 'Token', 159018);
INSERT INTO `gest_payment` (`id`, `gest_id`, `provider`, `account_number`) VALUES (92, 92, 'Token', 148318);
INSERT INTO `gest_payment` (`id`, `gest_id`, `provider`, `account_number`) VALUES (93, 93, 'MasterCard', 382609);
INSERT INTO `gest_payment` (`id`, `gest_id`, `provider`, `account_number`) VALUES (94, 94, 'MasterCard', 776311);
INSERT INTO `gest_payment` (`id`, `gest_id`, `provider`, `account_number`) VALUES (95, 95, 'Visa', 423873);
INSERT INTO `gest_payment` (`id`, `gest_id`, `provider`, `account_number`) VALUES (96, 96, 'MasterCard', 330429);
INSERT INTO `gest_payment` (`id`, `gest_id`, `provider`, `account_number`) VALUES (97, 97, 'Visa', 435756);
INSERT INTO `gest_payment` (`id`, `gest_id`, `provider`, `account_number`) VALUES (98, 98, 'Webmoney', 247180);
INSERT INTO `gest_payment` (`id`, `gest_id`, `provider`, `account_number`) VALUES (99, 99, 'Webmoney', 655854);
INSERT INTO `gest_payment` (`id`, `gest_id`, `provider`, `account_number`) VALUES (100, 100, 'Visa', 763536);

INSERT INTO booking_session (guest_id, date_in, date_out, total) VALUES (50, '2021-05-26', '2021-05-27', 73);
INSERT INTO booking_session (guest_id, date_in, date_out, total) VALUES (75, '2021-05-26', '2021-05-29', 7654);

INSERT INTO cart_item (booking_session_id, hotel_room_id, created, modified, status) VALUES (1, 1, '2021-05-26 10:55:22', '2021-05-26 10:59:22',0);
INSERT INTO cart_item (booking_session_id, hotel_room_id, created, modified, status) VALUES (2, 10, '2021-05-26 10:38:22', '2021-05-26 10:58:22',0);
INSERT INTO cart_item (booking_session_id, hotel_room_id, created, modified, status) VALUES (2, 20, '2021-05-26 10:48:22', '2021-05-26 10:59:22',0);
INSERT INTO cart_item (booking_session_id, hotel_room_id, created, modified, status) VALUES (1, 35, '2021-05-26 10:51:22', '2021-05-26 10:56:22',1);


INSERT INTO `order_detail` (`id`, `guest_id`, `date_in`, `date_out`, `total`) VALUES (1, 7, '2003-11-04', '1995-02-27', '1072');
INSERT INTO `order_detail` (`id`, `guest_id`, `date_in`, `date_out`, `total`) VALUES (2, 6, '1989-11-07', '1978-11-20', '4621');
INSERT INTO `order_detail` (`id`, `guest_id`, `date_in`, `date_out`, `total`) VALUES (3, 16, '2008-05-04', '2003-08-20', '1032');
INSERT INTO `order_detail` (`id`, `guest_id`, `date_in`, `date_out`, `total`) VALUES (4, 14, '1991-04-06', '1997-08-22', '4867');
INSERT INTO `order_detail` (`id`, `guest_id`, `date_in`, `date_out`, `total`) VALUES (5, 50, '1976-10-13', '1974-10-30', '1604');
INSERT INTO `order_detail` (`id`, `guest_id`, `date_in`, `date_out`, `total`) VALUES (6, 9, '2016-03-26', '1970-03-29', '1538');
INSERT INTO `order_detail` (`id`, `guest_id`, `date_in`, `date_out`, `total`) VALUES (7, 25, '1971-01-17', '2007-12-10', '4927');
INSERT INTO `order_detail` (`id`, `guest_id`, `date_in`, `date_out`, `total`) VALUES (8, 38, '1999-02-28', '2013-07-02', '3911');
INSERT INTO `order_detail` (`id`, `guest_id`, `date_in`, `date_out`, `total`) VALUES (9, 39, '1974-06-12', '2019-11-30', '2415');
INSERT INTO `order_detail` (`id`, `guest_id`, `date_in`, `date_out`, `total`) VALUES (10, 35, '1980-09-23', '2020-01-21', '3794');
INSERT INTO `order_detail` (`id`, `guest_id`, `date_in`, `date_out`, `total`) VALUES (11, 14, '1997-01-10', '2000-12-30', '1089');
INSERT INTO `order_detail` (`id`, `guest_id`, `date_in`, `date_out`, `total`) VALUES (12, 48, '1977-12-24', '2008-12-29', '2608');
INSERT INTO `order_detail` (`id`, `guest_id`, `date_in`, `date_out`, `total`) VALUES (13, 33, '2004-07-08', '1981-10-23', '3192');
INSERT INTO `order_detail` (`id`, `guest_id`, `date_in`, `date_out`, `total`) VALUES (14, 18, '2015-02-05', '2018-03-11', '1686');
INSERT INTO `order_detail` (`id`, `guest_id`, `date_in`, `date_out`, `total`) VALUES (15, 49, '2009-06-19', '1993-08-23', '4857');
INSERT INTO `order_detail` (`id`, `guest_id`, `date_in`, `date_out`, `total`) VALUES (16, 41, '1972-09-15', '2020-08-31', '4010');
INSERT INTO `order_detail` (`id`, `guest_id`, `date_in`, `date_out`, `total`) VALUES (17, 31, '1984-04-04', '1970-12-19', '4994');
INSERT INTO `order_detail` (`id`, `guest_id`, `date_in`, `date_out`, `total`) VALUES (18, 20, '2019-01-06', '2007-01-10', '4749');
INSERT INTO `order_detail` (`id`, `guest_id`, `date_in`, `date_out`, `total`) VALUES (19, 33, '1991-07-12', '1996-09-29', '3926');
INSERT INTO `order_detail` (`id`, `guest_id`, `date_in`, `date_out`, `total`) VALUES (20, 50, '1978-11-11', '1985-10-25', '1517');
INSERT INTO `order_detail` (`id`, `guest_id`, `date_in`, `date_out`, `total`) VALUES (21, 23, '1989-11-28', '1983-01-16', '2994');
INSERT INTO `order_detail` (`id`, `guest_id`, `date_in`, `date_out`, `total`) VALUES (22, 34, '1984-02-24', '1986-08-17', '3083');
INSERT INTO `order_detail` (`id`, `guest_id`, `date_in`, `date_out`, `total`) VALUES (23, 33, '2002-06-18', '1997-05-25', '4497');
INSERT INTO `order_detail` (`id`, `guest_id`, `date_in`, `date_out`, `total`) VALUES (24, 43, '1977-06-23', '1997-05-18', '2878');
INSERT INTO `order_detail` (`id`, `guest_id`, `date_in`, `date_out`, `total`) VALUES (25, 43, '1986-01-22', '2015-12-03', '3460');
INSERT INTO `order_detail` (`id`, `guest_id`, `date_in`, `date_out`, `total`) VALUES (26, 38, '1973-09-03', '1993-08-20', '2628');
INSERT INTO `order_detail` (`id`, `guest_id`, `date_in`, `date_out`, `total`) VALUES (27, 11, '2006-04-30', '1992-09-10', '4195');
INSERT INTO `order_detail` (`id`, `guest_id`, `date_in`, `date_out`, `total`) VALUES (28, 22, '2020-08-10', '1986-10-03', '1774');
INSERT INTO `order_detail` (`id`, `guest_id`, `date_in`, `date_out`, `total`) VALUES (29, 13, '1970-09-25', '1986-07-04', '2163');
INSERT INTO `order_detail` (`id`, `guest_id`, `date_in`, `date_out`, `total`) VALUES (30, 5, '1997-08-03', '1993-10-18', '1734');
INSERT INTO `order_detail` (`id`, `guest_id`, `date_in`, `date_out`, `total`) VALUES (31, 29, '1994-02-13', '2002-01-14', '1163');
INSERT INTO `order_detail` (`id`, `guest_id`, `date_in`, `date_out`, `total`) VALUES (32, 2, '1978-09-21', '2018-10-30', '4880');
INSERT INTO `order_detail` (`id`, `guest_id`, `date_in`, `date_out`, `total`) VALUES (33, 33, '1975-04-18', '2015-10-14', '3340');
INSERT INTO `order_detail` (`id`, `guest_id`, `date_in`, `date_out`, `total`) VALUES (34, 13, '1973-09-08', '1975-07-10', '3995');
INSERT INTO `order_detail` (`id`, `guest_id`, `date_in`, `date_out`, `total`) VALUES (35, 22, '1989-10-15', '2020-05-22', '3614');
INSERT INTO `order_detail` (`id`, `guest_id`, `date_in`, `date_out`, `total`) VALUES (36, 42, '2012-06-07', '1970-02-17', '3297');
INSERT INTO `order_detail` (`id`, `guest_id`, `date_in`, `date_out`, `total`) VALUES (37, 32, '2021-04-27', '1985-01-14', '2652');
INSERT INTO `order_detail` (`id`, `guest_id`, `date_in`, `date_out`, `total`) VALUES (38, 33, '1998-06-02', '1975-06-19', '4042');
INSERT INTO `order_detail` (`id`, `guest_id`, `date_in`, `date_out`, `total`) VALUES (39, 37, '2012-07-03', '1986-03-09', '2755');
INSERT INTO `order_detail` (`id`, `guest_id`, `date_in`, `date_out`, `total`) VALUES (40, 37, '1993-09-12', '1985-12-24', '2944');
INSERT INTO `order_detail` (`id`, `guest_id`, `date_in`, `date_out`, `total`) VALUES (41, 40, '2020-02-16', '2000-08-07', '4878');
INSERT INTO `order_detail` (`id`, `guest_id`, `date_in`, `date_out`, `total`) VALUES (42, 43, '2012-07-19', '2012-07-20', '3475');
INSERT INTO `order_detail` (`id`, `guest_id`, `date_in`, `date_out`, `total`) VALUES (43, 18, '2000-07-22', '1976-07-18', '3334');
INSERT INTO `order_detail` (`id`, `guest_id`, `date_in`, `date_out`, `total`) VALUES (44, 42, '2009-12-15', '2009-10-22', '1051');
INSERT INTO `order_detail` (`id`, `guest_id`, `date_in`, `date_out`, `total`) VALUES (45, 36, '1981-09-28', '2021-03-25', '1482');
INSERT INTO `order_detail` (`id`, `guest_id`, `date_in`, `date_out`, `total`) VALUES (46, 3, '1974-04-23', '2001-03-22', '4965');
INSERT INTO `order_detail` (`id`, `guest_id`, `date_in`, `date_out`, `total`) VALUES (47, 47, '1985-02-16', '1986-12-29', '2608');
INSERT INTO `order_detail` (`id`, `guest_id`, `date_in`, `date_out`, `total`) VALUES (48, 29, '1986-07-11', '2016-03-27', '3696');
INSERT INTO `order_detail` (`id`, `guest_id`, `date_in`, `date_out`, `total`) VALUES (49, 5, '1990-03-27', '1984-05-20', '3519');
INSERT INTO `order_detail` (`id`, `guest_id`, `date_in`, `date_out`, `total`) VALUES (50, 41, '1992-12-14', '2020-12-17', '2914');
INSERT INTO `order_detail` (`id`, `guest_id`, `date_in`, `date_out`, `total`) VALUES (51, 6, '1983-02-18', '2018-01-08', '3208');
INSERT INTO `order_detail` (`id`, `guest_id`, `date_in`, `date_out`, `total`) VALUES (52, 43, '1986-01-12', '1978-05-21', '3671');
INSERT INTO `order_detail` (`id`, `guest_id`, `date_in`, `date_out`, `total`) VALUES (53, 46, '2012-10-24', '1989-07-24', '4663');
INSERT INTO `order_detail` (`id`, `guest_id`, `date_in`, `date_out`, `total`) VALUES (54, 50, '1992-10-29', '2018-05-11', '1830');
INSERT INTO `order_detail` (`id`, `guest_id`, `date_in`, `date_out`, `total`) VALUES (55, 10, '2017-08-07', '1971-08-17', '3721');
INSERT INTO `order_detail` (`id`, `guest_id`, `date_in`, `date_out`, `total`) VALUES (56, 19, '2006-09-04', '1979-02-13', '2097');
INSERT INTO `order_detail` (`id`, `guest_id`, `date_in`, `date_out`, `total`) VALUES (57, 38, '2018-10-14', '2001-11-02', '4120');
INSERT INTO `order_detail` (`id`, `guest_id`, `date_in`, `date_out`, `total`) VALUES (58, 14, '2010-05-08', '2015-07-13', '3571');
INSERT INTO `order_detail` (`id`, `guest_id`, `date_in`, `date_out`, `total`) VALUES (59, 26, '2018-08-03', '1973-01-31', '4734');
INSERT INTO `order_detail` (`id`, `guest_id`, `date_in`, `date_out`, `total`) VALUES (60, 12, '2009-12-21', '2012-08-24', '3921');
INSERT INTO `order_detail` (`id`, `guest_id`, `date_in`, `date_out`, `total`) VALUES (61, 33, '1990-09-10', '1972-04-02', '4230');
INSERT INTO `order_detail` (`id`, `guest_id`, `date_in`, `date_out`, `total`) VALUES (62, 27, '1981-11-13', '1990-03-20', '2832');
INSERT INTO `order_detail` (`id`, `guest_id`, `date_in`, `date_out`, `total`) VALUES (63, 34, '1998-12-02', '2021-03-25', '3023');
INSERT INTO `order_detail` (`id`, `guest_id`, `date_in`, `date_out`, `total`) VALUES (64, 30, '1971-04-26', '2017-05-14', '4958');
INSERT INTO `order_detail` (`id`, `guest_id`, `date_in`, `date_out`, `total`) VALUES (65, 19, '1985-04-16', '2010-05-29', '2467');
INSERT INTO `order_detail` (`id`, `guest_id`, `date_in`, `date_out`, `total`) VALUES (66, 19, '1992-01-18', '1972-11-24', '4149');
INSERT INTO `order_detail` (`id`, `guest_id`, `date_in`, `date_out`, `total`) VALUES (67, 45, '1992-11-11', '1991-02-07', '4885');
INSERT INTO `order_detail` (`id`, `guest_id`, `date_in`, `date_out`, `total`) VALUES (68, 35, '1970-06-13', '2000-11-03', '3592');
INSERT INTO `order_detail` (`id`, `guest_id`, `date_in`, `date_out`, `total`) VALUES (69, 20, '1981-08-11', '1996-12-19', '1758');
INSERT INTO `order_detail` (`id`, `guest_id`, `date_in`, `date_out`, `total`) VALUES (70, 13, '2007-08-06', '2020-02-23', '4754');
INSERT INTO `order_detail` (`id`, `guest_id`, `date_in`, `date_out`, `total`) VALUES (71, 6, '2013-03-11', '1980-05-01', '4386');
INSERT INTO `order_detail` (`id`, `guest_id`, `date_in`, `date_out`, `total`) VALUES (72, 3, '2004-06-09', '1980-03-11', '1463');
INSERT INTO `order_detail` (`id`, `guest_id`, `date_in`, `date_out`, `total`) VALUES (73, 39, '2015-05-01', '2018-04-02', '2848');
INSERT INTO `order_detail` (`id`, `guest_id`, `date_in`, `date_out`, `total`) VALUES (74, 49, '1970-09-26', '1978-10-02', '3624');
INSERT INTO `order_detail` (`id`, `guest_id`, `date_in`, `date_out`, `total`) VALUES (75, 17, '1991-01-01', '1988-10-17', '3444');
INSERT INTO `order_detail` (`id`, `guest_id`, `date_in`, `date_out`, `total`) VALUES (76, 25, '2006-09-06', '2013-02-01', '2391');
INSERT INTO `order_detail` (`id`, `guest_id`, `date_in`, `date_out`, `total`) VALUES (77, 43, '1985-07-27', '2014-01-24', '4513');
INSERT INTO `order_detail` (`id`, `guest_id`, `date_in`, `date_out`, `total`) VALUES (78, 33, '1984-02-13', '2000-01-13', '2232');
INSERT INTO `order_detail` (`id`, `guest_id`, `date_in`, `date_out`, `total`) VALUES (79, 46, '1989-05-28', '1976-04-13', '4977');
INSERT INTO `order_detail` (`id`, `guest_id`, `date_in`, `date_out`, `total`) VALUES (80, 46, '1994-01-27', '1979-06-10', '3621');
INSERT INTO `order_detail` (`id`, `guest_id`, `date_in`, `date_out`, `total`) VALUES (81, 6, '2011-08-06', '1973-04-13', '1361');
INSERT INTO `order_detail` (`id`, `guest_id`, `date_in`, `date_out`, `total`) VALUES (82, 17, '1987-01-23', '2007-09-09', '4992');
INSERT INTO `order_detail` (`id`, `guest_id`, `date_in`, `date_out`, `total`) VALUES (83, 3, '1974-11-28', '1996-03-17', '2495');
INSERT INTO `order_detail` (`id`, `guest_id`, `date_in`, `date_out`, `total`) VALUES (84, 14, '1982-07-16', '2010-06-30', '1106');
INSERT INTO `order_detail` (`id`, `guest_id`, `date_in`, `date_out`, `total`) VALUES (85, 25, '2003-02-15', '1997-06-16', '3518');
INSERT INTO `order_detail` (`id`, `guest_id`, `date_in`, `date_out`, `total`) VALUES (86, 47, '2012-03-12', '1970-02-16', '1923');
INSERT INTO `order_detail` (`id`, `guest_id`, `date_in`, `date_out`, `total`) VALUES (87, 38, '2018-01-10', '1983-05-23', '2469');
INSERT INTO `order_detail` (`id`, `guest_id`, `date_in`, `date_out`, `total`) VALUES (88, 17, '1987-10-12', '2019-07-12', '2370');
INSERT INTO `order_detail` (`id`, `guest_id`, `date_in`, `date_out`, `total`) VALUES (89, 23, '1987-11-18', '2003-12-06', '2685');
INSERT INTO `order_detail` (`id`, `guest_id`, `date_in`, `date_out`, `total`) VALUES (90, 3, '2020-06-30', '1985-08-03', '1425');
INSERT INTO `order_detail` (`id`, `guest_id`, `date_in`, `date_out`, `total`) VALUES (91, 8, '1981-06-19', '1974-06-02', '3146');
INSERT INTO `order_detail` (`id`, `guest_id`, `date_in`, `date_out`, `total`) VALUES (92, 38, '1990-12-23', '1978-07-26', '4739');
INSERT INTO `order_detail` (`id`, `guest_id`, `date_in`, `date_out`, `total`) VALUES (93, 24, '1996-09-20', '1996-10-15', '4290');
INSERT INTO `order_detail` (`id`, `guest_id`, `date_in`, `date_out`, `total`) VALUES (94, 23, '1988-11-22', '1990-01-14', '2424');
INSERT INTO `order_detail` (`id`, `guest_id`, `date_in`, `date_out`, `total`) VALUES (95, 2, '2005-03-13', '1987-03-18', '3749');
INSERT INTO `order_detail` (`id`, `guest_id`, `date_in`, `date_out`, `total`) VALUES (96, 33, '1991-12-09', '1994-10-19', '2612');
INSERT INTO `order_detail` (`id`, `guest_id`, `date_in`, `date_out`, `total`) VALUES (97, 5, '1974-12-18', '1971-08-29', '3136');
INSERT INTO `order_detail` (`id`, `guest_id`, `date_in`, `date_out`, `total`) VALUES (98, 5, '1985-12-18', '1973-09-24', '3916');
INSERT INTO `order_detail` (`id`, `guest_id`, `date_in`, `date_out`, `total`) VALUES (99, 28, '1979-01-09', '2012-06-18', '1456');
INSERT INTO `order_detail` (`id`, `guest_id`, `date_in`, `date_out`, `total`) VALUES (100, 1, '2002-12-03', '2007-05-24', '1111');
INSERT INTO `order_detail` (`id`, `guest_id`, `date_in`, `date_out`, `total`) VALUES (101, 41, '2012-03-20', '2014-03-24', '4185');
INSERT INTO `order_detail` (`id`, `guest_id`, `date_in`, `date_out`, `total`) VALUES (102, 36, '2011-09-25', '1992-12-31', '1457');
INSERT INTO `order_detail` (`id`, `guest_id`, `date_in`, `date_out`, `total`) VALUES (103, 1, '2016-07-11', '1984-02-19', '2661');
INSERT INTO `order_detail` (`id`, `guest_id`, `date_in`, `date_out`, `total`) VALUES (104, 29, '1996-03-15', '1974-09-24', '1256');
INSERT INTO `order_detail` (`id`, `guest_id`, `date_in`, `date_out`, `total`) VALUES (105, 28, '1977-03-31', '2017-10-24', '1912');
INSERT INTO `order_detail` (`id`, `guest_id`, `date_in`, `date_out`, `total`) VALUES (106, 3, '1979-04-09', '2002-11-01', '4334');
INSERT INTO `order_detail` (`id`, `guest_id`, `date_in`, `date_out`, `total`) VALUES (107, 29, '2012-05-16', '1983-06-19', '2666');
INSERT INTO `order_detail` (`id`, `guest_id`, `date_in`, `date_out`, `total`) VALUES (108, 2, '1977-08-09', '2018-08-12', '4373');
INSERT INTO `order_detail` (`id`, `guest_id`, `date_in`, `date_out`, `total`) VALUES (109, 49, '2003-07-16', '1988-12-28', '1880');
INSERT INTO `order_detail` (`id`, `guest_id`, `date_in`, `date_out`, `total`) VALUES (110, 36, '2014-10-30', '1994-09-24', '3842');
INSERT INTO `order_detail` (`id`, `guest_id`, `date_in`, `date_out`, `total`) VALUES (111, 39, '2001-02-19', '2003-02-18', '4554');
INSERT INTO `order_detail` (`id`, `guest_id`, `date_in`, `date_out`, `total`) VALUES (112, 36, '1981-04-22', '1981-11-28', '4783');
INSERT INTO `order_detail` (`id`, `guest_id`, `date_in`, `date_out`, `total`) VALUES (113, 5, '1998-07-15', '2010-05-06', '4990');
INSERT INTO `order_detail` (`id`, `guest_id`, `date_in`, `date_out`, `total`) VALUES (114, 2, '1973-06-11', '2020-12-27', '4927');
INSERT INTO `order_detail` (`id`, `guest_id`, `date_in`, `date_out`, `total`) VALUES (115, 36, '2007-11-15', '2012-05-06', '4257');
INSERT INTO `order_detail` (`id`, `guest_id`, `date_in`, `date_out`, `total`) VALUES (116, 5, '2003-02-27', '2008-09-11', '3054');
INSERT INTO `order_detail` (`id`, `guest_id`, `date_in`, `date_out`, `total`) VALUES (117, 45, '2016-11-20', '1992-04-05', '1797');
INSERT INTO `order_detail` (`id`, `guest_id`, `date_in`, `date_out`, `total`) VALUES (118, 19, '1971-03-27', '1973-10-19', '1762');
INSERT INTO `order_detail` (`id`, `guest_id`, `date_in`, `date_out`, `total`) VALUES (119, 30, '2007-08-28', '1979-07-29', '2868');
INSERT INTO `order_detail` (`id`, `guest_id`, `date_in`, `date_out`, `total`) VALUES (120, 39, '2018-12-28', '1984-08-21', '4347');
INSERT INTO `order_detail` (`id`, `guest_id`, `date_in`, `date_out`, `total`) VALUES (121, 43, '2016-07-07', '2020-07-24', '2471');
INSERT INTO `order_detail` (`id`, `guest_id`, `date_in`, `date_out`, `total`) VALUES (122, 16, '2012-12-11', '1974-04-28', '2535');
INSERT INTO `order_detail` (`id`, `guest_id`, `date_in`, `date_out`, `total`) VALUES (123, 47, '2006-03-23', '2018-08-20', '3513');
INSERT INTO `order_detail` (`id`, `guest_id`, `date_in`, `date_out`, `total`) VALUES (124, 24, '2002-12-13', '2009-10-15', '3149');
INSERT INTO `order_detail` (`id`, `guest_id`, `date_in`, `date_out`, `total`) VALUES (125, 32, '2011-05-04', '2012-06-17', '1741');
INSERT INTO `order_detail` (`id`, `guest_id`, `date_in`, `date_out`, `total`) VALUES (126, 49, '1987-10-31', '2008-10-12', '1335');
INSERT INTO `order_detail` (`id`, `guest_id`, `date_in`, `date_out`, `total`) VALUES (127, 43, '2017-10-02', '1994-10-15', '2636');
INSERT INTO `order_detail` (`id`, `guest_id`, `date_in`, `date_out`, `total`) VALUES (128, 35, '1993-04-10', '1989-07-26', '3691');
INSERT INTO `order_detail` (`id`, `guest_id`, `date_in`, `date_out`, `total`) VALUES (129, 28, '1992-01-10', '2004-04-17', '3084');
INSERT INTO `order_detail` (`id`, `guest_id`, `date_in`, `date_out`, `total`) VALUES (130, 31, '1996-11-28', '2011-12-15', '2469');
INSERT INTO `order_detail` (`id`, `guest_id`, `date_in`, `date_out`, `total`) VALUES (131, 38, '2014-10-02', '1990-12-02', '2978');
INSERT INTO `order_detail` (`id`, `guest_id`, `date_in`, `date_out`, `total`) VALUES (132, 7, '2008-04-19', '2005-11-12', '2087');
INSERT INTO `order_detail` (`id`, `guest_id`, `date_in`, `date_out`, `total`) VALUES (133, 13, '2003-06-21', '2014-04-13', '2242');
INSERT INTO `order_detail` (`id`, `guest_id`, `date_in`, `date_out`, `total`) VALUES (134, 50, '1979-01-18', '2003-11-11', '2797');
INSERT INTO `order_detail` (`id`, `guest_id`, `date_in`, `date_out`, `total`) VALUES (135, 7, '1998-03-10', '2007-10-17', '3782');
INSERT INTO `order_detail` (`id`, `guest_id`, `date_in`, `date_out`, `total`) VALUES (136, 25, '2017-03-13', '2018-08-10', '4670');
INSERT INTO `order_detail` (`id`, `guest_id`, `date_in`, `date_out`, `total`) VALUES (137, 19, '2016-02-26', '1984-09-14', '3605');
INSERT INTO `order_detail` (`id`, `guest_id`, `date_in`, `date_out`, `total`) VALUES (138, 43, '1989-01-22', '2002-02-28', '4734');
INSERT INTO `order_detail` (`id`, `guest_id`, `date_in`, `date_out`, `total`) VALUES (139, 34, '1985-01-25', '2002-08-13', '3678');
INSERT INTO `order_detail` (`id`, `guest_id`, `date_in`, `date_out`, `total`) VALUES (140, 8, '2006-12-24', '1998-01-20', '1443');
INSERT INTO `order_detail` (`id`, `guest_id`, `date_in`, `date_out`, `total`) VALUES (141, 21, '2000-11-26', '1976-09-24', '2212');
INSERT INTO `order_detail` (`id`, `guest_id`, `date_in`, `date_out`, `total`) VALUES (142, 30, '1987-02-26', '2019-09-13', '4827');
INSERT INTO `order_detail` (`id`, `guest_id`, `date_in`, `date_out`, `total`) VALUES (143, 31, '1981-10-01', '1994-08-06', '2271');
INSERT INTO `order_detail` (`id`, `guest_id`, `date_in`, `date_out`, `total`) VALUES (144, 17, '2016-05-30', '1986-04-05', '1077');
INSERT INTO `order_detail` (`id`, `guest_id`, `date_in`, `date_out`, `total`) VALUES (145, 43, '1998-09-30', '1991-07-29', '2555');
INSERT INTO `order_detail` (`id`, `guest_id`, `date_in`, `date_out`, `total`) VALUES (146, 29, '1971-02-01', '1981-04-04', '2247');
INSERT INTO `order_detail` (`id`, `guest_id`, `date_in`, `date_out`, `total`) VALUES (147, 45, '2003-11-07', '2010-06-27', '3238');
INSERT INTO `order_detail` (`id`, `guest_id`, `date_in`, `date_out`, `total`) VALUES (148, 3, '2015-10-14', '1974-09-26', '4433');
INSERT INTO `order_detail` (`id`, `guest_id`, `date_in`, `date_out`, `total`) VALUES (149, 45, '1997-11-06', '1976-02-06', '3724');
INSERT INTO `order_detail` (`id`, `guest_id`, `date_in`, `date_out`, `total`) VALUES (150, 13, '1993-11-11', '1976-07-13', '2583');
INSERT INTO `order_detail` (`id`, `guest_id`, `date_in`, `date_out`, `total`) VALUES (151, 36, '1975-07-14', '2020-12-15', '4957');
INSERT INTO `order_detail` (`id`, `guest_id`, `date_in`, `date_out`, `total`) VALUES (152, 2, '1990-03-01', '1984-02-25', '2751');
INSERT INTO `order_detail` (`id`, `guest_id`, `date_in`, `date_out`, `total`) VALUES (153, 8, '2017-02-16', '2002-02-21', '4818');
INSERT INTO `order_detail` (`id`, `guest_id`, `date_in`, `date_out`, `total`) VALUES (154, 10, '1983-06-20', '2012-06-02', '2789');
INSERT INTO `order_detail` (`id`, `guest_id`, `date_in`, `date_out`, `total`) VALUES (155, 24, '1973-01-01', '1988-01-02', '1628');
INSERT INTO `order_detail` (`id`, `guest_id`, `date_in`, `date_out`, `total`) VALUES (156, 3, '2018-09-20', '2004-06-07', '1926');
INSERT INTO `order_detail` (`id`, `guest_id`, `date_in`, `date_out`, `total`) VALUES (157, 30, '2013-05-17', '2017-02-16', '2591');
INSERT INTO `order_detail` (`id`, `guest_id`, `date_in`, `date_out`, `total`) VALUES (158, 22, '1998-06-01', '2013-08-19', '1092');
INSERT INTO `order_detail` (`id`, `guest_id`, `date_in`, `date_out`, `total`) VALUES (159, 45, '2013-10-05', '2007-11-09', '3050');
INSERT INTO `order_detail` (`id`, `guest_id`, `date_in`, `date_out`, `total`) VALUES (160, 42, '1970-07-02', '2015-07-11', '4392');
INSERT INTO `order_detail` (`id`, `guest_id`, `date_in`, `date_out`, `total`) VALUES (161, 32, '2013-05-22', '1979-10-24', '1222');
INSERT INTO `order_detail` (`id`, `guest_id`, `date_in`, `date_out`, `total`) VALUES (162, 46, '2002-08-13', '1975-10-09', '3063');
INSERT INTO `order_detail` (`id`, `guest_id`, `date_in`, `date_out`, `total`) VALUES (163, 9, '1999-09-06', '1994-05-24', '1715');
INSERT INTO `order_detail` (`id`, `guest_id`, `date_in`, `date_out`, `total`) VALUES (164, 34, '2016-02-25', '1989-04-19', '4019');
INSERT INTO `order_detail` (`id`, `guest_id`, `date_in`, `date_out`, `total`) VALUES (165, 13, '1999-07-22', '2015-03-25', '3729');
INSERT INTO `order_detail` (`id`, `guest_id`, `date_in`, `date_out`, `total`) VALUES (166, 20, '1972-09-06', '2004-04-18', '2001');
INSERT INTO `order_detail` (`id`, `guest_id`, `date_in`, `date_out`, `total`) VALUES (167, 34, '2001-09-21', '2008-12-15', '4346');
INSERT INTO `order_detail` (`id`, `guest_id`, `date_in`, `date_out`, `total`) VALUES (168, 47, '1982-06-11', '1992-11-28', '3648');
INSERT INTO `order_detail` (`id`, `guest_id`, `date_in`, `date_out`, `total`) VALUES (169, 36, '1993-02-16', '1971-12-18', '2601');
INSERT INTO `order_detail` (`id`, `guest_id`, `date_in`, `date_out`, `total`) VALUES (170, 2, '1983-10-06', '1994-01-10', '3136');
INSERT INTO `order_detail` (`id`, `guest_id`, `date_in`, `date_out`, `total`) VALUES (171, 24, '1988-07-07', '1982-11-18', '1139');
INSERT INTO `order_detail` (`id`, `guest_id`, `date_in`, `date_out`, `total`) VALUES (172, 34, '1979-02-08', '2020-11-19', '2506');
INSERT INTO `order_detail` (`id`, `guest_id`, `date_in`, `date_out`, `total`) VALUES (173, 37, '1971-01-14', '2017-04-29', '4260');
INSERT INTO `order_detail` (`id`, `guest_id`, `date_in`, `date_out`, `total`) VALUES (174, 18, '2014-09-30', '1984-02-25', '2266');
INSERT INTO `order_detail` (`id`, `guest_id`, `date_in`, `date_out`, `total`) VALUES (175, 43, '1986-02-10', '1979-08-04', '1505');
INSERT INTO `order_detail` (`id`, `guest_id`, `date_in`, `date_out`, `total`) VALUES (176, 39, '2016-07-28', '2007-07-18', '3367');
INSERT INTO `order_detail` (`id`, `guest_id`, `date_in`, `date_out`, `total`) VALUES (177, 29, '2007-01-06', '1985-05-06', '2666');
INSERT INTO `order_detail` (`id`, `guest_id`, `date_in`, `date_out`, `total`) VALUES (178, 26, '2020-02-18', '2003-12-01', '2539');
INSERT INTO `order_detail` (`id`, `guest_id`, `date_in`, `date_out`, `total`) VALUES (179, 49, '2003-10-30', '1999-07-11', '1168');
INSERT INTO `order_detail` (`id`, `guest_id`, `date_in`, `date_out`, `total`) VALUES (180, 49, '1981-08-21', '1993-08-23', '1115');
INSERT INTO `order_detail` (`id`, `guest_id`, `date_in`, `date_out`, `total`) VALUES (181, 18, '2021-05-24', '2014-03-28', '1726');
INSERT INTO `order_detail` (`id`, `guest_id`, `date_in`, `date_out`, `total`) VALUES (182, 9, '2015-07-21', '2005-11-08', '3259');
INSERT INTO `order_detail` (`id`, `guest_id`, `date_in`, `date_out`, `total`) VALUES (183, 16, '2012-05-10', '2008-04-25', '2624');
INSERT INTO `order_detail` (`id`, `guest_id`, `date_in`, `date_out`, `total`) VALUES (184, 5, '2009-12-26', '2012-07-21', '1223');
INSERT INTO `order_detail` (`id`, `guest_id`, `date_in`, `date_out`, `total`) VALUES (185, 8, '1992-09-01', '1984-05-03', '4389');
INSERT INTO `order_detail` (`id`, `guest_id`, `date_in`, `date_out`, `total`) VALUES (186, 25, '1993-09-06', '1980-09-19', '1797');
INSERT INTO `order_detail` (`id`, `guest_id`, `date_in`, `date_out`, `total`) VALUES (187, 44, '1993-06-23', '1984-06-26', '3468');
INSERT INTO `order_detail` (`id`, `guest_id`, `date_in`, `date_out`, `total`) VALUES (188, 39, '2010-08-09', '1990-03-11', '2247');
INSERT INTO `order_detail` (`id`, `guest_id`, `date_in`, `date_out`, `total`) VALUES (189, 19, '2009-02-04', '1986-10-28', '2838');
INSERT INTO `order_detail` (`id`, `guest_id`, `date_in`, `date_out`, `total`) VALUES (190, 48, '2016-09-30', '1981-06-11', '2273');
INSERT INTO `order_detail` (`id`, `guest_id`, `date_in`, `date_out`, `total`) VALUES (191, 37, '2017-01-15', '1974-10-08', '1218');
INSERT INTO `order_detail` (`id`, `guest_id`, `date_in`, `date_out`, `total`) VALUES (192, 44, '2001-10-31', '1972-08-01', '1352');
INSERT INTO `order_detail` (`id`, `guest_id`, `date_in`, `date_out`, `total`) VALUES (193, 47, '1975-04-24', '1994-02-10', '1787');
INSERT INTO `order_detail` (`id`, `guest_id`, `date_in`, `date_out`, `total`) VALUES (194, 26, '2019-09-12', '1970-08-13', '1600');
INSERT INTO `order_detail` (`id`, `guest_id`, `date_in`, `date_out`, `total`) VALUES (195, 16, '2019-06-24', '1996-11-08', '2562');
INSERT INTO `order_detail` (`id`, `guest_id`, `date_in`, `date_out`, `total`) VALUES (196, 31, '1982-07-25', '1977-10-03', '2375');
INSERT INTO `order_detail` (`id`, `guest_id`, `date_in`, `date_out`, `total`) VALUES (197, 31, '1981-03-01', '2017-02-05', '2843');
INSERT INTO `order_detail` (`id`, `guest_id`, `date_in`, `date_out`, `total`) VALUES (198, 18, '2018-01-31', '1972-03-20', '3258');
INSERT INTO `order_detail` (`id`, `guest_id`, `date_in`, `date_out`, `total`) VALUES (199, 23, '2013-11-25', '1994-06-27', '4993');
INSERT INTO `order_detail` (`id`, `guest_id`, `date_in`, `date_out`, `total`) VALUES (200, 24, '1999-06-28', '2001-08-12', '4043');


INSERT INTO `order_item` (`id`, `order_detail_id`, `hotel_room_id`, `created`, `modified`) VALUES (1, 1, 20, '1978-02-23 21:23:33', '1975-09-04 04:07:38');
INSERT INTO `order_item` (`id`, `order_detail_id`, `hotel_room_id`, `created`, `modified`) VALUES (2, 2, 8, '1988-12-27 16:39:29', '2002-08-25 04:06:17');
INSERT INTO `order_item` (`id`, `order_detail_id`, `hotel_room_id`, `created`, `modified`) VALUES (3, 3, 17, '2006-02-06 17:02:01', '2019-09-07 18:21:19');
INSERT INTO `order_item` (`id`, `order_detail_id`, `hotel_room_id`, `created`, `modified`) VALUES (4, 4, 8, '2018-05-04 03:39:04', '2019-08-10 08:14:00');
INSERT INTO `order_item` (`id`, `order_detail_id`, `hotel_room_id`, `created`, `modified`) VALUES (5, 5, 17, '1994-03-24 02:34:06', '2020-05-27 04:03:05');
INSERT INTO `order_item` (`id`, `order_detail_id`, `hotel_room_id`, `created`, `modified`) VALUES (6, 6, 4, '2020-05-18 02:19:49', '1974-04-21 13:14:27');
INSERT INTO `order_item` (`id`, `order_detail_id`, `hotel_room_id`, `created`, `modified`) VALUES (7, 7, 4, '2014-03-31 14:02:53', '1992-08-16 06:01:31');
INSERT INTO `order_item` (`id`, `order_detail_id`, `hotel_room_id`, `created`, `modified`) VALUES (8, 8, 10, '2020-01-09 15:31:44', '1982-07-31 02:45:45');
INSERT INTO `order_item` (`id`, `order_detail_id`, `hotel_room_id`, `created`, `modified`) VALUES (9, 9, 15, '1990-08-03 01:00:50', '2006-04-17 07:15:24');
INSERT INTO `order_item` (`id`, `order_detail_id`, `hotel_room_id`, `created`, `modified`) VALUES (10, 10, 19, '2013-11-19 12:14:33', '1981-05-26 17:04:09');
INSERT INTO `order_item` (`id`, `order_detail_id`, `hotel_room_id`, `created`, `modified`) VALUES (11, 11, 10, '1980-03-27 09:36:38', '1992-04-27 15:23:14');
INSERT INTO `order_item` (`id`, `order_detail_id`, `hotel_room_id`, `created`, `modified`) VALUES (12, 12, 17, '1988-08-10 21:57:24', '2018-09-06 04:19:20');
INSERT INTO `order_item` (`id`, `order_detail_id`, `hotel_room_id`, `created`, `modified`) VALUES (13, 13, 10, '1993-04-05 14:49:21', '1985-10-19 13:58:29');
INSERT INTO `order_item` (`id`, `order_detail_id`, `hotel_room_id`, `created`, `modified`) VALUES (14, 14, 10, '2020-01-17 15:05:41', '1993-04-28 23:42:40');
INSERT INTO `order_item` (`id`, `order_detail_id`, `hotel_room_id`, `created`, `modified`) VALUES (15, 15, 12, '2007-01-23 10:04:45', '2001-08-14 19:13:03');
INSERT INTO `order_item` (`id`, `order_detail_id`, `hotel_room_id`, `created`, `modified`) VALUES (16, 16, 1, '2008-07-19 05:56:13', '1988-11-18 22:37:34');
INSERT INTO `order_item` (`id`, `order_detail_id`, `hotel_room_id`, `created`, `modified`) VALUES (17, 17, 3, '1994-11-19 03:34:05', '2014-06-28 16:41:48');
INSERT INTO `order_item` (`id`, `order_detail_id`, `hotel_room_id`, `created`, `modified`) VALUES (18, 18, 8, '2016-09-03 23:23:23', '1996-04-07 07:19:30');
INSERT INTO `order_item` (`id`, `order_detail_id`, `hotel_room_id`, `created`, `modified`) VALUES (19, 19, 10, '1997-08-03 00:13:04', '2017-10-04 22:26:30');
INSERT INTO `order_item` (`id`, `order_detail_id`, `hotel_room_id`, `created`, `modified`) VALUES (20, 20, 20, '2017-01-27 23:59:12', '2016-12-30 19:55:17');
INSERT INTO `order_item` (`id`, `order_detail_id`, `hotel_room_id`, `created`, `modified`) VALUES (21, 21, 12, '1989-04-10 14:29:23', '2003-09-30 13:21:55');
INSERT INTO `order_item` (`id`, `order_detail_id`, `hotel_room_id`, `created`, `modified`) VALUES (22, 22, 4, '1976-08-07 01:53:36', '2018-05-08 05:47:39');
INSERT INTO `order_item` (`id`, `order_detail_id`, `hotel_room_id`, `created`, `modified`) VALUES (23, 23, 1, '1973-05-23 02:08:54', '1979-01-01 18:12:15');
INSERT INTO `order_item` (`id`, `order_detail_id`, `hotel_room_id`, `created`, `modified`) VALUES (24, 24, 16, '2004-02-08 18:15:10', '2006-07-14 07:19:51');
INSERT INTO `order_item` (`id`, `order_detail_id`, `hotel_room_id`, `created`, `modified`) VALUES (25, 25, 18, '1991-05-13 02:40:34', '2008-10-02 09:52:08');
INSERT INTO `order_item` (`id`, `order_detail_id`, `hotel_room_id`, `created`, `modified`) VALUES (26, 26, 11, '1995-09-05 02:42:30', '2011-05-19 16:04:22');
INSERT INTO `order_item` (`id`, `order_detail_id`, `hotel_room_id`, `created`, `modified`) VALUES (27, 27, 6, '1977-06-16 13:50:29', '1970-08-05 15:48:28');
INSERT INTO `order_item` (`id`, `order_detail_id`, `hotel_room_id`, `created`, `modified`) VALUES (28, 28, 8, '1993-06-19 13:08:51', '1988-02-07 15:00:17');
INSERT INTO `order_item` (`id`, `order_detail_id`, `hotel_room_id`, `created`, `modified`) VALUES (29, 29, 2, '2016-04-11 04:43:24', '2016-05-26 08:16:34');
INSERT INTO `order_item` (`id`, `order_detail_id`, `hotel_room_id`, `created`, `modified`) VALUES (30, 30, 1, '2015-07-04 18:21:03', '2006-07-31 18:06:37');
INSERT INTO `order_item` (`id`, `order_detail_id`, `hotel_room_id`, `created`, `modified`) VALUES (31, 31, 16, '1975-03-08 03:12:52', '1985-03-04 15:20:20');
INSERT INTO `order_item` (`id`, `order_detail_id`, `hotel_room_id`, `created`, `modified`) VALUES (32, 32, 9, '1998-11-15 08:02:01', '1984-01-23 10:33:57');
INSERT INTO `order_item` (`id`, `order_detail_id`, `hotel_room_id`, `created`, `modified`) VALUES (33, 33, 5, '2008-10-13 10:40:12', '1978-04-23 21:00:02');
INSERT INTO `order_item` (`id`, `order_detail_id`, `hotel_room_id`, `created`, `modified`) VALUES (34, 34, 10, '2014-12-09 04:31:23', '1972-06-08 04:48:11');
INSERT INTO `order_item` (`id`, `order_detail_id`, `hotel_room_id`, `created`, `modified`) VALUES (35, 35, 3, '1978-12-11 21:37:19', '1973-11-11 15:36:41');
INSERT INTO `order_item` (`id`, `order_detail_id`, `hotel_room_id`, `created`, `modified`) VALUES (36, 36, 12, '1980-09-07 20:10:43', '1977-08-27 20:26:19');
INSERT INTO `order_item` (`id`, `order_detail_id`, `hotel_room_id`, `created`, `modified`) VALUES (37, 37, 16, '2018-03-05 23:37:21', '2005-07-21 07:29:11');
INSERT INTO `order_item` (`id`, `order_detail_id`, `hotel_room_id`, `created`, `modified`) VALUES (38, 38, 11, '1991-09-06 13:33:09', '1986-01-22 21:58:11');
INSERT INTO `order_item` (`id`, `order_detail_id`, `hotel_room_id`, `created`, `modified`) VALUES (39, 39, 18, '1977-07-29 13:41:16', '1990-04-26 07:57:33');
INSERT INTO `order_item` (`id`, `order_detail_id`, `hotel_room_id`, `created`, `modified`) VALUES (40, 40, 20, '2016-12-21 13:45:46', '1987-09-27 11:07:13');
INSERT INTO `order_item` (`id`, `order_detail_id`, `hotel_room_id`, `created`, `modified`) VALUES (41, 41, 7, '1977-10-09 22:41:21', '2017-11-10 00:20:46');
INSERT INTO `order_item` (`id`, `order_detail_id`, `hotel_room_id`, `created`, `modified`) VALUES (42, 42, 10, '1983-10-21 15:06:14', '1991-08-05 03:40:58');
INSERT INTO `order_item` (`id`, `order_detail_id`, `hotel_room_id`, `created`, `modified`) VALUES (43, 43, 16, '1977-03-29 20:23:10', '2010-02-05 02:55:26');
INSERT INTO `order_item` (`id`, `order_detail_id`, `hotel_room_id`, `created`, `modified`) VALUES (44, 44, 16, '1999-04-22 14:30:46', '1972-07-04 10:00:35');
INSERT INTO `order_item` (`id`, `order_detail_id`, `hotel_room_id`, `created`, `modified`) VALUES (45, 45, 17, '1998-06-05 13:26:58', '1997-07-20 20:43:54');
INSERT INTO `order_item` (`id`, `order_detail_id`, `hotel_room_id`, `created`, `modified`) VALUES (46, 46, 15, '1994-01-27 22:22:24', '2001-01-16 06:12:01');
INSERT INTO `order_item` (`id`, `order_detail_id`, `hotel_room_id`, `created`, `modified`) VALUES (47, 47, 2, '1980-04-08 22:24:56', '1979-03-28 08:47:58');
INSERT INTO `order_item` (`id`, `order_detail_id`, `hotel_room_id`, `created`, `modified`) VALUES (48, 48, 1, '1990-06-11 06:26:07', '1972-05-31 19:27:19');
INSERT INTO `order_item` (`id`, `order_detail_id`, `hotel_room_id`, `created`, `modified`) VALUES (49, 49, 14, '2005-05-27 01:53:20', '1971-04-28 11:59:57');
INSERT INTO `order_item` (`id`, `order_detail_id`, `hotel_room_id`, `created`, `modified`) VALUES (50, 50, 14, '2018-12-22 09:34:41', '1983-04-05 02:55:00');
INSERT INTO `order_item` (`id`, `order_detail_id`, `hotel_room_id`, `created`, `modified`) VALUES (51, 51, 7, '2019-09-07 16:37:02', '1979-11-11 01:39:47');
INSERT INTO `order_item` (`id`, `order_detail_id`, `hotel_room_id`, `created`, `modified`) VALUES (52, 52, 15, '2004-12-29 15:44:59', '1970-08-02 15:32:37');
INSERT INTO `order_item` (`id`, `order_detail_id`, `hotel_room_id`, `created`, `modified`) VALUES (53, 53, 11, '2004-07-26 02:11:31', '2014-07-22 20:41:29');
INSERT INTO `order_item` (`id`, `order_detail_id`, `hotel_room_id`, `created`, `modified`) VALUES (54, 54, 10, '2004-03-07 12:10:35', '2015-10-05 17:24:15');
INSERT INTO `order_item` (`id`, `order_detail_id`, `hotel_room_id`, `created`, `modified`) VALUES (55, 55, 10, '1984-05-12 01:49:47', '1998-02-19 13:31:50');
INSERT INTO `order_item` (`id`, `order_detail_id`, `hotel_room_id`, `created`, `modified`) VALUES (56, 56, 6, '2009-05-28 10:13:36', '1991-05-05 04:53:13');
INSERT INTO `order_item` (`id`, `order_detail_id`, `hotel_room_id`, `created`, `modified`) VALUES (57, 57, 2, '1984-10-02 18:11:00', '1982-07-16 10:29:39');
INSERT INTO `order_item` (`id`, `order_detail_id`, `hotel_room_id`, `created`, `modified`) VALUES (58, 58, 1, '2011-06-14 07:48:07', '2001-11-14 06:26:38');
INSERT INTO `order_item` (`id`, `order_detail_id`, `hotel_room_id`, `created`, `modified`) VALUES (59, 59, 8, '1970-07-08 22:50:37', '2018-09-30 11:41:49');
INSERT INTO `order_item` (`id`, `order_detail_id`, `hotel_room_id`, `created`, `modified`) VALUES (60, 60, 10, '2011-07-06 13:08:37', '1975-07-17 13:40:39');
INSERT INTO `order_item` (`id`, `order_detail_id`, `hotel_room_id`, `created`, `modified`) VALUES (61, 61, 6, '1993-02-21 08:14:48', '1987-07-20 16:46:52');
INSERT INTO `order_item` (`id`, `order_detail_id`, `hotel_room_id`, `created`, `modified`) VALUES (62, 62, 11, '2003-06-15 01:39:29', '1985-10-16 11:38:05');
INSERT INTO `order_item` (`id`, `order_detail_id`, `hotel_room_id`, `created`, `modified`) VALUES (63, 63, 1, '1985-05-19 17:22:59', '2002-03-12 12:47:48');
INSERT INTO `order_item` (`id`, `order_detail_id`, `hotel_room_id`, `created`, `modified`) VALUES (64, 64, 13, '1996-09-25 22:03:52', '1999-08-19 23:55:14');
INSERT INTO `order_item` (`id`, `order_detail_id`, `hotel_room_id`, `created`, `modified`) VALUES (65, 65, 2, '1990-06-12 17:09:09', '2000-10-07 07:04:35');
INSERT INTO `order_item` (`id`, `order_detail_id`, `hotel_room_id`, `created`, `modified`) VALUES (66, 66, 10, '1973-05-26 02:40:40', '1980-07-22 03:49:13');
INSERT INTO `order_item` (`id`, `order_detail_id`, `hotel_room_id`, `created`, `modified`) VALUES (67, 67, 14, '1978-05-30 16:56:59', '2012-03-15 05:49:52');
INSERT INTO `order_item` (`id`, `order_detail_id`, `hotel_room_id`, `created`, `modified`) VALUES (68, 68, 18, '1979-09-22 20:00:20', '1992-12-19 20:45:26');
INSERT INTO `order_item` (`id`, `order_detail_id`, `hotel_room_id`, `created`, `modified`) VALUES (69, 69, 13, '1990-03-27 13:59:19', '2020-08-07 20:51:16');
INSERT INTO `order_item` (`id`, `order_detail_id`, `hotel_room_id`, `created`, `modified`) VALUES (70, 70, 19, '1998-06-17 15:14:30', '1990-02-22 13:23:14');
INSERT INTO `order_item` (`id`, `order_detail_id`, `hotel_room_id`, `created`, `modified`) VALUES (71, 71, 1, '1987-02-11 20:49:55', '1972-05-11 00:56:48');
INSERT INTO `order_item` (`id`, `order_detail_id`, `hotel_room_id`, `created`, `modified`) VALUES (72, 72, 3, '2011-04-10 17:48:08', '1986-03-23 04:25:20');
INSERT INTO `order_item` (`id`, `order_detail_id`, `hotel_room_id`, `created`, `modified`) VALUES (73, 73, 3, '1976-12-24 02:35:13', '1983-03-03 10:53:12');
INSERT INTO `order_item` (`id`, `order_detail_id`, `hotel_room_id`, `created`, `modified`) VALUES (74, 74, 4, '1982-02-22 17:27:08', '1994-07-17 19:22:10');
INSERT INTO `order_item` (`id`, `order_detail_id`, `hotel_room_id`, `created`, `modified`) VALUES (75, 75, 5, '1990-04-11 17:15:37', '1973-03-03 17:22:20');
INSERT INTO `order_item` (`id`, `order_detail_id`, `hotel_room_id`, `created`, `modified`) VALUES (76, 76, 5, '1996-01-21 05:16:36', '2008-05-05 13:14:43');
INSERT INTO `order_item` (`id`, `order_detail_id`, `hotel_room_id`, `created`, `modified`) VALUES (77, 77, 9, '1981-07-30 14:12:42', '2009-08-05 07:48:44');
INSERT INTO `order_item` (`id`, `order_detail_id`, `hotel_room_id`, `created`, `modified`) VALUES (78, 78, 1, '1981-01-11 19:36:50', '2015-07-29 19:10:19');
INSERT INTO `order_item` (`id`, `order_detail_id`, `hotel_room_id`, `created`, `modified`) VALUES (79, 79, 13, '1987-01-17 20:08:17', '2009-12-22 06:09:39');
INSERT INTO `order_item` (`id`, `order_detail_id`, `hotel_room_id`, `created`, `modified`) VALUES (80, 80, 13, '2004-10-10 15:35:47', '2000-08-16 14:47:36');
INSERT INTO `order_item` (`id`, `order_detail_id`, `hotel_room_id`, `created`, `modified`) VALUES (81, 81, 10, '1987-04-27 06:43:16', '1986-07-31 06:45:33');
INSERT INTO `order_item` (`id`, `order_detail_id`, `hotel_room_id`, `created`, `modified`) VALUES (82, 82, 11, '2015-09-05 06:59:26', '2017-02-17 14:12:11');
INSERT INTO `order_item` (`id`, `order_detail_id`, `hotel_room_id`, `created`, `modified`) VALUES (83, 83, 14, '1974-11-06 22:11:15', '2008-08-09 08:51:35');
INSERT INTO `order_item` (`id`, `order_detail_id`, `hotel_room_id`, `created`, `modified`) VALUES (84, 84, 7, '1982-07-02 14:01:27', '2005-07-02 21:00:12');
INSERT INTO `order_item` (`id`, `order_detail_id`, `hotel_room_id`, `created`, `modified`) VALUES (85, 85, 8, '2014-03-29 01:00:23', '2000-12-14 11:50:39');
INSERT INTO `order_item` (`id`, `order_detail_id`, `hotel_room_id`, `created`, `modified`) VALUES (86, 86, 19, '1978-06-24 13:21:10', '2015-01-07 01:33:39');
INSERT INTO `order_item` (`id`, `order_detail_id`, `hotel_room_id`, `created`, `modified`) VALUES (87, 87, 12, '1977-01-22 13:34:59', '1995-10-26 03:04:56');
INSERT INTO `order_item` (`id`, `order_detail_id`, `hotel_room_id`, `created`, `modified`) VALUES (88, 88, 13, '1970-06-24 04:14:25', '2003-10-06 21:08:41');
INSERT INTO `order_item` (`id`, `order_detail_id`, `hotel_room_id`, `created`, `modified`) VALUES (89, 89, 17, '2008-01-30 18:12:03', '1971-07-28 15:23:57');
INSERT INTO `order_item` (`id`, `order_detail_id`, `hotel_room_id`, `created`, `modified`) VALUES (90, 90, 18, '1974-12-17 05:44:08', '2012-12-02 21:06:14');
INSERT INTO `order_item` (`id`, `order_detail_id`, `hotel_room_id`, `created`, `modified`) VALUES (91, 91, 17, '1983-11-23 16:58:03', '2020-10-12 20:58:47');
INSERT INTO `order_item` (`id`, `order_detail_id`, `hotel_room_id`, `created`, `modified`) VALUES (92, 92, 11, '1977-05-21 14:34:50', '1992-11-29 07:53:39');
INSERT INTO `order_item` (`id`, `order_detail_id`, `hotel_room_id`, `created`, `modified`) VALUES (93, 93, 1, '1986-11-03 07:23:36', '2020-02-22 11:51:29');
INSERT INTO `order_item` (`id`, `order_detail_id`, `hotel_room_id`, `created`, `modified`) VALUES (94, 94, 19, '2015-10-22 01:06:11', '1972-07-20 15:20:26');
INSERT INTO `order_item` (`id`, `order_detail_id`, `hotel_room_id`, `created`, `modified`) VALUES (95, 95, 13, '1979-07-29 21:57:58', '1971-12-23 13:12:09');
INSERT INTO `order_item` (`id`, `order_detail_id`, `hotel_room_id`, `created`, `modified`) VALUES (96, 96, 18, '1975-10-21 08:02:10', '2014-08-23 01:39:33');
INSERT INTO `order_item` (`id`, `order_detail_id`, `hotel_room_id`, `created`, `modified`) VALUES (97, 97, 15, '2007-04-19 15:49:54', '2007-05-26 03:29:13');
INSERT INTO `order_item` (`id`, `order_detail_id`, `hotel_room_id`, `created`, `modified`) VALUES (98, 98, 18, '1971-09-16 14:31:25', '1992-03-23 06:49:47');
INSERT INTO `order_item` (`id`, `order_detail_id`, `hotel_room_id`, `created`, `modified`) VALUES (99, 99, 14, '1985-09-22 14:21:23', '2016-01-27 09:53:39');
INSERT INTO `order_item` (`id`, `order_detail_id`, `hotel_room_id`, `created`, `modified`) VALUES (100, 100, 2, '1977-11-30 08:01:30', '2018-07-02 18:48:46');
INSERT INTO `order_item` (`id`, `order_detail_id`, `hotel_room_id`, `created`, `modified`) VALUES (101, 101, 8, '2010-04-20 23:31:34', '2010-02-21 15:54:35');
INSERT INTO `order_item` (`id`, `order_detail_id`, `hotel_room_id`, `created`, `modified`) VALUES (102, 102, 19, '1985-12-12 20:18:55', '2013-07-03 05:38:26');
INSERT INTO `order_item` (`id`, `order_detail_id`, `hotel_room_id`, `created`, `modified`) VALUES (103, 103, 18, '2020-09-08 06:26:22', '1999-05-07 14:58:06');
INSERT INTO `order_item` (`id`, `order_detail_id`, `hotel_room_id`, `created`, `modified`) VALUES (104, 104, 3, '2008-03-13 10:37:52', '2003-06-07 04:16:19');
INSERT INTO `order_item` (`id`, `order_detail_id`, `hotel_room_id`, `created`, `modified`) VALUES (105, 105, 5, '2017-10-02 22:20:15', '1993-11-14 21:09:01');
INSERT INTO `order_item` (`id`, `order_detail_id`, `hotel_room_id`, `created`, `modified`) VALUES (106, 106, 18, '1987-10-18 19:58:47', '2004-06-03 12:06:13');
INSERT INTO `order_item` (`id`, `order_detail_id`, `hotel_room_id`, `created`, `modified`) VALUES (107, 107, 11, '2010-08-03 01:42:23', '1976-04-03 02:30:59');
INSERT INTO `order_item` (`id`, `order_detail_id`, `hotel_room_id`, `created`, `modified`) VALUES (108, 108, 12, '2007-01-30 16:36:27', '1984-04-15 03:30:30');
INSERT INTO `order_item` (`id`, `order_detail_id`, `hotel_room_id`, `created`, `modified`) VALUES (109, 109, 18, '2002-12-31 16:56:19', '2017-08-04 08:11:37');
INSERT INTO `order_item` (`id`, `order_detail_id`, `hotel_room_id`, `created`, `modified`) VALUES (110, 110, 7, '1970-01-31 13:26:59', '2017-06-08 18:23:40');
INSERT INTO `order_item` (`id`, `order_detail_id`, `hotel_room_id`, `created`, `modified`) VALUES (111, 111, 2, '2002-10-28 15:02:58', '2005-07-21 07:47:26');
INSERT INTO `order_item` (`id`, `order_detail_id`, `hotel_room_id`, `created`, `modified`) VALUES (112, 112, 13, '1989-12-09 23:34:57', '1995-12-09 09:17:03');
INSERT INTO `order_item` (`id`, `order_detail_id`, `hotel_room_id`, `created`, `modified`) VALUES (113, 113, 4, '2006-05-05 18:22:26', '1994-04-28 09:53:20');
INSERT INTO `order_item` (`id`, `order_detail_id`, `hotel_room_id`, `created`, `modified`) VALUES (114, 114, 2, '2015-02-06 05:03:48', '1987-10-23 08:23:02');
INSERT INTO `order_item` (`id`, `order_detail_id`, `hotel_room_id`, `created`, `modified`) VALUES (115, 115, 9, '1995-12-24 18:25:52', '1986-03-03 19:23:07');
INSERT INTO `order_item` (`id`, `order_detail_id`, `hotel_room_id`, `created`, `modified`) VALUES (116, 116, 4, '2009-11-25 08:39:18', '2004-05-20 00:54:34');
INSERT INTO `order_item` (`id`, `order_detail_id`, `hotel_room_id`, `created`, `modified`) VALUES (117, 117, 16, '2001-09-03 11:19:49', '1970-10-06 09:39:25');
INSERT INTO `order_item` (`id`, `order_detail_id`, `hotel_room_id`, `created`, `modified`) VALUES (118, 118, 2, '1992-02-28 01:04:08', '2018-02-27 12:57:01');
INSERT INTO `order_item` (`id`, `order_detail_id`, `hotel_room_id`, `created`, `modified`) VALUES (119, 119, 16, '2015-01-02 01:10:18', '2015-01-29 20:16:14');
INSERT INTO `order_item` (`id`, `order_detail_id`, `hotel_room_id`, `created`, `modified`) VALUES (120, 120, 15, '1974-04-11 21:09:47', '1977-12-08 03:54:15');
INSERT INTO `order_item` (`id`, `order_detail_id`, `hotel_room_id`, `created`, `modified`) VALUES (121, 121, 8, '2006-06-05 06:46:04', '1986-06-11 07:09:10');
INSERT INTO `order_item` (`id`, `order_detail_id`, `hotel_room_id`, `created`, `modified`) VALUES (122, 122, 5, '2018-03-30 10:07:56', '1986-12-26 00:39:56');
INSERT INTO `order_item` (`id`, `order_detail_id`, `hotel_room_id`, `created`, `modified`) VALUES (123, 123, 3, '2005-02-13 16:22:44', '1987-02-16 03:38:30');
INSERT INTO `order_item` (`id`, `order_detail_id`, `hotel_room_id`, `created`, `modified`) VALUES (124, 124, 8, '1987-08-07 01:51:50', '2016-08-15 00:50:29');
INSERT INTO `order_item` (`id`, `order_detail_id`, `hotel_room_id`, `created`, `modified`) VALUES (125, 125, 11, '2013-12-10 10:42:38', '2018-03-29 20:46:31');
INSERT INTO `order_item` (`id`, `order_detail_id`, `hotel_room_id`, `created`, `modified`) VALUES (126, 126, 10, '1990-06-15 04:41:06', '2012-01-26 23:48:52');
INSERT INTO `order_item` (`id`, `order_detail_id`, `hotel_room_id`, `created`, `modified`) VALUES (127, 127, 7, '1989-10-15 14:42:18', '2008-01-05 22:13:25');
INSERT INTO `order_item` (`id`, `order_detail_id`, `hotel_room_id`, `created`, `modified`) VALUES (128, 128, 10, '1985-07-19 22:58:25', '1998-03-25 03:37:55');
INSERT INTO `order_item` (`id`, `order_detail_id`, `hotel_room_id`, `created`, `modified`) VALUES (129, 129, 4, '2014-06-11 12:00:49', '1979-07-22 06:36:48');
INSERT INTO `order_item` (`id`, `order_detail_id`, `hotel_room_id`, `created`, `modified`) VALUES (130, 130, 17, '1972-07-10 21:05:36', '2001-08-31 01:27:54');
INSERT INTO `order_item` (`id`, `order_detail_id`, `hotel_room_id`, `created`, `modified`) VALUES (131, 131, 17, '1977-01-03 07:31:39', '2021-02-12 14:54:50');
INSERT INTO `order_item` (`id`, `order_detail_id`, `hotel_room_id`, `created`, `modified`) VALUES (132, 132, 17, '1984-11-08 01:07:36', '2002-06-08 06:32:22');
INSERT INTO `order_item` (`id`, `order_detail_id`, `hotel_room_id`, `created`, `modified`) VALUES (133, 133, 17, '2005-03-18 05:10:13', '2017-10-09 17:07:57');
INSERT INTO `order_item` (`id`, `order_detail_id`, `hotel_room_id`, `created`, `modified`) VALUES (134, 134, 13, '2019-02-08 23:19:28', '1972-12-15 22:37:04');
INSERT INTO `order_item` (`id`, `order_detail_id`, `hotel_room_id`, `created`, `modified`) VALUES (135, 135, 14, '2014-12-17 21:16:02', '1989-05-07 18:17:14');
INSERT INTO `order_item` (`id`, `order_detail_id`, `hotel_room_id`, `created`, `modified`) VALUES (136, 136, 12, '1994-11-17 10:42:14', '2004-07-16 09:17:47');
INSERT INTO `order_item` (`id`, `order_detail_id`, `hotel_room_id`, `created`, `modified`) VALUES (137, 137, 10, '2015-02-14 05:10:29', '1995-06-13 05:44:27');
INSERT INTO `order_item` (`id`, `order_detail_id`, `hotel_room_id`, `created`, `modified`) VALUES (138, 138, 16, '1970-05-30 15:26:17', '2012-01-15 13:16:40');
INSERT INTO `order_item` (`id`, `order_detail_id`, `hotel_room_id`, `created`, `modified`) VALUES (139, 139, 3, '2020-07-12 04:42:11', '1985-10-19 06:38:27');
INSERT INTO `order_item` (`id`, `order_detail_id`, `hotel_room_id`, `created`, `modified`) VALUES (140, 140, 6, '2004-06-23 08:41:50', '1996-07-09 04:12:11');
INSERT INTO `order_item` (`id`, `order_detail_id`, `hotel_room_id`, `created`, `modified`) VALUES (141, 141, 3, '1978-12-27 13:00:43', '2002-10-25 20:43:18');
INSERT INTO `order_item` (`id`, `order_detail_id`, `hotel_room_id`, `created`, `modified`) VALUES (142, 142, 10, '1996-05-05 00:35:08', '2018-11-30 21:22:17');
INSERT INTO `order_item` (`id`, `order_detail_id`, `hotel_room_id`, `created`, `modified`) VALUES (143, 143, 16, '2021-05-02 07:31:59', '1982-08-23 17:04:07');
INSERT INTO `order_item` (`id`, `order_detail_id`, `hotel_room_id`, `created`, `modified`) VALUES (144, 144, 19, '2014-11-13 13:26:22', '2013-07-25 11:47:26');
INSERT INTO `order_item` (`id`, `order_detail_id`, `hotel_room_id`, `created`, `modified`) VALUES (145, 145, 16, '2006-04-04 06:31:30', '1988-03-10 16:44:29');
INSERT INTO `order_item` (`id`, `order_detail_id`, `hotel_room_id`, `created`, `modified`) VALUES (146, 146, 17, '1982-11-11 21:35:20', '1999-07-18 07:26:44');
INSERT INTO `order_item` (`id`, `order_detail_id`, `hotel_room_id`, `created`, `modified`) VALUES (147, 147, 5, '1991-07-24 05:29:41', '1992-06-10 09:46:06');
INSERT INTO `order_item` (`id`, `order_detail_id`, `hotel_room_id`, `created`, `modified`) VALUES (148, 148, 20, '1970-03-20 02:38:58', '1994-01-10 13:10:57');
INSERT INTO `order_item` (`id`, `order_detail_id`, `hotel_room_id`, `created`, `modified`) VALUES (149, 149, 9, '2014-02-08 11:49:06', '1990-06-16 02:00:33');
INSERT INTO `order_item` (`id`, `order_detail_id`, `hotel_room_id`, `created`, `modified`) VALUES (150, 150, 15, '1991-04-10 16:55:56', '1972-10-19 05:48:46');
INSERT INTO `order_item` (`id`, `order_detail_id`, `hotel_room_id`, `created`, `modified`) VALUES (151, 151, 12, '1998-06-01 15:53:51', '2012-06-30 16:27:42');
INSERT INTO `order_item` (`id`, `order_detail_id`, `hotel_room_id`, `created`, `modified`) VALUES (152, 152, 7, '2010-04-27 08:56:57', '1978-04-02 15:13:17');
INSERT INTO `order_item` (`id`, `order_detail_id`, `hotel_room_id`, `created`, `modified`) VALUES (153, 153, 3, '1971-07-07 21:45:40', '1987-07-24 00:02:21');
INSERT INTO `order_item` (`id`, `order_detail_id`, `hotel_room_id`, `created`, `modified`) VALUES (154, 154, 20, '2015-02-24 05:43:26', '2021-02-01 02:52:08');
INSERT INTO `order_item` (`id`, `order_detail_id`, `hotel_room_id`, `created`, `modified`) VALUES (155, 155, 7, '2008-12-26 11:29:19', '1975-11-04 12:37:56');
INSERT INTO `order_item` (`id`, `order_detail_id`, `hotel_room_id`, `created`, `modified`) VALUES (156, 156, 18, '1995-01-07 03:19:17', '2001-01-24 17:39:15');
INSERT INTO `order_item` (`id`, `order_detail_id`, `hotel_room_id`, `created`, `modified`) VALUES (157, 157, 11, '2017-05-30 14:34:32', '1990-07-08 02:54:33');
INSERT INTO `order_item` (`id`, `order_detail_id`, `hotel_room_id`, `created`, `modified`) VALUES (158, 158, 5, '1986-04-27 10:08:02', '2008-02-29 22:22:15');
INSERT INTO `order_item` (`id`, `order_detail_id`, `hotel_room_id`, `created`, `modified`) VALUES (159, 159, 13, '1979-01-01 20:59:36', '2005-05-29 09:55:08');
INSERT INTO `order_item` (`id`, `order_detail_id`, `hotel_room_id`, `created`, `modified`) VALUES (160, 160, 12, '1975-11-12 21:18:49', '1991-10-03 07:46:19');
INSERT INTO `order_item` (`id`, `order_detail_id`, `hotel_room_id`, `created`, `modified`) VALUES (161, 161, 1, '1994-11-26 09:42:31', '1971-02-13 16:21:24');
INSERT INTO `order_item` (`id`, `order_detail_id`, `hotel_room_id`, `created`, `modified`) VALUES (162, 162, 10, '2014-03-17 12:02:53', '1993-09-05 07:51:24');
INSERT INTO `order_item` (`id`, `order_detail_id`, `hotel_room_id`, `created`, `modified`) VALUES (163, 163, 16, '1996-06-03 23:10:15', '1997-07-01 14:18:13');
INSERT INTO `order_item` (`id`, `order_detail_id`, `hotel_room_id`, `created`, `modified`) VALUES (164, 164, 1, '2004-10-17 14:18:29', '1995-12-08 16:55:31');
INSERT INTO `order_item` (`id`, `order_detail_id`, `hotel_room_id`, `created`, `modified`) VALUES (165, 165, 20, '1996-08-08 04:54:40', '1971-05-14 20:41:57');
INSERT INTO `order_item` (`id`, `order_detail_id`, `hotel_room_id`, `created`, `modified`) VALUES (166, 166, 15, '1982-04-06 13:10:46', '2018-07-14 22:51:56');
INSERT INTO `order_item` (`id`, `order_detail_id`, `hotel_room_id`, `created`, `modified`) VALUES (167, 167, 7, '2018-10-17 02:06:06', '1972-07-20 14:41:11');
INSERT INTO `order_item` (`id`, `order_detail_id`, `hotel_room_id`, `created`, `modified`) VALUES (168, 168, 2, '1998-04-08 20:13:58', '1974-01-19 07:48:09');
INSERT INTO `order_item` (`id`, `order_detail_id`, `hotel_room_id`, `created`, `modified`) VALUES (169, 169, 16, '1979-10-05 14:22:17', '1971-11-22 20:52:08');
INSERT INTO `order_item` (`id`, `order_detail_id`, `hotel_room_id`, `created`, `modified`) VALUES (170, 170, 6, '1981-08-11 08:24:12', '2013-09-21 01:54:17');
INSERT INTO `order_item` (`id`, `order_detail_id`, `hotel_room_id`, `created`, `modified`) VALUES (171, 171, 8, '1979-08-06 19:33:05', '1985-09-23 17:02:39');
INSERT INTO `order_item` (`id`, `order_detail_id`, `hotel_room_id`, `created`, `modified`) VALUES (172, 172, 16, '2013-03-25 10:19:23', '2014-02-21 14:14:05');
INSERT INTO `order_item` (`id`, `order_detail_id`, `hotel_room_id`, `created`, `modified`) VALUES (173, 173, 8, '2011-03-06 06:45:10', '2007-08-19 23:46:04');
INSERT INTO `order_item` (`id`, `order_detail_id`, `hotel_room_id`, `created`, `modified`) VALUES (174, 174, 15, '1998-09-19 14:35:13', '1980-03-23 04:15:49');
INSERT INTO `order_item` (`id`, `order_detail_id`, `hotel_room_id`, `created`, `modified`) VALUES (175, 175, 17, '2002-01-15 01:57:49', '2004-01-08 01:25:17');
INSERT INTO `order_item` (`id`, `order_detail_id`, `hotel_room_id`, `created`, `modified`) VALUES (176, 176, 5, '1988-12-28 22:50:00', '1995-03-21 08:20:45');
INSERT INTO `order_item` (`id`, `order_detail_id`, `hotel_room_id`, `created`, `modified`) VALUES (177, 177, 15, '2018-11-09 00:42:19', '1996-09-23 23:50:17');
INSERT INTO `order_item` (`id`, `order_detail_id`, `hotel_room_id`, `created`, `modified`) VALUES (178, 178, 19, '2015-04-01 16:23:33', '2002-03-06 12:06:29');
INSERT INTO `order_item` (`id`, `order_detail_id`, `hotel_room_id`, `created`, `modified`) VALUES (179, 179, 13, '2013-04-06 14:40:59', '1998-01-05 17:01:03');
INSERT INTO `order_item` (`id`, `order_detail_id`, `hotel_room_id`, `created`, `modified`) VALUES (180, 180, 10, '2015-05-01 13:02:06', '1999-09-02 18:11:12');
INSERT INTO `order_item` (`id`, `order_detail_id`, `hotel_room_id`, `created`, `modified`) VALUES (181, 181, 11, '2012-01-27 07:08:11', '1999-02-16 13:44:08');
INSERT INTO `order_item` (`id`, `order_detail_id`, `hotel_room_id`, `created`, `modified`) VALUES (182, 182, 7, '1971-06-18 22:39:22', '1979-09-29 08:08:52');
INSERT INTO `order_item` (`id`, `order_detail_id`, `hotel_room_id`, `created`, `modified`) VALUES (183, 183, 20, '1974-02-06 20:45:23', '1982-10-02 20:02:04');
INSERT INTO `order_item` (`id`, `order_detail_id`, `hotel_room_id`, `created`, `modified`) VALUES (184, 184, 6, '1997-11-25 04:13:33', '1986-04-26 21:26:01');
INSERT INTO `order_item` (`id`, `order_detail_id`, `hotel_room_id`, `created`, `modified`) VALUES (185, 185, 17, '2013-09-04 00:45:51', '2010-11-12 09:41:20');
INSERT INTO `order_item` (`id`, `order_detail_id`, `hotel_room_id`, `created`, `modified`) VALUES (186, 186, 17, '1989-09-12 07:35:56', '2001-04-06 02:39:58');
INSERT INTO `order_item` (`id`, `order_detail_id`, `hotel_room_id`, `created`, `modified`) VALUES (187, 187, 3, '1975-11-24 19:02:20', '2012-06-13 20:17:02');
INSERT INTO `order_item` (`id`, `order_detail_id`, `hotel_room_id`, `created`, `modified`) VALUES (188, 188, 18, '2011-01-04 20:47:44', '2006-05-12 14:43:53');
INSERT INTO `order_item` (`id`, `order_detail_id`, `hotel_room_id`, `created`, `modified`) VALUES (189, 189, 20, '1990-07-20 02:38:16', '1983-02-28 15:31:11');
INSERT INTO `order_item` (`id`, `order_detail_id`, `hotel_room_id`, `created`, `modified`) VALUES (190, 190, 18, '1998-08-15 07:34:38', '1988-01-11 22:59:47');
INSERT INTO `order_item` (`id`, `order_detail_id`, `hotel_room_id`, `created`, `modified`) VALUES (191, 191, 2, '2013-02-24 13:42:21', '1987-05-29 18:22:14');
INSERT INTO `order_item` (`id`, `order_detail_id`, `hotel_room_id`, `created`, `modified`) VALUES (192, 192, 18, '1975-09-06 11:17:50', '2020-11-04 09:44:25');
INSERT INTO `order_item` (`id`, `order_detail_id`, `hotel_room_id`, `created`, `modified`) VALUES (193, 193, 11, '1980-03-08 08:01:55', '1985-09-23 12:52:34');
INSERT INTO `order_item` (`id`, `order_detail_id`, `hotel_room_id`, `created`, `modified`) VALUES (194, 194, 2, '1994-01-14 00:11:15', '1994-06-05 10:04:27');
INSERT INTO `order_item` (`id`, `order_detail_id`, `hotel_room_id`, `created`, `modified`) VALUES (195, 195, 10, '1977-01-24 06:46:23', '2012-06-06 12:43:16');
INSERT INTO `order_item` (`id`, `order_detail_id`, `hotel_room_id`, `created`, `modified`) VALUES (196, 196, 14, '1996-11-14 04:24:49', '1971-11-21 06:49:53');
INSERT INTO `order_item` (`id`, `order_detail_id`, `hotel_room_id`, `created`, `modified`) VALUES (197, 197, 18, '2018-12-05 20:31:54', '2013-03-24 12:37:17');
INSERT INTO `order_item` (`id`, `order_detail_id`, `hotel_room_id`, `created`, `modified`) VALUES (198, 198, 14, '1998-08-19 06:06:36', '1971-10-22 21:47:36');
INSERT INTO `order_item` (`id`, `order_detail_id`, `hotel_room_id`, `created`, `modified`) VALUES (199, 199, 10, '1987-11-06 14:36:07', '2001-02-13 09:06:12');
INSERT INTO `order_item` (`id`, `order_detail_id`, `hotel_room_id`, `created`, `modified`) VALUES (200, 200, 2, '2014-05-24 14:33:08', '1997-09-05 05:05:02');

INSERT INTO `like` (`id`, `target_type`, `target_id`, `created`, `gest_id`) VALUES (1, 'message', 20, '2021-03-02 17:00:26', 14);
INSERT INTO `like` (`id`, `target_type`, `target_id`, `created`, `gest_id`) VALUES (2, 'message', 6, '1997-11-12 01:12:15', 74);
INSERT INTO `like` (`id`, `target_type`, `target_id`, `created`, `gest_id`) VALUES (3, 'hotel', 12, '2006-06-30 23:57:04', 87);
INSERT INTO `like` (`id`, `target_type`, `target_id`, `created`, `gest_id`) VALUES (4, 'message', 3, '1978-06-09 16:05:57', 50);
INSERT INTO `like` (`id`, `target_type`, `target_id`, `created`, `gest_id`) VALUES (5, 'hotel', 5, '1981-05-23 14:55:41', 56);
INSERT INTO `like` (`id`, `target_type`, `target_id`, `created`, `gest_id`) VALUES (6, 'message', 19, '2011-04-21 05:13:59', 52);
INSERT INTO `like` (`id`, `target_type`, `target_id`, `created`, `gest_id`) VALUES (7, 'hotel', 19, '2014-12-31 03:50:10', 24);
INSERT INTO `like` (`id`, `target_type`, `target_id`, `created`, `gest_id`) VALUES (8, 'hotel', 18, '2013-08-27 06:43:19', 49);
INSERT INTO `like` (`id`, `target_type`, `target_id`, `created`, `gest_id`) VALUES (9, 'hotel', 16, '1982-11-02 21:36:31', 85);
INSERT INTO `like` (`id`, `target_type`, `target_id`, `created`, `gest_id`) VALUES (10, 'message', 5, '2004-06-02 05:42:54', 65);
INSERT INTO `like` (`id`, `target_type`, `target_id`, `created`, `gest_id`) VALUES (11, 'message', 14, '2021-02-22 07:36:23', 28);
INSERT INTO `like` (`id`, `target_type`, `target_id`, `created`, `gest_id`) VALUES (12, 'hotel', 12, '1980-05-03 09:28:07', 12);
INSERT INTO `like` (`id`, `target_type`, `target_id`, `created`, `gest_id`) VALUES (13, 'hotel', 1, '2020-08-12 21:01:44', 5);
INSERT INTO `like` (`id`, `target_type`, `target_id`, `created`, `gest_id`) VALUES (14, 'hotel', 12, '2019-11-14 05:07:06', 6);
INSERT INTO `like` (`id`, `target_type`, `target_id`, `created`, `gest_id`) VALUES (15, 'hotel', 11, '1975-04-13 03:25:48', 37);
INSERT INTO `like` (`id`, `target_type`, `target_id`, `created`, `gest_id`) VALUES (16, 'hotel', 7, '1994-03-19 16:13:34', 20);
INSERT INTO `like` (`id`, `target_type`, `target_id`, `created`, `gest_id`) VALUES (17, 'hotel', 11, '1975-01-16 10:37:32', 69);
INSERT INTO `like` (`id`, `target_type`, `target_id`, `created`, `gest_id`) VALUES (18, 'message', 14, '1986-01-29 01:41:24', 13);
INSERT INTO `like` (`id`, `target_type`, `target_id`, `created`, `gest_id`) VALUES (19, 'message', 19, '2008-09-26 00:40:32', 52);
INSERT INTO `like` (`id`, `target_type`, `target_id`, `created`, `gest_id`) VALUES (20, 'message', 18, '2001-01-05 00:05:44', 10);
INSERT INTO `like` (`id`, `target_type`, `target_id`, `created`, `gest_id`) VALUES (21, 'message', 9, '1986-01-28 11:08:14', 42);
INSERT INTO `like` (`id`, `target_type`, `target_id`, `created`, `gest_id`) VALUES (22, 'message', 12, '1971-12-07 02:56:52', 51);
INSERT INTO `like` (`id`, `target_type`, `target_id`, `created`, `gest_id`) VALUES (23, 'message', 1, '1982-01-30 02:26:22', 25);
INSERT INTO `like` (`id`, `target_type`, `target_id`, `created`, `gest_id`) VALUES (24, 'message', 17, '2012-12-23 13:20:14', 65);
INSERT INTO `like` (`id`, `target_type`, `target_id`, `created`, `gest_id`) VALUES (25, 'hotel', 2, '2008-02-09 13:54:22', 83);
INSERT INTO `like` (`id`, `target_type`, `target_id`, `created`, `gest_id`) VALUES (26, 'hotel', 9, '1993-06-02 09:53:24', 92);
INSERT INTO `like` (`id`, `target_type`, `target_id`, `created`, `gest_id`) VALUES (27, 'hotel', 3, '1992-05-30 16:50:30', 56);
INSERT INTO `like` (`id`, `target_type`, `target_id`, `created`, `gest_id`) VALUES (28, 'hotel', 12, '2005-08-10 23:17:18', 74);
INSERT INTO `like` (`id`, `target_type`, `target_id`, `created`, `gest_id`) VALUES (29, 'hotel', 8, '1976-04-30 23:30:18', 93);
INSERT INTO `like` (`id`, `target_type`, `target_id`, `created`, `gest_id`) VALUES (30, 'hotel', 15, '1973-06-27 15:55:14', 8);
INSERT INTO `like` (`id`, `target_type`, `target_id`, `created`, `gest_id`) VALUES (31, 'hotel', 18, '2006-01-10 20:22:36', 19);
INSERT INTO `like` (`id`, `target_type`, `target_id`, `created`, `gest_id`) VALUES (32, 'hotel', 10, '2008-03-14 16:51:39', 84);
INSERT INTO `like` (`id`, `target_type`, `target_id`, `created`, `gest_id`) VALUES (33, 'message', 10, '2006-08-31 07:34:13', 53);
INSERT INTO `like` (`id`, `target_type`, `target_id`, `created`, `gest_id`) VALUES (34, 'message', 12, '2003-05-24 17:52:52', 27);
INSERT INTO `like` (`id`, `target_type`, `target_id`, `created`, `gest_id`) VALUES (35, 'hotel', 8, '2016-08-04 00:24:43', 32);
INSERT INTO `like` (`id`, `target_type`, `target_id`, `created`, `gest_id`) VALUES (36, 'hotel', 10, '2010-07-11 14:27:24', 94);
INSERT INTO `like` (`id`, `target_type`, `target_id`, `created`, `gest_id`) VALUES (37, 'message', 16, '2001-05-06 23:27:43', 90);
INSERT INTO `like` (`id`, `target_type`, `target_id`, `created`, `gest_id`) VALUES (38, 'hotel', 5, '1987-03-23 17:21:39', 54);
INSERT INTO `like` (`id`, `target_type`, `target_id`, `created`, `gest_id`) VALUES (39, 'hotel', 8, '2007-10-05 12:34:24', 33);
INSERT INTO `like` (`id`, `target_type`, `target_id`, `created`, `gest_id`) VALUES (40, 'message', 6, '2015-07-25 11:48:59', 59);
INSERT INTO `like` (`id`, `target_type`, `target_id`, `created`, `gest_id`) VALUES (41, 'hotel', 5, '1974-02-25 17:30:23', 7);
INSERT INTO `like` (`id`, `target_type`, `target_id`, `created`, `gest_id`) VALUES (42, 'hotel', 10, '1980-06-07 01:47:57', 45);
INSERT INTO `like` (`id`, `target_type`, `target_id`, `created`, `gest_id`) VALUES (43, 'hotel', 5, '1986-02-27 23:57:15', 51);
INSERT INTO `like` (`id`, `target_type`, `target_id`, `created`, `gest_id`) VALUES (44, 'hotel', 6, '1976-05-23 20:33:56', 21);
INSERT INTO `like` (`id`, `target_type`, `target_id`, `created`, `gest_id`) VALUES (45, 'hotel', 13, '2008-04-26 11:41:58', 1);
INSERT INTO `like` (`id`, `target_type`, `target_id`, `created`, `gest_id`) VALUES (46, 'message', 1, '1997-10-03 06:18:14', 90);
INSERT INTO `like` (`id`, `target_type`, `target_id`, `created`, `gest_id`) VALUES (47, 'hotel', 1, '1974-03-08 02:36:44', 57);
INSERT INTO `like` (`id`, `target_type`, `target_id`, `created`, `gest_id`) VALUES (48, 'hotel', 12, '1974-08-10 16:08:17', 54);
INSERT INTO `like` (`id`, `target_type`, `target_id`, `created`, `gest_id`) VALUES (49, 'message', 17, '2014-12-24 04:08:39', 86);
INSERT INTO `like` (`id`, `target_type`, `target_id`, `created`, `gest_id`) VALUES (50, 'hotel', 8, '2004-07-08 03:32:50', 28);
INSERT INTO `like` (`id`, `target_type`, `target_id`, `created`, `gest_id`) VALUES (51, 'hotel', 19, '2007-08-09 22:11:37', 62);
INSERT INTO `like` (`id`, `target_type`, `target_id`, `created`, `gest_id`) VALUES (52, 'hotel', 5, '1970-08-02 07:46:54', 42);
INSERT INTO `like` (`id`, `target_type`, `target_id`, `created`, `gest_id`) VALUES (53, 'hotel', 5, '1995-03-23 16:32:20', 33);
INSERT INTO `like` (`id`, `target_type`, `target_id`, `created`, `gest_id`) VALUES (54, 'message', 20, '1972-11-04 00:40:10', 7);
INSERT INTO `like` (`id`, `target_type`, `target_id`, `created`, `gest_id`) VALUES (55, 'hotel', 12, '1984-11-14 20:24:59', 92);
INSERT INTO `like` (`id`, `target_type`, `target_id`, `created`, `gest_id`) VALUES (56, 'message', 10, '2003-07-31 08:39:28', 34);
INSERT INTO `like` (`id`, `target_type`, `target_id`, `created`, `gest_id`) VALUES (57, 'hotel', 15, '1986-07-17 22:40:57', 99);
INSERT INTO `like` (`id`, `target_type`, `target_id`, `created`, `gest_id`) VALUES (58, 'hotel', 5, '2003-10-14 06:16:20', 69);
INSERT INTO `like` (`id`, `target_type`, `target_id`, `created`, `gest_id`) VALUES (59, 'hotel', 8, '2002-04-26 19:31:39', 18);
INSERT INTO `like` (`id`, `target_type`, `target_id`, `created`, `gest_id`) VALUES (60, 'hotel', 7, '1976-02-18 15:08:23', 23);
INSERT INTO `like` (`id`, `target_type`, `target_id`, `created`, `gest_id`) VALUES (61, 'message', 13, '1998-11-25 22:53:44', 97);
INSERT INTO `like` (`id`, `target_type`, `target_id`, `created`, `gest_id`) VALUES (62, 'hotel', 17, '1981-03-04 09:00:44', 66);
INSERT INTO `like` (`id`, `target_type`, `target_id`, `created`, `gest_id`) VALUES (63, 'hotel', 12, '1995-10-06 09:36:00', 47);
INSERT INTO `like` (`id`, `target_type`, `target_id`, `created`, `gest_id`) VALUES (64, 'hotel', 6, '1989-04-17 16:37:24', 59);
INSERT INTO `like` (`id`, `target_type`, `target_id`, `created`, `gest_id`) VALUES (65, 'message', 14, '1992-10-18 11:07:45', 21);
INSERT INTO `like` (`id`, `target_type`, `target_id`, `created`, `gest_id`) VALUES (66, 'message', 4, '1999-11-01 00:38:20', 34);
INSERT INTO `like` (`id`, `target_type`, `target_id`, `created`, `gest_id`) VALUES (67, 'message', 13, '2000-10-27 14:45:06', 49);
INSERT INTO `like` (`id`, `target_type`, `target_id`, `created`, `gest_id`) VALUES (68, 'hotel', 19, '1994-11-21 10:38:55', 93);
INSERT INTO `like` (`id`, `target_type`, `target_id`, `created`, `gest_id`) VALUES (69, 'hotel', 8, '1998-07-17 03:06:17', 84);
INSERT INTO `like` (`id`, `target_type`, `target_id`, `created`, `gest_id`) VALUES (70, 'hotel', 10, '2007-12-09 21:24:55', 4);
INSERT INTO `like` (`id`, `target_type`, `target_id`, `created`, `gest_id`) VALUES (71, 'message', 1, '1988-02-24 20:27:29', 25);
INSERT INTO `like` (`id`, `target_type`, `target_id`, `created`, `gest_id`) VALUES (72, 'hotel', 8, '1983-10-27 05:01:31', 99);
INSERT INTO `like` (`id`, `target_type`, `target_id`, `created`, `gest_id`) VALUES (73, 'message', 12, '2010-10-22 10:57:24', 12);
INSERT INTO `like` (`id`, `target_type`, `target_id`, `created`, `gest_id`) VALUES (74, 'hotel', 12, '2019-07-31 07:45:11', 68);
INSERT INTO `like` (`id`, `target_type`, `target_id`, `created`, `gest_id`) VALUES (75, 'hotel', 8, '2000-06-01 08:48:17', 44);
INSERT INTO `like` (`id`, `target_type`, `target_id`, `created`, `gest_id`) VALUES (76, 'message', 12, '1997-02-18 17:44:04', 92);
INSERT INTO `like` (`id`, `target_type`, `target_id`, `created`, `gest_id`) VALUES (77, 'message', 4, '2007-12-17 21:15:31', 3);
INSERT INTO `like` (`id`, `target_type`, `target_id`, `created`, `gest_id`) VALUES (78, 'message', 16, '1996-11-05 16:38:59', 41);
INSERT INTO `like` (`id`, `target_type`, `target_id`, `created`, `gest_id`) VALUES (79, 'hotel', 14, '2003-11-30 16:51:46', 3);
INSERT INTO `like` (`id`, `target_type`, `target_id`, `created`, `gest_id`) VALUES (80, 'message', 11, '2011-12-06 00:45:55', 54);
INSERT INTO `like` (`id`, `target_type`, `target_id`, `created`, `gest_id`) VALUES (81, 'message', 4, '1973-07-07 08:51:00', 83);
INSERT INTO `like` (`id`, `target_type`, `target_id`, `created`, `gest_id`) VALUES (82, 'hotel', 2, '1994-10-18 22:13:36', 25);
INSERT INTO `like` (`id`, `target_type`, `target_id`, `created`, `gest_id`) VALUES (83, 'message', 7, '2010-09-11 16:59:21', 80);
INSERT INTO `like` (`id`, `target_type`, `target_id`, `created`, `gest_id`) VALUES (84, 'hotel', 12, '1989-11-11 05:03:38', 32);
INSERT INTO `like` (`id`, `target_type`, `target_id`, `created`, `gest_id`) VALUES (85, 'message', 9, '2006-02-28 06:21:21', 3);
INSERT INTO `like` (`id`, `target_type`, `target_id`, `created`, `gest_id`) VALUES (86, 'hotel', 12, '1981-04-19 05:38:15', 15);
INSERT INTO `like` (`id`, `target_type`, `target_id`, `created`, `gest_id`) VALUES (87, 'hotel', 15, '1995-09-16 22:02:58', 3);
INSERT INTO `like` (`id`, `target_type`, `target_id`, `created`, `gest_id`) VALUES (88, 'message', 4, '2000-06-21 18:40:40', 63);
INSERT INTO `like` (`id`, `target_type`, `target_id`, `created`, `gest_id`) VALUES (89, 'message', 8, '2007-10-08 19:56:19', 44);
INSERT INTO `like` (`id`, `target_type`, `target_id`, `created`, `gest_id`) VALUES (90, 'hotel', 10, '1973-02-13 09:49:22', 83);
INSERT INTO `like` (`id`, `target_type`, `target_id`, `created`, `gest_id`) VALUES (91, 'message', 1, '2001-04-15 11:21:40', 9);
INSERT INTO `like` (`id`, `target_type`, `target_id`, `created`, `gest_id`) VALUES (92, 'hotel', 5, '2015-10-10 04:17:51', 57);
INSERT INTO `like` (`id`, `target_type`, `target_id`, `created`, `gest_id`) VALUES (93, 'message', 11, '1991-06-04 13:01:52', 1);
INSERT INTO `like` (`id`, `target_type`, `target_id`, `created`, `gest_id`) VALUES (94, 'message', 11, '1995-04-26 21:41:44', 86);
INSERT INTO `like` (`id`, `target_type`, `target_id`, `created`, `gest_id`) VALUES (95, 'message', 10, '1981-02-12 00:20:13', 6);
INSERT INTO `like` (`id`, `target_type`, `target_id`, `created`, `gest_id`) VALUES (96, 'message', 12, '1985-08-06 17:48:59', 95);
INSERT INTO `like` (`id`, `target_type`, `target_id`, `created`, `gest_id`) VALUES (97, 'hotel', 4, '1973-10-31 11:00:14', 94);
INSERT INTO `like` (`id`, `target_type`, `target_id`, `created`, `gest_id`) VALUES (98, 'message', 6, '2009-04-02 13:18:22', 13);
INSERT INTO `like` (`id`, `target_type`, `target_id`, `created`, `gest_id`) VALUES (99, 'message', 8, '2013-06-12 16:18:08', 40);
INSERT INTO `like` (`id`, `target_type`, `target_id`, `created`, `gest_id`) VALUES (100, 'message', 14, '2010-06-16 10:09:27', 14);
INSERT INTO `like` (`id`, `target_type`, `target_id`, `created`, `gest_id`) VALUES (101, 'hotel', 10, '2010-07-23 17:50:52', 82);
INSERT INTO `like` (`id`, `target_type`, `target_id`, `created`, `gest_id`) VALUES (102, 'hotel', 6, '1989-02-27 19:07:53', 88);
INSERT INTO `like` (`id`, `target_type`, `target_id`, `created`, `gest_id`) VALUES (103, 'message', 19, '1981-11-14 09:16:34', 84);
INSERT INTO `like` (`id`, `target_type`, `target_id`, `created`, `gest_id`) VALUES (104, 'hotel', 12, '2008-01-15 22:50:19', 52);
INSERT INTO `like` (`id`, `target_type`, `target_id`, `created`, `gest_id`) VALUES (105, 'message', 2, '1983-05-31 06:39:37', 85);
INSERT INTO `like` (`id`, `target_type`, `target_id`, `created`, `gest_id`) VALUES (106, 'message', 1, '1981-01-17 06:08:12', 44);
INSERT INTO `like` (`id`, `target_type`, `target_id`, `created`, `gest_id`) VALUES (107, 'message', 9, '1994-10-25 06:28:19', 100);
INSERT INTO `like` (`id`, `target_type`, `target_id`, `created`, `gest_id`) VALUES (108, 'hotel', 6, '2011-06-16 19:21:14', 19);
INSERT INTO `like` (`id`, `target_type`, `target_id`, `created`, `gest_id`) VALUES (109, 'message', 3, '2003-02-17 12:11:00', 84);
INSERT INTO `like` (`id`, `target_type`, `target_id`, `created`, `gest_id`) VALUES (110, 'message', 4, '1983-11-17 01:24:52', 28);
INSERT INTO `like` (`id`, `target_type`, `target_id`, `created`, `gest_id`) VALUES (111, 'hotel', 2, '1988-01-23 21:51:01', 83);
INSERT INTO `like` (`id`, `target_type`, `target_id`, `created`, `gest_id`) VALUES (112, 'hotel', 16, '1973-03-10 17:13:43', 16);
INSERT INTO `like` (`id`, `target_type`, `target_id`, `created`, `gest_id`) VALUES (113, 'message', 8, '2010-12-06 21:05:30', 22);
INSERT INTO `like` (`id`, `target_type`, `target_id`, `created`, `gest_id`) VALUES (114, 'message', 12, '1972-12-24 03:45:57', 26);
INSERT INTO `like` (`id`, `target_type`, `target_id`, `created`, `gest_id`) VALUES (115, 'message', 8, '1980-03-01 07:06:01', 62);
INSERT INTO `like` (`id`, `target_type`, `target_id`, `created`, `gest_id`) VALUES (116, 'hotel', 7, '2004-11-04 07:36:41', 49);
INSERT INTO `like` (`id`, `target_type`, `target_id`, `created`, `gest_id`) VALUES (117, 'hotel', 17, '1997-10-07 08:24:56', 17);
INSERT INTO `like` (`id`, `target_type`, `target_id`, `created`, `gest_id`) VALUES (118, 'hotel', 18, '1989-12-16 03:50:00', 18);
INSERT INTO `like` (`id`, `target_type`, `target_id`, `created`, `gest_id`) VALUES (119, 'message', 20, '1977-07-23 08:39:13', 71);
INSERT INTO `like` (`id`, `target_type`, `target_id`, `created`, `gest_id`) VALUES (120, 'hotel', 17, '2010-08-21 05:35:00', 2);
INSERT INTO `like` (`id`, `target_type`, `target_id`, `created`, `gest_id`) VALUES (121, 'hotel', 5, '2011-06-01 19:49:03', 48);
INSERT INTO `like` (`id`, `target_type`, `target_id`, `created`, `gest_id`) VALUES (122, 'message', 14, '1974-05-04 15:55:01', 44);
INSERT INTO `like` (`id`, `target_type`, `target_id`, `created`, `gest_id`) VALUES (123, 'message', 14, '2004-10-29 04:51:25', 47);
INSERT INTO `like` (`id`, `target_type`, `target_id`, `created`, `gest_id`) VALUES (124, 'hotel', 9, '1971-08-18 05:30:51', 90);
INSERT INTO `like` (`id`, `target_type`, `target_id`, `created`, `gest_id`) VALUES (125, 'hotel', 13, '2008-04-14 05:31:23', 20);
INSERT INTO `like` (`id`, `target_type`, `target_id`, `created`, `gest_id`) VALUES (126, 'hotel', 14, '2014-07-16 22:08:21', 52);
INSERT INTO `like` (`id`, `target_type`, `target_id`, `created`, `gest_id`) VALUES (127, 'message', 18, '2005-12-21 17:40:09', 3);
INSERT INTO `like` (`id`, `target_type`, `target_id`, `created`, `gest_id`) VALUES (128, 'message', 15, '1993-10-19 17:42:08', 61);
INSERT INTO `like` (`id`, `target_type`, `target_id`, `created`, `gest_id`) VALUES (129, 'message', 16, '2001-05-28 08:53:34', 13);
INSERT INTO `like` (`id`, `target_type`, `target_id`, `created`, `gest_id`) VALUES (130, 'message', 11, '1996-06-16 22:54:09', 37);
INSERT INTO `like` (`id`, `target_type`, `target_id`, `created`, `gest_id`) VALUES (131, 'hotel', 5, '2011-07-13 16:11:43', 83);
INSERT INTO `like` (`id`, `target_type`, `target_id`, `created`, `gest_id`) VALUES (132, 'message', 16, '2010-07-01 01:12:05', 66);
INSERT INTO `like` (`id`, `target_type`, `target_id`, `created`, `gest_id`) VALUES (133, 'message', 19, '2015-05-28 11:36:46', 87);
INSERT INTO `like` (`id`, `target_type`, `target_id`, `created`, `gest_id`) VALUES (134, 'hotel', 7, '1980-03-23 14:28:52', 19);
INSERT INTO `like` (`id`, `target_type`, `target_id`, `created`, `gest_id`) VALUES (135, 'message', 7, '1987-06-21 11:17:39', 10);
INSERT INTO `like` (`id`, `target_type`, `target_id`, `created`, `gest_id`) VALUES (136, 'hotel', 8, '2018-10-18 11:04:48', 71);
INSERT INTO `like` (`id`, `target_type`, `target_id`, `created`, `gest_id`) VALUES (137, 'hotel', 12, '2002-02-10 01:33:27', 13);
INSERT INTO `like` (`id`, `target_type`, `target_id`, `created`, `gest_id`) VALUES (138, 'hotel', 10, '1975-06-01 04:14:35', 53);
INSERT INTO `like` (`id`, `target_type`, `target_id`, `created`, `gest_id`) VALUES (139, 'hotel', 19, '2012-12-11 01:34:52', 20);
INSERT INTO `like` (`id`, `target_type`, `target_id`, `created`, `gest_id`) VALUES (140, 'message', 6, '1979-12-22 05:09:56', 42);
INSERT INTO `like` (`id`, `target_type`, `target_id`, `created`, `gest_id`) VALUES (141, 'hotel', 17, '1996-09-14 05:53:33', 25);
INSERT INTO `like` (`id`, `target_type`, `target_id`, `created`, `gest_id`) VALUES (142, 'hotel', 20, '1992-08-27 10:22:44', 22);
INSERT INTO `like` (`id`, `target_type`, `target_id`, `created`, `gest_id`) VALUES (143, 'hotel', 6, '1996-07-13 09:03:12', 55);
INSERT INTO `like` (`id`, `target_type`, `target_id`, `created`, `gest_id`) VALUES (144, 'message', 4, '2001-06-26 12:17:18', 11);
INSERT INTO `like` (`id`, `target_type`, `target_id`, `created`, `gest_id`) VALUES (145, 'hotel', 2, '1986-12-23 10:58:15', 7);
INSERT INTO `like` (`id`, `target_type`, `target_id`, `created`, `gest_id`) VALUES (146, 'hotel', 18, '1970-02-15 23:05:13', 67);
INSERT INTO `like` (`id`, `target_type`, `target_id`, `created`, `gest_id`) VALUES (147, 'message', 15, '1996-05-19 09:02:52', 9);
INSERT INTO `like` (`id`, `target_type`, `target_id`, `created`, `gest_id`) VALUES (148, 'message', 13, '2002-03-11 22:52:41', 49);
INSERT INTO `like` (`id`, `target_type`, `target_id`, `created`, `gest_id`) VALUES (149, 'message', 19, '1998-11-28 02:55:09', 60);
INSERT INTO `like` (`id`, `target_type`, `target_id`, `created`, `gest_id`) VALUES (150, 'hotel', 1, '1985-04-30 09:26:52', 87);
INSERT INTO `like` (`id`, `target_type`, `target_id`, `created`, `gest_id`) VALUES (151, 'hotel', 20, '2018-03-10 11:35:22', 74);
INSERT INTO `like` (`id`, `target_type`, `target_id`, `created`, `gest_id`) VALUES (152, 'hotel', 8, '1982-05-04 18:05:56', 91);
INSERT INTO `like` (`id`, `target_type`, `target_id`, `created`, `gest_id`) VALUES (153, 'message', 2, '1997-07-01 01:57:26', 80);
INSERT INTO `like` (`id`, `target_type`, `target_id`, `created`, `gest_id`) VALUES (154, 'message', 12, '2020-01-18 06:28:15', 79);
INSERT INTO `like` (`id`, `target_type`, `target_id`, `created`, `gest_id`) VALUES (155, 'message', 3, '1974-05-06 20:57:21', 77);
INSERT INTO `like` (`id`, `target_type`, `target_id`, `created`, `gest_id`) VALUES (156, 'message', 15, '2003-02-01 19:29:25', 81);
INSERT INTO `like` (`id`, `target_type`, `target_id`, `created`, `gest_id`) VALUES (157, 'hotel', 19, '1971-08-12 06:46:32', 88);
INSERT INTO `like` (`id`, `target_type`, `target_id`, `created`, `gest_id`) VALUES (158, 'message', 11, '2008-12-09 08:07:00', 21);
INSERT INTO `like` (`id`, `target_type`, `target_id`, `created`, `gest_id`) VALUES (159, 'hotel', 20, '2002-06-15 03:02:46', 15);
INSERT INTO `like` (`id`, `target_type`, `target_id`, `created`, `gest_id`) VALUES (160, 'message', 19, '1971-05-13 01:28:54', 40);
INSERT INTO `like` (`id`, `target_type`, `target_id`, `created`, `gest_id`) VALUES (161, 'hotel', 13, '2005-03-10 13:12:16', 77);
INSERT INTO `like` (`id`, `target_type`, `target_id`, `created`, `gest_id`) VALUES (162, 'hotel', 18, '2016-03-16 02:01:09', 6);
INSERT INTO `like` (`id`, `target_type`, `target_id`, `created`, `gest_id`) VALUES (163, 'message', 8, '2015-02-10 15:33:40', 92);
INSERT INTO `like` (`id`, `target_type`, `target_id`, `created`, `gest_id`) VALUES (164, 'hotel', 10, '1975-10-31 00:42:05', 77);
INSERT INTO `like` (`id`, `target_type`, `target_id`, `created`, `gest_id`) VALUES (165, 'hotel', 15, '2013-08-27 20:39:24', 63);
INSERT INTO `like` (`id`, `target_type`, `target_id`, `created`, `gest_id`) VALUES (166, 'hotel', 18, '1998-02-13 13:02:23', 69);
INSERT INTO `like` (`id`, `target_type`, `target_id`, `created`, `gest_id`) VALUES (167, 'message', 17, '1986-04-09 17:34:04', 6);
INSERT INTO `like` (`id`, `target_type`, `target_id`, `created`, `gest_id`) VALUES (168, 'message', 4, '2002-01-22 19:33:07', 21);
INSERT INTO `like` (`id`, `target_type`, `target_id`, `created`, `gest_id`) VALUES (169, 'hotel', 13, '1977-07-15 17:00:26', 48);
INSERT INTO `like` (`id`, `target_type`, `target_id`, `created`, `gest_id`) VALUES (170, 'hotel', 15, '1978-02-02 06:13:08', 41);
INSERT INTO `like` (`id`, `target_type`, `target_id`, `created`, `gest_id`) VALUES (171, 'hotel', 6, '1979-09-19 20:18:16', 89);
INSERT INTO `like` (`id`, `target_type`, `target_id`, `created`, `gest_id`) VALUES (172, 'hotel', 11, '1980-12-26 22:08:44', 62);
INSERT INTO `like` (`id`, `target_type`, `target_id`, `created`, `gest_id`) VALUES (173, 'hotel', 17, '1970-12-15 16:55:35', 71);
INSERT INTO `like` (`id`, `target_type`, `target_id`, `created`, `gest_id`) VALUES (174, 'hotel', 5, '1976-04-30 11:17:16', 76);
INSERT INTO `like` (`id`, `target_type`, `target_id`, `created`, `gest_id`) VALUES (175, 'hotel', 11, '1998-01-21 11:36:13', 74);
INSERT INTO `like` (`id`, `target_type`, `target_id`, `created`, `gest_id`) VALUES (176, 'message', 19, '1988-06-22 14:06:57', 92);
INSERT INTO `like` (`id`, `target_type`, `target_id`, `created`, `gest_id`) VALUES (177, 'hotel', 9, '1972-05-12 19:15:27', 87);
INSERT INTO `like` (`id`, `target_type`, `target_id`, `created`, `gest_id`) VALUES (178, 'message', 1, '1970-02-15 09:34:53', 40);
INSERT INTO `like` (`id`, `target_type`, `target_id`, `created`, `gest_id`) VALUES (179, 'hotel', 10, '2017-08-04 20:26:43', 95);
INSERT INTO `like` (`id`, `target_type`, `target_id`, `created`, `gest_id`) VALUES (180, 'hotel', 8, '2017-02-05 21:03:18', 17);
INSERT INTO `like` (`id`, `target_type`, `target_id`, `created`, `gest_id`) VALUES (181, 'hotel', 7, '1987-02-24 16:57:02', 14);
INSERT INTO `like` (`id`, `target_type`, `target_id`, `created`, `gest_id`) VALUES (182, 'hotel', 16, '1972-02-14 15:18:23', 64);
INSERT INTO `like` (`id`, `target_type`, `target_id`, `created`, `gest_id`) VALUES (183, 'hotel', 1, '1986-01-25 12:35:00', 57);
INSERT INTO `like` (`id`, `target_type`, `target_id`, `created`, `gest_id`) VALUES (184, 'hotel', 14, '1978-07-31 19:57:00', 35);
INSERT INTO `like` (`id`, `target_type`, `target_id`, `created`, `gest_id`) VALUES (185, 'hotel', 16, '1970-09-28 12:00:38', 96);
INSERT INTO `like` (`id`, `target_type`, `target_id`, `created`, `gest_id`) VALUES (186, 'hotel', 6, '2011-09-22 11:17:45', 35);
INSERT INTO `like` (`id`, `target_type`, `target_id`, `created`, `gest_id`) VALUES (187, 'hotel', 8, '2012-07-29 23:28:10', 26);
INSERT INTO `like` (`id`, `target_type`, `target_id`, `created`, `gest_id`) VALUES (188, 'message', 18, '2003-05-31 02:40:08', 70);
INSERT INTO `like` (`id`, `target_type`, `target_id`, `created`, `gest_id`) VALUES (189, 'message', 12, '1991-11-30 18:17:04', 16);
INSERT INTO `like` (`id`, `target_type`, `target_id`, `created`, `gest_id`) VALUES (190, 'message', 7, '1999-10-05 22:01:20', 94);
INSERT INTO `like` (`id`, `target_type`, `target_id`, `created`, `gest_id`) VALUES (191, 'message', 14, '2010-08-07 08:33:13', 96);
INSERT INTO `like` (`id`, `target_type`, `target_id`, `created`, `gest_id`) VALUES (192, 'message', 7, '1993-02-12 15:51:28', 66);
INSERT INTO `like` (`id`, `target_type`, `target_id`, `created`, `gest_id`) VALUES (193, 'message', 18, '2002-02-19 04:59:38', 60);
INSERT INTO `like` (`id`, `target_type`, `target_id`, `created`, `gest_id`) VALUES (194, 'hotel', 12, '1993-05-04 08:27:21', 18);
INSERT INTO `like` (`id`, `target_type`, `target_id`, `created`, `gest_id`) VALUES (195, 'hotel', 10, '1994-10-31 13:23:38', 24);
INSERT INTO `like` (`id`, `target_type`, `target_id`, `created`, `gest_id`) VALUES (196, 'message', 16, '1986-12-21 22:28:37', 53);
INSERT INTO `like` (`id`, `target_type`, `target_id`, `created`, `gest_id`) VALUES (197, 'message', 11, '1971-05-12 09:29:59', 40);
INSERT INTO `like` (`id`, `target_type`, `target_id`, `created`, `gest_id`) VALUES (198, 'hotel', 7, '1972-06-03 12:16:37', 52);
INSERT INTO `like` (`id`, `target_type`, `target_id`, `created`, `gest_id`) VALUES (199, 'hotel', 6, '1972-09-14 00:13:43', 96);
INSERT INTO `like` (`id`, `target_type`, `target_id`, `created`, `gest_id`) VALUES (200, 'hotel', 3, '1990-08-26 11:35:08', 16);
INSERT INTO `like` (`id`, `target_type`, `target_id`, `created`, `gest_id`) VALUES (201, 'message', 10, '1970-04-01 21:48:38', 6);
INSERT INTO `like` (`id`, `target_type`, `target_id`, `created`, `gest_id`) VALUES (202, 'hotel', 18, '2018-01-16 03:37:43', 23);
INSERT INTO `like` (`id`, `target_type`, `target_id`, `created`, `gest_id`) VALUES (203, 'message', 20, '2011-01-31 23:24:33', 73);
INSERT INTO `like` (`id`, `target_type`, `target_id`, `created`, `gest_id`) VALUES (204, 'message', 3, '2012-01-11 23:32:27', 3);
INSERT INTO `like` (`id`, `target_type`, `target_id`, `created`, `gest_id`) VALUES (205, 'hotel', 8, '1991-11-21 23:59:26', 79);
INSERT INTO `like` (`id`, `target_type`, `target_id`, `created`, `gest_id`) VALUES (206, 'message', 1, '2012-10-17 05:45:13', 33);
INSERT INTO `like` (`id`, `target_type`, `target_id`, `created`, `gest_id`) VALUES (207, 'hotel', 17, '1985-01-31 14:48:54', 49);
INSERT INTO `like` (`id`, `target_type`, `target_id`, `created`, `gest_id`) VALUES (208, 'hotel', 19, '2008-11-12 15:07:43', 43);
INSERT INTO `like` (`id`, `target_type`, `target_id`, `created`, `gest_id`) VALUES (209, 'message', 12, '2000-12-22 07:33:18', 65);
INSERT INTO `like` (`id`, `target_type`, `target_id`, `created`, `gest_id`) VALUES (210, 'message', 3, '1993-12-16 14:56:40', 37);
INSERT INTO `like` (`id`, `target_type`, `target_id`, `created`, `gest_id`) VALUES (211, 'message', 14, '1993-01-22 18:25:50', 6);
INSERT INTO `like` (`id`, `target_type`, `target_id`, `created`, `gest_id`) VALUES (212, 'hotel', 1, '2005-06-28 00:02:17', 4);
INSERT INTO `like` (`id`, `target_type`, `target_id`, `created`, `gest_id`) VALUES (213, 'message', 16, '1991-12-25 22:39:36', 76);
INSERT INTO `like` (`id`, `target_type`, `target_id`, `created`, `gest_id`) VALUES (214, 'hotel', 12, '2018-01-12 12:54:13', 71);
INSERT INTO `like` (`id`, `target_type`, `target_id`, `created`, `gest_id`) VALUES (215, 'hotel', 13, '1984-06-24 09:34:31', 71);
INSERT INTO `like` (`id`, `target_type`, `target_id`, `created`, `gest_id`) VALUES (216, 'message', 2, '1976-12-22 23:57:28', 90);
INSERT INTO `like` (`id`, `target_type`, `target_id`, `created`, `gest_id`) VALUES (217, 'hotel', 13, '1976-09-11 16:03:38', 86);
INSERT INTO `like` (`id`, `target_type`, `target_id`, `created`, `gest_id`) VALUES (218, 'message', 7, '1990-08-27 05:42:23', 69);
INSERT INTO `like` (`id`, `target_type`, `target_id`, `created`, `gest_id`) VALUES (219, 'hotel', 14, '1972-04-30 08:34:14', 13);
INSERT INTO `like` (`id`, `target_type`, `target_id`, `created`, `gest_id`) VALUES (220, 'hotel', 5, '1993-08-08 10:47:24', 73);
INSERT INTO `like` (`id`, `target_type`, `target_id`, `created`, `gest_id`) VALUES (221, 'hotel', 8, '2018-02-12 12:42:02', 58);
INSERT INTO `like` (`id`, `target_type`, `target_id`, `created`, `gest_id`) VALUES (222, 'message', 3, '2004-08-29 05:10:04', 65);
INSERT INTO `like` (`id`, `target_type`, `target_id`, `created`, `gest_id`) VALUES (223, 'hotel', 17, '1973-08-24 12:34:24', 15);
INSERT INTO `like` (`id`, `target_type`, `target_id`, `created`, `gest_id`) VALUES (224, 'message', 7, '1998-06-18 14:57:07', 69);
INSERT INTO `like` (`id`, `target_type`, `target_id`, `created`, `gest_id`) VALUES (225, 'hotel', 7, '1976-10-27 18:19:57', 73);
INSERT INTO `like` (`id`, `target_type`, `target_id`, `created`, `gest_id`) VALUES (226, 'hotel', 6, '1996-07-28 22:01:05', 60);
INSERT INTO `like` (`id`, `target_type`, `target_id`, `created`, `gest_id`) VALUES (227, 'hotel', 20, '1980-02-19 07:02:56', 88);
INSERT INTO `like` (`id`, `target_type`, `target_id`, `created`, `gest_id`) VALUES (228, 'message', 2, '1973-05-18 17:10:59', 72);
INSERT INTO `like` (`id`, `target_type`, `target_id`, `created`, `gest_id`) VALUES (229, 'hotel', 10, '1980-05-01 08:03:13', 58);
INSERT INTO `like` (`id`, `target_type`, `target_id`, `created`, `gest_id`) VALUES (230, 'message', 17, '1989-07-03 02:18:50', 47);
INSERT INTO `like` (`id`, `target_type`, `target_id`, `created`, `gest_id`) VALUES (231, 'message', 8, '1987-03-07 22:52:52', 73);
INSERT INTO `like` (`id`, `target_type`, `target_id`, `created`, `gest_id`) VALUES (232, 'message', 14, '2020-04-02 08:57:41', 85);
INSERT INTO `like` (`id`, `target_type`, `target_id`, `created`, `gest_id`) VALUES (233, 'hotel', 8, '1976-04-18 17:07:33', 15);
INSERT INTO `like` (`id`, `target_type`, `target_id`, `created`, `gest_id`) VALUES (234, 'message', 11, '1973-03-11 09:39:09', 23);
INSERT INTO `like` (`id`, `target_type`, `target_id`, `created`, `gest_id`) VALUES (235, 'hotel', 13, '2000-03-31 18:17:36', 63);
INSERT INTO `like` (`id`, `target_type`, `target_id`, `created`, `gest_id`) VALUES (236, 'message', 2, '1984-11-08 21:12:02', 13);
INSERT INTO `like` (`id`, `target_type`, `target_id`, `created`, `gest_id`) VALUES (237, 'message', 13, '1972-01-22 21:12:08', 75);
INSERT INTO `like` (`id`, `target_type`, `target_id`, `created`, `gest_id`) VALUES (238, 'hotel', 20, '1999-04-17 18:28:01', 61);
INSERT INTO `like` (`id`, `target_type`, `target_id`, `created`, `gest_id`) VALUES (239, 'message', 13, '2009-10-14 15:12:38', 94);
INSERT INTO `like` (`id`, `target_type`, `target_id`, `created`, `gest_id`) VALUES (240, 'message', 12, '2001-07-02 11:16:58', 53);
INSERT INTO `like` (`id`, `target_type`, `target_id`, `created`, `gest_id`) VALUES (241, 'message', 3, '1972-03-20 12:35:41', 98);
INSERT INTO `like` (`id`, `target_type`, `target_id`, `created`, `gest_id`) VALUES (242, 'hotel', 16, '1977-02-18 05:44:00', 10);
INSERT INTO `like` (`id`, `target_type`, `target_id`, `created`, `gest_id`) VALUES (243, 'message', 13, '1992-04-26 09:04:29', 3);
INSERT INTO `like` (`id`, `target_type`, `target_id`, `created`, `gest_id`) VALUES (244, 'message', 7, '2006-05-06 09:59:06', 100);
INSERT INTO `like` (`id`, `target_type`, `target_id`, `created`, `gest_id`) VALUES (245, 'message', 8, '2012-07-25 16:57:51', 52);
INSERT INTO `like` (`id`, `target_type`, `target_id`, `created`, `gest_id`) VALUES (246, 'message', 19, '1974-04-08 14:50:10', 77);
INSERT INTO `like` (`id`, `target_type`, `target_id`, `created`, `gest_id`) VALUES (247, 'message', 20, '1976-11-19 07:26:25', 20);
INSERT INTO `like` (`id`, `target_type`, `target_id`, `created`, `gest_id`) VALUES (248, 'message', 16, '1990-03-05 08:42:08', 50);
INSERT INTO `like` (`id`, `target_type`, `target_id`, `created`, `gest_id`) VALUES (249, 'message', 13, '1974-07-03 02:17:31', 75);
INSERT INTO `like` (`id`, `target_type`, `target_id`, `created`, `gest_id`) VALUES (250, 'hotel', 11, '2003-02-10 06:10:47', 72);
INSERT INTO `like` (`id`, `target_type`, `target_id`, `created`, `gest_id`) VALUES (251, 'hotel', 15, '1989-09-07 16:40:02', 40);
INSERT INTO `like` (`id`, `target_type`, `target_id`, `created`, `gest_id`) VALUES (252, 'hotel', 12, '1971-05-03 16:32:38', 99);
INSERT INTO `like` (`id`, `target_type`, `target_id`, `created`, `gest_id`) VALUES (253, 'message', 4, '1979-03-28 10:26:31', 56);
INSERT INTO `like` (`id`, `target_type`, `target_id`, `created`, `gest_id`) VALUES (254, 'message', 7, '1970-02-14 00:37:27', 97);
INSERT INTO `like` (`id`, `target_type`, `target_id`, `created`, `gest_id`) VALUES (255, 'message', 9, '1990-04-22 10:50:53', 79);
INSERT INTO `like` (`id`, `target_type`, `target_id`, `created`, `gest_id`) VALUES (256, 'hotel', 6, '1993-08-04 23:11:39', 46);
INSERT INTO `like` (`id`, `target_type`, `target_id`, `created`, `gest_id`) VALUES (257, 'message', 1, '1992-01-02 10:56:10', 70);
INSERT INTO `like` (`id`, `target_type`, `target_id`, `created`, `gest_id`) VALUES (258, 'hotel', 7, '2018-09-14 06:44:19', 7);
INSERT INTO `like` (`id`, `target_type`, `target_id`, `created`, `gest_id`) VALUES (259, 'message', 15, '1993-01-18 18:40:06', 11);
INSERT INTO `like` (`id`, `target_type`, `target_id`, `created`, `gest_id`) VALUES (260, 'message', 7, '1979-12-06 19:55:19', 87);
INSERT INTO `like` (`id`, `target_type`, `target_id`, `created`, `gest_id`) VALUES (261, 'hotel', 13, '1990-12-02 10:09:49', 69);
INSERT INTO `like` (`id`, `target_type`, `target_id`, `created`, `gest_id`) VALUES (262, 'message', 3, '1999-10-23 07:45:12', 10);
INSERT INTO `like` (`id`, `target_type`, `target_id`, `created`, `gest_id`) VALUES (263, 'message', 8, '1984-07-11 07:28:08', 40);
INSERT INTO `like` (`id`, `target_type`, `target_id`, `created`, `gest_id`) VALUES (264, 'message', 17, '1990-02-09 06:22:54', 6);
INSERT INTO `like` (`id`, `target_type`, `target_id`, `created`, `gest_id`) VALUES (265, 'hotel', 6, '2014-09-12 05:16:33', 84);
INSERT INTO `like` (`id`, `target_type`, `target_id`, `created`, `gest_id`) VALUES (266, 'hotel', 5, '1975-05-21 10:05:34', 14);
INSERT INTO `like` (`id`, `target_type`, `target_id`, `created`, `gest_id`) VALUES (267, 'hotel', 19, '1991-03-11 16:24:05', 85);
INSERT INTO `like` (`id`, `target_type`, `target_id`, `created`, `gest_id`) VALUES (268, 'message', 9, '1989-11-22 17:12:13', 6);
INSERT INTO `like` (`id`, `target_type`, `target_id`, `created`, `gest_id`) VALUES (269, 'hotel', 4, '1977-07-20 05:15:16', 17);
INSERT INTO `like` (`id`, `target_type`, `target_id`, `created`, `gest_id`) VALUES (270, 'hotel', 17, '1985-10-31 02:29:39', 46);
INSERT INTO `like` (`id`, `target_type`, `target_id`, `created`, `gest_id`) VALUES (271, 'message', 17, '1985-12-03 05:29:55', 90);
INSERT INTO `like` (`id`, `target_type`, `target_id`, `created`, `gest_id`) VALUES (272, 'hotel', 17, '1974-02-26 00:39:53', 54);
INSERT INTO `like` (`id`, `target_type`, `target_id`, `created`, `gest_id`) VALUES (273, 'hotel', 1, '1971-05-23 22:21:55', 28);
INSERT INTO `like` (`id`, `target_type`, `target_id`, `created`, `gest_id`) VALUES (274, 'message', 7, '2003-05-09 21:32:36', 26);
INSERT INTO `like` (`id`, `target_type`, `target_id`, `created`, `gest_id`) VALUES (275, 'message', 6, '1985-03-25 10:50:21', 16);
INSERT INTO `like` (`id`, `target_type`, `target_id`, `created`, `gest_id`) VALUES (276, 'message', 14, '1985-12-30 05:24:34', 29);
INSERT INTO `like` (`id`, `target_type`, `target_id`, `created`, `gest_id`) VALUES (277, 'hotel', 12, '2010-05-31 18:12:49', 57);
INSERT INTO `like` (`id`, `target_type`, `target_id`, `created`, `gest_id`) VALUES (278, 'hotel', 19, '1980-05-15 13:52:34', 30);
INSERT INTO `like` (`id`, `target_type`, `target_id`, `created`, `gest_id`) VALUES (279, 'message', 6, '2020-02-15 23:18:06', 56);
INSERT INTO `like` (`id`, `target_type`, `target_id`, `created`, `gest_id`) VALUES (280, 'hotel', 13, '2016-05-29 21:42:00', 65);
INSERT INTO `like` (`id`, `target_type`, `target_id`, `created`, `gest_id`) VALUES (281, 'hotel', 4, '1992-12-27 13:20:54', 14);
INSERT INTO `like` (`id`, `target_type`, `target_id`, `created`, `gest_id`) VALUES (282, 'hotel', 18, '1979-09-12 12:31:26', 24);
INSERT INTO `like` (`id`, `target_type`, `target_id`, `created`, `gest_id`) VALUES (283, 'hotel', 6, '1986-03-16 23:35:16', 41);
INSERT INTO `like` (`id`, `target_type`, `target_id`, `created`, `gest_id`) VALUES (284, 'hotel', 2, '2020-08-29 16:24:13', 78);
INSERT INTO `like` (`id`, `target_type`, `target_id`, `created`, `gest_id`) VALUES (285, 'hotel', 10, '1995-04-18 23:38:40', 57);
INSERT INTO `like` (`id`, `target_type`, `target_id`, `created`, `gest_id`) VALUES (286, 'message', 3, '1982-10-14 21:23:16', 5);
INSERT INTO `like` (`id`, `target_type`, `target_id`, `created`, `gest_id`) VALUES (287, 'hotel', 7, '1988-04-10 18:25:34', 37);
INSERT INTO `like` (`id`, `target_type`, `target_id`, `created`, `gest_id`) VALUES (288, 'message', 15, '1976-10-06 19:09:30', 66);
INSERT INTO `like` (`id`, `target_type`, `target_id`, `created`, `gest_id`) VALUES (289, 'message', 16, '2011-01-18 20:47:55', 61);
INSERT INTO `like` (`id`, `target_type`, `target_id`, `created`, `gest_id`) VALUES (290, 'hotel', 18, '2006-07-16 20:22:54', 65);
INSERT INTO `like` (`id`, `target_type`, `target_id`, `created`, `gest_id`) VALUES (291, 'hotel', 16, '1981-08-14 04:12:11', 36);
INSERT INTO `like` (`id`, `target_type`, `target_id`, `created`, `gest_id`) VALUES (292, 'message', 2, '2001-11-15 09:58:02', 77);
INSERT INTO `like` (`id`, `target_type`, `target_id`, `created`, `gest_id`) VALUES (293, 'hotel', 12, '1977-12-01 02:30:24', 66);
INSERT INTO `like` (`id`, `target_type`, `target_id`, `created`, `gest_id`) VALUES (294, 'hotel', 10, '1994-08-10 01:44:35', 32);
INSERT INTO `like` (`id`, `target_type`, `target_id`, `created`, `gest_id`) VALUES (295, 'message', 11, '2011-01-24 01:36:59', 1);
INSERT INTO `like` (`id`, `target_type`, `target_id`, `created`, `gest_id`) VALUES (296, 'hotel', 15, '2007-09-22 12:54:27', 68);
INSERT INTO `like` (`id`, `target_type`, `target_id`, `created`, `gest_id`) VALUES (297, 'message', 3, '1990-03-22 07:08:45', 81);
INSERT INTO `like` (`id`, `target_type`, `target_id`, `created`, `gest_id`) VALUES (298, 'hotel', 19, '1981-03-19 20:54:59', 57);
INSERT INTO `like` (`id`, `target_type`, `target_id`, `created`, `gest_id`) VALUES (299, 'message', 6, '1984-10-28 09:34:16', 97);
INSERT INTO `like` (`id`, `target_type`, `target_id`, `created`, `gest_id`) VALUES (300, 'hotel', 12, '1970-05-18 01:25:23', 65);

INSERT INTO `message` (`id`, `head`, `body`, `gest_id`, `hotel_id`, `raiting`) VALUES (1, 'quia', 'Vitae similique non consequatur ut eius. Cupiditate expedita illum adipisci non. Rerum magnam explicabo accusamus ratione. Minus esse assumenda quis quaerat molestiae.', 73, 2, 2);
INSERT INTO `message` (`id`, `head`, `body`, `gest_id`, `hotel_id`, `raiting`) VALUES (2, 'qui', 'Ipsum magnam saepe debitis ipsam sunt velit assumenda. Soluta voluptas eos autem reiciendis id. Consectetur animi ex doloremque rerum soluta atque delectus. Reprehenderit aut et molestiae reprehenderit. Architecto eos tempora', 44, 14, 1);
INSERT INTO `message` (`id`, `head`, `body`, `gest_id`, `hotel_id`, `raiting`) VALUES (3, 'ut', 'Et beatae ad ut. Animi ut similique dolorem fugit voluptates rerum illo. Doloremque dolorem odit explicabo laborum praesentium. Repudiandae placeat sapiente quidem ex quos.', 78, 2, 4);
INSERT INTO `message` (`id`, `head`, `body`, `gest_id`, `hotel_id`, `raiting`) VALUES (4, 'nihil', 'Ad aut sed amet sequi consequatur aut et qui. Illum quae veritatis saepe voluptas officia officia ut. Aperiam est iusto ea sint omnis omnis est et.', 79, 18, 5);
INSERT INTO `message` (`id`, `head`, `body`, `gest_id`, `hotel_id`, `raiting`) VALUES (5, 'consequatur', 'Quia ut ipsam ab iusto ratione. Consequatur dolores optio magni magni rerum. Dicta rem nulla totam. Porro ullam omnis repudiandae placeat et quisquam atque.', 92, 10, 5);
INSERT INTO `message` (`id`, `head`, `body`, `gest_id`, `hotel_id`, `raiting`) VALUES (6, 'maiores', 'Aliquid laborum qui exercitationem non. Occaecati qui vel illum consequatur sequi et omnis atque. Corrupti voluptas dolorum unde quod. Accusamus laudantium nulla totam magni est laborum.', 42, 15, 1);
INSERT INTO `message` (`id`, `head`, `body`, `gest_id`, `hotel_id`, `raiting`) VALUES (7, 'non', 'Omnis qui labore saepe optio. Qui iure dignissimos quas aut explicabo. Incidunt illo voluptatibus voluptatem sit eum autem id.', 59, 7, 2);
INSERT INTO `message` (`id`, `head`, `body`, `gest_id`, `hotel_id`, `raiting`) VALUES (8, 'non', 'Nemo et quo nam ut totam labore laudantium. Quas delectus optio molestias earum sed similique. Sit non labore quos eos. Numquam aut omnis neque non repellat.', 50, 15, 2);
INSERT INTO `message` (`id`, `head`, `body`, `gest_id`, `hotel_id`, `raiting`) VALUES (9, 'voluptas', 'Repellat explicabo ipsa earum earum accusantium ex quia nobis. Tenetur ex consequatur nihil quibusdam. Doloremque enim quibusdam sit aut esse quasi harum quisquam. Facere mollitia qui et maiores aperiam officia molestiae. Tot', 17, 20, 4);
INSERT INTO `message` (`id`, `head`, `body`, `gest_id`, `hotel_id`, `raiting`) VALUES (10, 'quaerat', 'Ad quia id ex hic. Molestias et tenetur facilis sed est repudiandae nobis. Aut ducimus ut hic sit dolor qui ab.', 17, 16, 2);
INSERT INTO `message` (`id`, `head`, `body`, `gest_id`, `hotel_id`, `raiting`) VALUES (11, 'veniam', 'Omnis sint similique et tempora est. Voluptate quia quo molestiae. Occaecati accusantium quia aut soluta nihil magnam illo.', 61, 17, 1);
INSERT INTO `message` (`id`, `head`, `body`, `gest_id`, `hotel_id`, `raiting`) VALUES (12, 'rerum', 'Ipsam voluptatum ipsum amet mollitia. Eligendi ab provident ut eveniet laudantium sed voluptas. Officia laudantium qui voluptatum accusantium.', 56, 16, 4);
INSERT INTO `message` (`id`, `head`, `body`, `gest_id`, `hotel_id`, `raiting`) VALUES (13, 'deleniti', 'Enim incidunt fuga qui. Vel rem veniam atque dolorem id mollitia repellat enim. Iure accusantium omnis quisquam architecto quia mollitia in. Quae molestiae aut doloribus.', 62, 4, 1);
INSERT INTO `message` (`id`, `head`, `body`, `gest_id`, `hotel_id`, `raiting`) VALUES (14, 'sunt', 'Dolor necessitatibus aspernatur est hic eum adipisci. Libero quisquam eaque ex sapiente dolorem necessitatibus consequuntur. Necessitatibus odit eveniet totam repudiandae quam doloremque.', 72, 6, 5);
INSERT INTO `message` (`id`, `head`, `body`, `gest_id`, `hotel_id`, `raiting`) VALUES (15, 'esse', 'Laboriosam hic aliquid aut quia. Illum eveniet velit ex. Aliquam atque voluptates qui optio at. Ut dolores ut magni alias iste.', 99, 18, 3);
INSERT INTO `message` (`id`, `head`, `body`, `gest_id`, `hotel_id`, `raiting`) VALUES (16, 'eaque', 'Voluptatem pariatur adipisci voluptatem reiciendis tenetur facilis ut. Accusantium corrupti ut consequatur dolorem quia iure quaerat laborum. Aliquam laudantium ea dolor sapiente voluptas.', 21, 3, 3);
INSERT INTO `message` (`id`, `head`, `body`, `gest_id`, `hotel_id`, `raiting`) VALUES (17, 'rerum', 'Qui rerum corrupti delectus maiores et. Excepturi atque necessitatibus quia ratione architecto sed est. Veritatis est explicabo officia harum molestiae.', 82, 14, 4);
INSERT INTO `message` (`id`, `head`, `body`, `gest_id`, `hotel_id`, `raiting`) VALUES (18, 'est', 'Eos voluptatem est dolor corrupti nisi rerum aspernatur. Consequatur aperiam quia quae. Vel voluptas assumenda ut sunt quia quo. Non non voluptas voluptas.', 33, 13, 1);
INSERT INTO `message` (`id`, `head`, `body`, `gest_id`, `hotel_id`, `raiting`) VALUES (19, 'et', 'Et minus labore alias animi in ut. Ut est repellat molestiae porro. Omnis laudantium sint quae perspiciatis. Soluta placeat vel culpa est laboriosam facilis maiores.', 44, 3, 4);
INSERT INTO `message` (`id`, `head`, `body`, `gest_id`, `hotel_id`, `raiting`) VALUES (20, 'laudantium', 'Cumque necessitatibus placeat explicabo atque error qui. Atque similique quo natus accusamus labore voluptatem. Quis optio quia nobis expedita. Eum pariatur adipisci molestiae quam molestiae sapiente cum.', 80, 13, 5);
INSERT INTO `message` (`id`, `head`, `body`, `gest_id`, `hotel_id`, `raiting`) VALUES (21, 'ut', 'Error saepe vitae laborum non harum laborum. Quo sit praesentium molestiae tempora odit. Debitis quia laborum omnis quo enim.', 83, 19, 4);
INSERT INTO `message` (`id`, `head`, `body`, `gest_id`, `hotel_id`, `raiting`) VALUES (22, 'et', 'Et in aliquid dignissimos et facilis dolor recusandae. Rem necessitatibus placeat veniam non perferendis at voluptatem.', 13, 16, 3);
INSERT INTO `message` (`id`, `head`, `body`, `gest_id`, `hotel_id`, `raiting`) VALUES (23, 'commodi', 'Eos temporibus aut dolore deleniti aspernatur officia. Mollitia rerum asperiores deleniti. Ipsum eos molestiae dolores illum incidunt cumque voluptatem.', 29, 18, 4);
INSERT INTO `message` (`id`, `head`, `body`, `gest_id`, `hotel_id`, `raiting`) VALUES (24, 'rerum', 'Qui qui ad sit cupiditate tenetur quis dolorem impedit. Consectetur similique quis in voluptas sed debitis ut hic. In nisi qui sed non minus consectetur.', 20, 19, 1);
INSERT INTO `message` (`id`, `head`, `body`, `gest_id`, `hotel_id`, `raiting`) VALUES (25, 'est', 'Molestiae accusamus aperiam voluptates recusandae. Consequatur rerum consequatur dolorem et. Et vel nobis distinctio.', 78, 18, 2);
INSERT INTO `message` (`id`, `head`, `body`, `gest_id`, `hotel_id`, `raiting`) VALUES (26, 'quasi', 'Reprehenderit accusamus iste qui ut. Dolores voluptatem tempora in qui. Totam sint velit vel est magnam earum ipsum provident. Omnis officiis dolores et tempore autem omnis.', 9, 11, 2);
INSERT INTO `message` (`id`, `head`, `body`, `gest_id`, `hotel_id`, `raiting`) VALUES (27, 'natus', 'Quisquam velit voluptatem est est iure sunt. Cum dolor deserunt modi repellat. Blanditiis in iste nesciunt ipsum.', 98, 19, 4);
INSERT INTO `message` (`id`, `head`, `body`, `gest_id`, `hotel_id`, `raiting`) VALUES (28, 'vero', 'Iste qui est eligendi ea quidem minima. Sunt architecto quia error consequuntur. Excepturi assumenda voluptatem consectetur voluptas deserunt eos dolore.', 68, 7, 3);
INSERT INTO `message` (`id`, `head`, `body`, `gest_id`, `hotel_id`, `raiting`) VALUES (29, 'et', 'Aut a debitis quam blanditiis optio in. Ducimus eum eaque quaerat. Saepe eum perferendis eos iure laudantium. Ea rem reprehenderit alias iure.', 17, 18, 2);
INSERT INTO `message` (`id`, `head`, `body`, `gest_id`, `hotel_id`, `raiting`) VALUES (30, 'autem', 'Tempora recusandae ea ut minus sit. Omnis et mollitia est quisquam. Neque perspiciatis autem nihil consequatur doloremque sed.', 20, 13, 3);
INSERT INTO `message` (`id`, `head`, `body`, `gest_id`, `hotel_id`, `raiting`) VALUES (31, 'tenetur', 'Magni veritatis molestiae asperiores molestias. Perferendis quis dolores ut voluptatem culpa quae. Cumque quibusdam repellat qui eveniet numquam rerum quaerat. Corporis aut fuga aut esse qui aut numquam consequatur. Veniam qu', 2, 2, 2);
INSERT INTO `message` (`id`, `head`, `body`, `gest_id`, `hotel_id`, `raiting`) VALUES (32, 'ut', 'Occaecati sunt fugiat et animi sit. Possimus animi dolore fuga dolorem modi. Facere voluptas consequuntur voluptas eius incidunt. Quo voluptates et nemo sunt.', 20, 7, 2);
INSERT INTO `message` (`id`, `head`, `body`, `gest_id`, `hotel_id`, `raiting`) VALUES (33, 'minima', 'Officia ducimus maxime necessitatibus et. Et vero explicabo nemo et saepe.', 20, 16, 4);
INSERT INTO `message` (`id`, `head`, `body`, `gest_id`, `hotel_id`, `raiting`) VALUES (34, 'eveniet', 'Consequatur eos ex exercitationem. Rem sint rerum dolorum et sunt saepe dolor. Sint quos et tempora temporibus est voluptatem vero. Ut nobis dolorum reiciendis totam rem et.', 14, 12, 1);
INSERT INTO `message` (`id`, `head`, `body`, `gest_id`, `hotel_id`, `raiting`) VALUES (35, 'provident', 'Voluptatum hic eum sint in mollitia qui. Natus aut totam est consequatur corporis. Aperiam porro ut nisi dicta rem dolor ut. Omnis vel qui aut sed voluptatem asperiores.', 44, 7, 5);
INSERT INTO `message` (`id`, `head`, `body`, `gest_id`, `hotel_id`, `raiting`) VALUES (36, 'adipisci', 'Quia amet illum doloremque quis eos. Distinctio et accusamus atque. Nisi officia nostrum et. Voluptas officia officiis et.', 21, 15, 1);
INSERT INTO `message` (`id`, `head`, `body`, `gest_id`, `hotel_id`, `raiting`) VALUES (37, 'culpa', 'Possimus suscipit ab quod odit illo. Consequatur earum rerum quo est incidunt quae aliquam quisquam. Unde ut iure fugiat rerum. Provident dolor iste illo.', 81, 11, 4);
INSERT INTO `message` (`id`, `head`, `body`, `gest_id`, `hotel_id`, `raiting`) VALUES (38, 'et', 'Magnam molestias nulla tempora ipsum. Culpa dolore fugit est. Voluptatum cumque quod fuga. Nesciunt ut ut rem quis.', 54, 18, 3);
INSERT INTO `message` (`id`, `head`, `body`, `gest_id`, `hotel_id`, `raiting`) VALUES (39, 'quis', 'Maiores voluptas natus sunt. Rerum ad adipisci odit optio velit. Veniam doloribus perspiciatis est. Quisquam officia quod ut deserunt numquam.', 37, 3, 4);
INSERT INTO `message` (`id`, `head`, `body`, `gest_id`, `hotel_id`, `raiting`) VALUES (40, 'tempore', 'Consequuntur ea atque in aut vel animi. Labore ut itaque molestiae temporibus dolores quia doloribus.', 41, 5, 2);
INSERT INTO `message` (`id`, `head`, `body`, `gest_id`, `hotel_id`, `raiting`) VALUES (41, 'commodi', 'In omnis distinctio modi voluptas soluta cum. In fugit impedit itaque quidem. Quod qui adipisci quia fuga laudantium quas. Modi animi accusamus explicabo cumque neque.', 40, 4, 3);
INSERT INTO `message` (`id`, `head`, `body`, `gest_id`, `hotel_id`, `raiting`) VALUES (42, 'aliquid', 'Suscipit eaque sed est saepe sunt. Quo ipsum corrupti sed qui. Aut quos nulla velit recusandae. Corporis vel sit cumque voluptatem libero eos non.', 66, 7, 5);
INSERT INTO `message` (`id`, `head`, `body`, `gest_id`, `hotel_id`, `raiting`) VALUES (43, 'ducimus', 'Nisi et eum excepturi sed voluptatem dolorem. Est quo nisi minima explicabo inventore. Enim omnis neque mollitia sed velit dolorem. Tempore perspiciatis unde dolorum pariatur saepe commodi. Unde sapiente qui ipsam.', 17, 6, 5);
INSERT INTO `message` (`id`, `head`, `body`, `gest_id`, `hotel_id`, `raiting`) VALUES (44, 'ad', 'Accusamus ducimus officiis illum illum architecto est. Aut inventore earum quibusdam porro sapiente perspiciatis quia. Unde animi ut et est.', 74, 1, 2);
INSERT INTO `message` (`id`, `head`, `body`, `gest_id`, `hotel_id`, `raiting`) VALUES (45, 'blanditiis', 'Qui ut repellendus rerum error corporis iste. Placeat molestias sunt consequatur distinctio id. Ipsam ullam dolorem libero. Iure libero ut hic quod id rem.', 27, 1, 1);
INSERT INTO `message` (`id`, `head`, `body`, `gest_id`, `hotel_id`, `raiting`) VALUES (46, 'aperiam', 'At sit qui impedit consequatur est. Rerum velit in veniam sapiente ut similique. Rerum iusto consequuntur ut quae.', 39, 20, 5);
INSERT INTO `message` (`id`, `head`, `body`, `gest_id`, `hotel_id`, `raiting`) VALUES (47, 'debitis', 'Consequatur quibusdam ducimus est. Aut et quaerat sunt eligendi. Eos doloremque quae animi tenetur dolores. Aut in rerum deserunt omnis.', 4, 13, 2);
INSERT INTO `message` (`id`, `head`, `body`, `gest_id`, `hotel_id`, `raiting`) VALUES (48, 'fugiat', 'Minima sed qui itaque quisquam. Nobis commodi consequatur et et est. Temporibus praesentium saepe corrupti ipsum.', 17, 3, 2);
INSERT INTO `message` (`id`, `head`, `body`, `gest_id`, `hotel_id`, `raiting`) VALUES (49, 'ut', 'Qui quia voluptatem cum molestias. Laudantium voluptatibus fuga minima nostrum expedita fugit blanditiis. Accusamus fuga voluptates repellat sed.', 6, 7, 3);
INSERT INTO `message` (`id`, `head`, `body`, `gest_id`, `hotel_id`, `raiting`) VALUES (50, 'illum', 'Et magnam aspernatur qui aut. Error pariatur ipsum molestias quia. Iure aut facilis est eius. Pariatur omnis fugiat culpa adipisci ut.', 26, 19, 1);
INSERT INTO `message` (`id`, `head`, `body`, `gest_id`, `hotel_id`, `raiting`) VALUES (51, 'impedit', 'Maiores nesciunt impedit a maxime ut voluptatem itaque. Id sed est cumque similique repellendus. Sequi nisi consequatur impedit temporibus. Omnis ea et aliquid dolore omnis aut rerum.', 21, 16, 4);
INSERT INTO `message` (`id`, `head`, `body`, `gest_id`, `hotel_id`, `raiting`) VALUES (52, 'suscipit', 'Ea non incidunt quae laudantium fuga earum unde est. Corrupti aut sed iure ut. Laboriosam ea dolores tempore id dicta est.', 39, 20, 2);
INSERT INTO `message` (`id`, `head`, `body`, `gest_id`, `hotel_id`, `raiting`) VALUES (53, 'animi', 'Sed doloremque eius doloribus animi. Est sed provident accusantium quas explicabo cupiditate ut. Dolore aut odit provident autem ad laudantium. Officia aut quia tenetur nisi culpa. Nihil quis ut voluptatum ad.', 10, 12, 1);
INSERT INTO `message` (`id`, `head`, `body`, `gest_id`, `hotel_id`, `raiting`) VALUES (54, 'et', 'Fugit adipisci consequatur sunt enim sit. Velit expedita qui expedita neque ea vero. Deleniti dolore commodi enim deleniti. Corporis et est quo vero minima.', 49, 7, 3);
INSERT INTO `message` (`id`, `head`, `body`, `gest_id`, `hotel_id`, `raiting`) VALUES (55, 'ipsum', 'Pariatur consequatur est qui repellendus modi ea. Dicta possimus optio at sint molestiae. Corrupti aliquid quod officia dignissimos qui qui. Mollitia fugiat perferendis id rerum dignissimos laboriosam.', 37, 2, 1);
INSERT INTO `message` (`id`, `head`, `body`, `gest_id`, `hotel_id`, `raiting`) VALUES (56, 'aut', 'Dicta amet alias repellat dolorum. Dicta cum sed quo quos quia eum sint quae. Itaque eveniet debitis fugiat. Sequi perferendis maxime minus ipsum quas.', 53, 19, 5);
INSERT INTO `message` (`id`, `head`, `body`, `gest_id`, `hotel_id`, `raiting`) VALUES (57, 'adipisci', 'Et ut maiores qui. Quia atque aut quam enim incidunt similique sit asperiores.', 59, 6, 3);
INSERT INTO `message` (`id`, `head`, `body`, `gest_id`, `hotel_id`, `raiting`) VALUES (58, 'quod', 'Pariatur ullam ipsam eos sit. Ut et expedita enim nobis eveniet debitis et. Eum esse qui nihil unde. Minus est qui id et dignissimos autem placeat vero.', 71, 17, 5);
INSERT INTO `message` (`id`, `head`, `body`, `gest_id`, `hotel_id`, `raiting`) VALUES (59, 'inventore', 'Earum qui ab ab ut quidem accusantium repellendus modi. Temporibus voluptatem at assumenda sapiente commodi occaecati. Hic eveniet iste quia consequatur.', 18, 17, 3);
INSERT INTO `message` (`id`, `head`, `body`, `gest_id`, `hotel_id`, `raiting`) VALUES (60, 'magni', 'Dolorem fuga qui exercitationem error quos culpa. Sunt soluta nemo harum aut dicta. In libero enim ipsa voluptas laboriosam suscipit quos. Ipsam molestias facere voluptatem numquam sit quo dolorem.', 82, 12, 3);
INSERT INTO `message` (`id`, `head`, `body`, `gest_id`, `hotel_id`, `raiting`) VALUES (61, 'sit', 'Et ratione et sint molestias. Aperiam sit rerum atque deserunt. Architecto nihil sint fugiat modi adipisci non itaque. Dolores enim eveniet vel consectetur doloremque error.', 46, 9, 4);
INSERT INTO `message` (`id`, `head`, `body`, `gest_id`, `hotel_id`, `raiting`) VALUES (62, 'qui', 'Sed hic inventore animi rerum magni vel. Exercitationem quia sequi velit et.', 99, 17, 3);
INSERT INTO `message` (`id`, `head`, `body`, `gest_id`, `hotel_id`, `raiting`) VALUES (63, 'sunt', 'Ut atque et et tempora praesentium earum et. Et quod voluptas numquam expedita. Et soluta possimus dolore magnam neque voluptatem. Debitis voluptatem cumque nisi dolorem sit qui.', 5, 9, 5);
INSERT INTO `message` (`id`, `head`, `body`, `gest_id`, `hotel_id`, `raiting`) VALUES (64, 'aut', 'Dolorem laboriosam incidunt eos blanditiis sapiente et. Necessitatibus est aut dicta perferendis officiis voluptates ad. Delectus necessitatibus quia fuga quis et.', 90, 3, 3);
INSERT INTO `message` (`id`, `head`, `body`, `gest_id`, `hotel_id`, `raiting`) VALUES (65, 'vero', 'Sit et molestias veritatis natus. In facilis vitae quia cupiditate dolores. Quasi sapiente deleniti magni asperiores molestiae hic impedit. Debitis animi distinctio unde voluptatibus.', 6, 10, 5);
INSERT INTO `message` (`id`, `head`, `body`, `gest_id`, `hotel_id`, `raiting`) VALUES (66, 'tempora', 'Necessitatibus eveniet et tempore accusamus totam est aliquam. Consequatur illo consequuntur sit culpa dolorem autem natus. Veniam voluptas nam sed qui. Quam aut tempora aut eum quidem voluptate. Reiciendis a occaecati incidu', 29, 3, 5);
INSERT INTO `message` (`id`, `head`, `body`, `gest_id`, `hotel_id`, `raiting`) VALUES (67, 'ex', 'Provident iste quia pariatur. Magnam sed et aliquam laudantium tempora. Assumenda molestiae minus rerum sed eum. Enim temporibus id et porro nam ut totam.', 50, 9, 3);
INSERT INTO `message` (`id`, `head`, `body`, `gest_id`, `hotel_id`, `raiting`) VALUES (68, 'provident', 'Esse fugit excepturi recusandae. Animi officia vero quia quisquam. Ea consequatur dolor esse. Est et officia ut et.', 27, 4, 4);
INSERT INTO `message` (`id`, `head`, `body`, `gest_id`, `hotel_id`, `raiting`) VALUES (69, 'ea', 'Labore molestiae vitae explicabo odit veniam aliquid ad. Veniam ipsam voluptatibus est ipsam amet rerum quibusdam. Vel repellat quis fugiat aliquam qui porro.', 95, 11, 5);
INSERT INTO `message` (`id`, `head`, `body`, `gest_id`, `hotel_id`, `raiting`) VALUES (70, 'temporibus', 'Laboriosam qui assumenda aperiam aperiam molestiae qui accusantium. Totam dolorem architecto iste et deleniti aliquam enim. Labore consequatur quia impedit excepturi quis ducimus beatae. At tenetur ut unde voluptate aut ut re', 82, 20, 3);
INSERT INTO `message` (`id`, `head`, `body`, `gest_id`, `hotel_id`, `raiting`) VALUES (71, 'nesciunt', 'Porro rerum quisquam hic ea cumque doloribus. Quas maiores sed delectus eligendi suscipit. Ipsum quam aperiam architecto nihil sint quam ut.', 60, 1, 1);
INSERT INTO `message` (`id`, `head`, `body`, `gest_id`, `hotel_id`, `raiting`) VALUES (72, 'dolores', 'In dolore vel molestiae possimus sapiente. Omnis praesentium nulla ab suscipit explicabo fuga necessitatibus. Et dolor impedit nemo corporis consequatur.', 7, 2, 4);
INSERT INTO `message` (`id`, `head`, `body`, `gest_id`, `hotel_id`, `raiting`) VALUES (73, 'earum', 'Quasi eum vero ad facere. Suscipit omnis aliquam saepe. Asperiores aut facere eum quo. Accusamus ut laudantium quia.', 73, 17, 1);
INSERT INTO `message` (`id`, `head`, `body`, `gest_id`, `hotel_id`, `raiting`) VALUES (74, 'perspiciatis', 'Dolores nihil id eos dolores. Tempora iste iste tempore voluptatum aut. Amet cupiditate repellat deserunt voluptatum.', 35, 12, 2);
INSERT INTO `message` (`id`, `head`, `body`, `gest_id`, `hotel_id`, `raiting`) VALUES (75, 'ex', 'Et iure et quos sit veniam odit et eveniet. Molestiae ut non blanditiis aut unde quia. Quam omnis veniam qui. Quidem commodi optio molestiae mollitia aspernatur consectetur omnis.', 78, 6, 2);
INSERT INTO `message` (`id`, `head`, `body`, `gest_id`, `hotel_id`, `raiting`) VALUES (76, 'dolorem', 'Repudiandae ad qui ad est ex mollitia. Illum sint et sit consequatur. Eos labore voluptas doloribus facere omnis et itaque.', 26, 6, 4);
INSERT INTO `message` (`id`, `head`, `body`, `gest_id`, `hotel_id`, `raiting`) VALUES (77, 'velit', 'Consectetur optio eaque in. Qui doloremque libero et eaque doloremque. Iusto excepturi animi non labore omnis nihil. Deserunt ab sint doloremque numquam.', 76, 7, 1);
INSERT INTO `message` (`id`, `head`, `body`, `gest_id`, `hotel_id`, `raiting`) VALUES (78, 'repellat', 'Amet impedit quasi quia asperiores harum vero accusantium. Vel ut voluptas porro dolorum cupiditate. Numquam expedita officiis autem minus animi. Beatae officiis rerum modi accusamus cupiditate debitis dolores. Consequatur ut', 92, 17, 1);
INSERT INTO `message` (`id`, `head`, `body`, `gest_id`, `hotel_id`, `raiting`) VALUES (79, 'recusandae', 'Error accusantium sit sit exercitationem deserunt. Placeat quibusdam soluta rerum. Eaque eos qui et est voluptatum animi ipsum.', 15, 17, 4);
INSERT INTO `message` (`id`, `head`, `body`, `gest_id`, `hotel_id`, `raiting`) VALUES (80, 'ut', 'Facere similique et excepturi repudiandae repudiandae non at. Iste eaque id deleniti laborum eius aut deleniti. Nulla neque eos nisi quisquam et officiis.', 40, 15, 4);
INSERT INTO `message` (`id`, `head`, `body`, `gest_id`, `hotel_id`, `raiting`) VALUES (81, 'omnis', 'Id voluptatem vel eaque perspiciatis. Ullam quaerat nihil eligendi nemo quibusdam nemo. Nobis repellendus veritatis voluptas consequuntur quos minima architecto.', 81, 19, 3);
INSERT INTO `message` (`id`, `head`, `body`, `gest_id`, `hotel_id`, `raiting`) VALUES (82, 'dolores', 'Veniam iure rerum voluptas quia incidunt minus voluptatem nihil. Maiores dolore dignissimos earum quam ut. Fugiat accusantium occaecati nostrum eligendi assumenda.', 20, 12, 5);
INSERT INTO `message` (`id`, `head`, `body`, `gest_id`, `hotel_id`, `raiting`) VALUES (83, 'ipsam', 'Provident soluta tenetur atque maxime. Doloremque quo at quia quia voluptas veritatis sed praesentium. Esse et corporis rerum qui perferendis placeat aspernatur.', 89, 6, 2);
INSERT INTO `message` (`id`, `head`, `body`, `gest_id`, `hotel_id`, `raiting`) VALUES (84, 'expedita', 'Ea nulla perspiciatis commodi. Sunt iure enim fugit beatae quia. Veniam sit qui voluptate aperiam illum rem. Ab quia optio consequatur vitae voluptas sint. Est dolor officiis temporibus maiores qui id.', 29, 13, 4);
INSERT INTO `message` (`id`, `head`, `body`, `gest_id`, `hotel_id`, `raiting`) VALUES (85, 'impedit', 'Dolorum et a commodi libero aut. Debitis ea nisi rerum rerum blanditiis libero totam. Doloribus tempore sint a debitis. Sunt praesentium eveniet distinctio et dolorem.', 30, 18, 2);
INSERT INTO `message` (`id`, `head`, `body`, `gest_id`, `hotel_id`, `raiting`) VALUES (86, 'aliquid', 'Dolorem et totam dicta ut. Laudantium et et necessitatibus nostrum deserunt. Facilis voluptas ut natus soluta voluptatem.', 93, 7, 1);
INSERT INTO `message` (`id`, `head`, `body`, `gest_id`, `hotel_id`, `raiting`) VALUES (87, 'ut', 'Aut quisquam soluta esse quod minima corrupti quia aut. Velit voluptatem dolor ipsam ullam iure dolor. Aut blanditiis ipsam id est veniam vero sit.', 43, 2, 3);
INSERT INTO `message` (`id`, `head`, `body`, `gest_id`, `hotel_id`, `raiting`) VALUES (88, 'molestias', 'Dolore nam eos numquam ipsam aut. Dolorem fugit ea est excepturi exercitationem. Dignissimos omnis blanditiis et. Consequatur unde dignissimos consequuntur voluptatem dolore qui.', 66, 5, 4);
INSERT INTO `message` (`id`, `head`, `body`, `gest_id`, `hotel_id`, `raiting`) VALUES (89, 'in', 'Molestiae ipsa et ea facilis. Voluptatum repudiandae ab reprehenderit debitis amet. Repudiandae recusandae veritatis quae veritatis omnis.', 66, 17, 1);
INSERT INTO `message` (`id`, `head`, `body`, `gest_id`, `hotel_id`, `raiting`) VALUES (90, 'et', 'A nobis qui corporis et culpa pariatur. Quo quasi quasi et magnam doloremque. Corporis iure illum sed et.', 49, 20, 4);
INSERT INTO `message` (`id`, `head`, `body`, `gest_id`, `hotel_id`, `raiting`) VALUES (91, 'voluptatibus', 'Et rerum et officiis voluptatem vel deserunt et consequatur. Et aut atque et quas dolorum est. Expedita illo provident inventore libero adipisci. Ex alias mollitia fugit mollitia quia sit expedita eum.', 44, 19, 3);
INSERT INTO `message` (`id`, `head`, `body`, `gest_id`, `hotel_id`, `raiting`) VALUES (92, 'iusto', 'Laboriosam in deserunt suscipit aliquid est. Aut vel culpa et voluptatem debitis aspernatur et. In explicabo vero ut ea commodi non sint. Sapiente sit possimus non est id unde. Voluptates voluptatem voluptas corporis omnis.', 71, 8, 3);
INSERT INTO `message` (`id`, `head`, `body`, `gest_id`, `hotel_id`, `raiting`) VALUES (93, 'alias', 'Vitae nihil sunt magni magnam eos quae. Voluptas ratione explicabo sed neque consequatur. Voluptatem ab qui ex et et. Provident nulla veniam atque consectetur voluptas dolores.', 84, 8, 1);
INSERT INTO `message` (`id`, `head`, `body`, `gest_id`, `hotel_id`, `raiting`) VALUES (94, 'quia', 'Voluptatum repellat odit molestiae reprehenderit. Veritatis cupiditate officiis ex quis voluptatibus aspernatur. Laboriosam cum totam reiciendis explicabo accusantium quidem iure. Voluptatem veritatis omnis ducimus ab.', 74, 12, 4);
INSERT INTO `message` (`id`, `head`, `body`, `gest_id`, `hotel_id`, `raiting`) VALUES (95, 'quia', 'Voluptatum aut aut repellat dolores. Vel libero hic fuga ratione. Enim eius quidem omnis quas qui odio.', 9, 1, 1);
INSERT INTO `message` (`id`, `head`, `body`, `gest_id`, `hotel_id`, `raiting`) VALUES (96, 'consequatur', 'Error magnam recusandae sit distinctio. Similique commodi aspernatur dolorum est distinctio et omnis.', 96, 18, 5);
INSERT INTO `message` (`id`, `head`, `body`, `gest_id`, `hotel_id`, `raiting`) VALUES (97, 'sunt', 'Temporibus maxime sed ab quos exercitationem nobis vel cupiditate. Id fugit explicabo vitae optio vero veritatis. Reprehenderit porro corporis ut harum.', 39, 19, 2);
INSERT INTO `message` (`id`, `head`, `body`, `gest_id`, `hotel_id`, `raiting`) VALUES (98, 'qui', 'Porro labore id aut expedita. Velit aut iste pariatur illum rem laboriosam. Et occaecati ex dolore. Similique ea eos eos voluptatem sapiente ipsa.', 46, 3, 4);
INSERT INTO `message` (`id`, `head`, `body`, `gest_id`, `hotel_id`, `raiting`) VALUES (99, 'odio', 'Dolore suscipit molestiae quis odit enim odit cum minima. Suscipit amet voluptatem quas et. Dolor molestiae fugiat consectetur autem ipsum et quo. Consequatur rerum magnam non non alias. Eum ipsum praesentium minima ullam.', 42, 5, 3);
INSERT INTO `message` (`id`, `head`, `body`, `gest_id`, `hotel_id`, `raiting`) VALUES (100, 'nemo', 'Et beatae vero voluptas non ullam labore. Recusandae recusandae eaque est eum molestiae est. Atque esse unde fuga aut voluptas minima natus.', 95, 14, 2);
INSERT INTO `message` (`id`, `head`, `body`, `gest_id`, `hotel_id`, `raiting`) VALUES (101, 'quae', 'Similique a aut quo. Distinctio eum fuga amet quo. Iure aut illo cum voluptatum aut numquam qui. Ea eligendi sunt velit eos et error omnis.', 96, 12, 3);
INSERT INTO `message` (`id`, `head`, `body`, `gest_id`, `hotel_id`, `raiting`) VALUES (102, 'maxime', 'Enim quaerat deleniti quam et et maiores et nemo. Molestiae eligendi doloribus unde nihil deserunt voluptatum saepe. Facere vero quis laborum fugit dignissimos veritatis aut qui.', 26, 5, 5);
INSERT INTO `message` (`id`, `head`, `body`, `gest_id`, `hotel_id`, `raiting`) VALUES (103, 'deserunt', 'Est impedit quas cum dolores blanditiis. Excepturi voluptatum provident cupiditate molestias dolorum et. Minus quo ipsum possimus sint est.', 42, 4, 2);
INSERT INTO `message` (`id`, `head`, `body`, `gest_id`, `hotel_id`, `raiting`) VALUES (104, 'ut', 'Quae sunt et non laboriosam ratione quisquam quaerat. Et voluptate pariatur tempore. Vitae labore fuga sint sit.', 2, 19, 2);
INSERT INTO `message` (`id`, `head`, `body`, `gest_id`, `hotel_id`, `raiting`) VALUES (105, 'ut', 'Eos natus voluptas et cum voluptates natus. Repellendus ipsa eaque quia magni adipisci. Vero sunt amet accusantium commodi ratione.', 44, 20, 1);
INSERT INTO `message` (`id`, `head`, `body`, `gest_id`, `hotel_id`, `raiting`) VALUES (106, 'repellendus', 'Ut ex enim sit optio qui. Neque labore architecto dolores nisi dignissimos molestiae doloremque. Sit commodi nobis dignissimos aspernatur exercitationem. Aut est quia velit illum dolores.', 76, 14, 4);
INSERT INTO `message` (`id`, `head`, `body`, `gest_id`, `hotel_id`, `raiting`) VALUES (107, 'et', 'Voluptatum ea voluptatibus vel dolorem. Rerum atque consequatur enim id harum nihil non. Voluptas soluta suscipit dicta sed.', 71, 4, 2);
INSERT INTO `message` (`id`, `head`, `body`, `gest_id`, `hotel_id`, `raiting`) VALUES (108, 'sed', 'Ullam voluptatem totam sunt ipsum atque. Labore alias illo sint sed quaerat. Excepturi voluptatem enim ipsa ex quisquam culpa illo quis. Nam architecto qui voluptatem omnis illum.', 74, 16, 5);
INSERT INTO `message` (`id`, `head`, `body`, `gest_id`, `hotel_id`, `raiting`) VALUES (109, 'maxime', 'Quidem quibusdam eligendi est nam nam laboriosam ut. Ipsam illo enim enim corrupti nihil at. Iusto delectus qui veritatis omnis dolorum nisi nesciunt.', 16, 1, 3);
INSERT INTO `message` (`id`, `head`, `body`, `gest_id`, `hotel_id`, `raiting`) VALUES (110, 'quibusdam', 'Eos voluptas molestiae doloremque et omnis totam et. Voluptatum error quidem velit. Occaecati fugit culpa consequatur dolorem provident odit. Harum et et omnis ut assumenda.', 87, 18, 1);
INSERT INTO `message` (`id`, `head`, `body`, `gest_id`, `hotel_id`, `raiting`) VALUES (111, 'velit', 'Ut nam sed dolorem corrupti. Et omnis dolor recusandae quia ex sed. Hic et dolore est omnis doloribus.', 66, 7, 2);
INSERT INTO `message` (`id`, `head`, `body`, `gest_id`, `hotel_id`, `raiting`) VALUES (112, 'nulla', 'Dolorum natus aut eos. Quidem sed magni dolor sed quidem aspernatur. Placeat dolor est voluptate.', 76, 5, 5);
INSERT INTO `message` (`id`, `head`, `body`, `gest_id`, `hotel_id`, `raiting`) VALUES (113, 'unde', 'Molestiae excepturi magni sit architecto nostrum eum voluptatum. Sint qui corrupti qui. Libero qui hic doloribus voluptatem illo incidunt. Inventore qui architecto pariatur iusto ut error dolor.', 17, 4, 5);
INSERT INTO `message` (`id`, `head`, `body`, `gest_id`, `hotel_id`, `raiting`) VALUES (114, 'pariatur', 'Distinctio fuga voluptatem itaque consequuntur. Magnam quidem nobis velit nihil veritatis qui. Fugit assumenda est impedit accusamus et porro consequatur nulla. Praesentium odio rerum alias veritatis libero et consequatur.', 21, 8, 2);
INSERT INTO `message` (`id`, `head`, `body`, `gest_id`, `hotel_id`, `raiting`) VALUES (115, 'sit', 'Ut deserunt non voluptatibus dolore officiis. Voluptates qui est optio autem iusto numquam omnis. Sapiente ullam amet corrupti.', 26, 18, 4);
INSERT INTO `message` (`id`, `head`, `body`, `gest_id`, `hotel_id`, `raiting`) VALUES (116, 'adipisci', 'Quia hic asperiores cupiditate atque. Ut id facere tempore dolor unde ut. Quasi et est vero velit qui quia. Dignissimos reprehenderit rerum ea odio tempora est ut. Natus cum temporibus aspernatur ab.', 84, 8, 4);
INSERT INTO `message` (`id`, `head`, `body`, `gest_id`, `hotel_id`, `raiting`) VALUES (117, 'corporis', 'Assumenda autem est mollitia consequatur cumque voluptatem. Expedita hic blanditiis maiores voluptatem ad quibusdam laboriosam. Et qui blanditiis vero qui culpa consequuntur tempore. Qui et ducimus quas omnis facere.', 61, 1, 2);
INSERT INTO `message` (`id`, `head`, `body`, `gest_id`, `hotel_id`, `raiting`) VALUES (118, 'et', 'Maxime at quis fugit illo sunt. Perferendis tempora quaerat aspernatur at cupiditate eos ad. Nobis et maxime ut qui accusantium vel. Nemo expedita quae vitae quis sunt.', 22, 9, 5);
INSERT INTO `message` (`id`, `head`, `body`, `gest_id`, `hotel_id`, `raiting`) VALUES (119, 'aperiam', 'Qui ipsa ipsum consectetur voluptas sit assumenda distinctio. Quibusdam qui doloremque repellat voluptatem. Cumque placeat unde et dolor dolorem rerum. Error nobis impedit ut magnam vitae iste culpa.', 7, 20, 2);
INSERT INTO `message` (`id`, `head`, `body`, `gest_id`, `hotel_id`, `raiting`) VALUES (120, 'magnam', 'Enim et tempore ea ducimus id laborum. Porro dolores distinctio dignissimos. Voluptatibus delectus voluptate reiciendis et expedita unde consequatur. Libero dolorum inventore et dolor dolore nihil. Ut tenetur reprehenderit ut', 45, 19, 5);
INSERT INTO `message` (`id`, `head`, `body`, `gest_id`, `hotel_id`, `raiting`) VALUES (121, 'inventore', 'Aperiam consequatur et laboriosam molestiae. Alias et culpa minus est. Mollitia totam officia iusto tempore. Dolores tenetur delectus enim debitis.', 65, 6, 5);
INSERT INTO `message` (`id`, `head`, `body`, `gest_id`, `hotel_id`, `raiting`) VALUES (122, 'alias', 'Tempore maiores voluptas sapiente nesciunt. Nostrum eaque ea porro.', 22, 10, 4);
INSERT INTO `message` (`id`, `head`, `body`, `gest_id`, `hotel_id`, `raiting`) VALUES (123, 'voluptas', 'In necessitatibus maiores non in soluta nobis optio. Corporis iure neque nisi accusantium impedit enim commodi. Reprehenderit minima et ratione quibusdam velit sit voluptates. Velit omnis non enim veritatis hic asperiores quo', 32, 9, 5);
INSERT INTO `message` (`id`, `head`, `body`, `gest_id`, `hotel_id`, `raiting`) VALUES (124, 'debitis', 'Ut in nulla adipisci voluptatem ea ipsa expedita voluptate. Culpa explicabo tempora consequatur est vel. Facere sint sint debitis perferendis.', 57, 13, 2);
INSERT INTO `message` (`id`, `head`, `body`, `gest_id`, `hotel_id`, `raiting`) VALUES (125, 'quasi', 'Dolorem et et fuga quo ea. Eveniet suscipit ullam veniam cum. Deserunt reprehenderit facilis natus adipisci necessitatibus.', 53, 18, 1);
INSERT INTO `message` (`id`, `head`, `body`, `gest_id`, `hotel_id`, `raiting`) VALUES (126, 'eligendi', 'Deserunt quia adipisci doloremque sed. Id velit sit qui totam natus. Neque ratione veritatis doloribus.', 98, 7, 3);
INSERT INTO `message` (`id`, `head`, `body`, `gest_id`, `hotel_id`, `raiting`) VALUES (127, 'ratione', 'Maiores saepe ut repudiandae. Omnis tenetur placeat animi laboriosam. Sed quia minus non maiores. Cumque veritatis assumenda explicabo aspernatur aliquam.', 12, 5, 1);
INSERT INTO `message` (`id`, `head`, `body`, `gest_id`, `hotel_id`, `raiting`) VALUES (128, 'unde', 'Aut rerum minima repudiandae error. Voluptate vitae incidunt error. Et dolorem hic ipsa mollitia. In maiores sequi omnis non quibusdam culpa expedita.', 1, 12, 3);
INSERT INTO `message` (`id`, `head`, `body`, `gest_id`, `hotel_id`, `raiting`) VALUES (129, 'fugiat', 'Ex sunt consectetur enim natus maxime quod quo. Consequatur mollitia consequatur quo nobis dolores aut aut. Excepturi doloribus soluta dolor itaque dolores tenetur et sit.', 38, 13, 4);
INSERT INTO `message` (`id`, `head`, `body`, `gest_id`, `hotel_id`, `raiting`) VALUES (130, 'officia', 'Exercitationem expedita laborum et magni iste voluptatem. Similique libero doloribus soluta eum totam perferendis. Aut sit numquam dolorum occaecati commodi voluptatem corrupti et. Illum molestiae necessitatibus eum nobis rer', 70, 7, 4);
INSERT INTO `message` (`id`, `head`, `body`, `gest_id`, `hotel_id`, `raiting`) VALUES (131, 'sint', 'Natus provident laborum eligendi doloremque qui veritatis. Culpa et perspiciatis earum eum ipsa sint sunt.', 79, 10, 5);
INSERT INTO `message` (`id`, `head`, `body`, `gest_id`, `hotel_id`, `raiting`) VALUES (132, 'sint', 'Nemo eligendi voluptatem sit. Consequatur quia eos veritatis. Asperiores unde quibusdam quod. Autem ipsam consequatur enim architecto accusantium doloremque.', 2, 10, 4);
INSERT INTO `message` (`id`, `head`, `body`, `gest_id`, `hotel_id`, `raiting`) VALUES (133, 'at', 'Amet fugiat doloremque molestiae dolores quia blanditiis ut. Repudiandae totam non voluptates provident error.', 36, 6, 4);
INSERT INTO `message` (`id`, `head`, `body`, `gest_id`, `hotel_id`, `raiting`) VALUES (134, 'vero', 'Velit eaque dolorum impedit labore veritatis autem rerum. Dolore corporis hic porro quas. Ad ut accusamus eveniet recusandae repellat.', 61, 1, 3);
INSERT INTO `message` (`id`, `head`, `body`, `gest_id`, `hotel_id`, `raiting`) VALUES (135, 'distinctio', 'In molestiae quasi aut numquam sunt. Temporibus voluptate sunt eos accusantium qui fuga porro. Officiis officiis a consequatur soluta quasi. Aut sit impedit quibusdam blanditiis ex omnis. Laborum dolor quidem ullam occaecati ', 68, 15, 1);
INSERT INTO `message` (`id`, `head`, `body`, `gest_id`, `hotel_id`, `raiting`) VALUES (136, 'nisi', 'Sit repudiandae harum optio ut. Hic dicta sapiente et debitis praesentium. Error a sunt fuga. Laboriosam eaque rem repellendus perferendis et explicabo eligendi.', 31, 11, 3);
INSERT INTO `message` (`id`, `head`, `body`, `gest_id`, `hotel_id`, `raiting`) VALUES (137, 'nulla', 'Alias ut eligendi ut. Nihil nulla assumenda est. Recusandae mollitia et quia dignissimos dolores qui provident. Reprehenderit est quis aut ex reiciendis architecto.', 32, 11, 1);
INSERT INTO `message` (`id`, `head`, `body`, `gest_id`, `hotel_id`, `raiting`) VALUES (138, 'voluptate', 'Rerum nihil est fuga quisquam id expedita. Voluptatem necessitatibus ut inventore eligendi minus. Aut fugiat eveniet veniam eius quam. Nam quo repellendus dolor non.', 77, 8, 1);
INSERT INTO `message` (`id`, `head`, `body`, `gest_id`, `hotel_id`, `raiting`) VALUES (139, 'quia', 'Libero enim quisquam perferendis sint repudiandae eos. Aspernatur deserunt sit iusto voluptas numquam non et et. In incidunt distinctio ipsam neque ab provident voluptatibus facere. Commodi aliquid ex temporibus ipsa mollitia', 64, 19, 4);
INSERT INTO `message` (`id`, `head`, `body`, `gest_id`, `hotel_id`, `raiting`) VALUES (140, 'dolor', 'Et earum dolores optio facilis itaque. Alias optio odio omnis. Quidem ut corporis et expedita magnam dolorem. Distinctio hic placeat perferendis officiis eos impedit.', 8, 9, 3);
INSERT INTO `message` (`id`, `head`, `body`, `gest_id`, `hotel_id`, `raiting`) VALUES (141, 'pariatur', 'Harum repudiandae nam non similique nesciunt autem delectus est. Fuga rerum delectus quidem ut provident optio. Et nam qui aut dolores est aut ad debitis.', 57, 8, 5);
INSERT INTO `message` (`id`, `head`, `body`, `gest_id`, `hotel_id`, `raiting`) VALUES (142, 'blanditiis', 'Tenetur doloremque ipsam laudantium dolor illum veritatis. Numquam dolor sit eos excepturi repudiandae nihil voluptatum. Dignissimos aperiam quo doloremque. Laborum nihil architecto est et.', 33, 12, 4);
INSERT INTO `message` (`id`, `head`, `body`, `gest_id`, `hotel_id`, `raiting`) VALUES (143, 'repellendus', 'Et modi sed aspernatur et in sequi rem mollitia. Aut vel rerum vel maxime. Doloribus modi enim culpa asperiores aut autem quod. Sequi consequatur amet asperiores ab minima.', 13, 8, 2);
INSERT INTO `message` (`id`, `head`, `body`, `gest_id`, `hotel_id`, `raiting`) VALUES (144, 'laudantium', 'Nihil quidem iure ipsum voluptatum recusandae eligendi blanditiis. Animi enim voluptatem hic architecto rem rem. Qui nulla ut nostrum et nam maxime consequatur. Unde qui voluptas minus tenetur rerum sint quis.', 2, 12, 5);
INSERT INTO `message` (`id`, `head`, `body`, `gest_id`, `hotel_id`, `raiting`) VALUES (145, 'dignissimos', 'Velit ut vel repellendus qui ducimus distinctio placeat. Culpa et placeat sint saepe possimus porro quos. Eius est expedita incidunt consequatur expedita nihil et. Molestias architecto quibusdam ea commodi eius voluptas place', 98, 14, 2);
INSERT INTO `message` (`id`, `head`, `body`, `gest_id`, `hotel_id`, `raiting`) VALUES (146, 'eligendi', 'Reprehenderit fugit labore quae. Sed earum voluptatem molestiae hic accusantium. Corrupti quis quasi non aperiam magnam eos quibusdam. Libero tempora aut tempora quia doloremque illum exercitationem.', 89, 4, 1);
INSERT INTO `message` (`id`, `head`, `body`, `gest_id`, `hotel_id`, `raiting`) VALUES (147, 'labore', 'Aut nostrum rem quod est. In architecto quos eligendi dolores dolorum. Numquam earum praesentium velit.', 81, 3, 2);
INSERT INTO `message` (`id`, `head`, `body`, `gest_id`, `hotel_id`, `raiting`) VALUES (148, 'esse', 'Fuga blanditiis quis id voluptatem aliquam doloribus totam. Eum illo dolores optio animi consequatur ea incidunt. Fugiat porro maiores voluptatem aut vitae.', 35, 18, 3);
INSERT INTO `message` (`id`, `head`, `body`, `gest_id`, `hotel_id`, `raiting`) VALUES (149, 'ab', 'Et explicabo excepturi enim inventore nisi. Quidem temporibus velit fugit iure dolor qui rerum. Sit fugiat aut animi et dolore repudiandae. Magni qui et tempora ut et nam.', 66, 9, 4);
INSERT INTO `message` (`id`, `head`, `body`, `gest_id`, `hotel_id`, `raiting`) VALUES (150, 'quisquam', 'Aperiam rerum quasi autem quos architecto eum. Voluptatem tempore voluptas omnis veritatis porro modi fugit nihil. Molestias id nam reprehenderit autem reprehenderit. Facere consequuntur eveniet facere eum velit natus.', 66, 11, 4);
INSERT INTO `message` (`id`, `head`, `body`, `gest_id`, `hotel_id`, `raiting`) VALUES (151, 'magnam', 'Sequi aut earum perspiciatis et quaerat. Ipsum totam voluptates hic et neque fuga. Dolores atque sunt omnis fugit qui ipsam deserunt. Similique dolores ab quia maxime.', 77, 5, 5);
INSERT INTO `message` (`id`, `head`, `body`, `gest_id`, `hotel_id`, `raiting`) VALUES (152, 'ea', 'Consequatur dolores modi veritatis sed recusandae aut et. Provident maiores pariatur tenetur consequatur. Ipsa et officia ab ea veniam. Vel sint nobis ut amet ipsum similique.', 19, 11, 4);
INSERT INTO `message` (`id`, `head`, `body`, `gest_id`, `hotel_id`, `raiting`) VALUES (153, 'ab', 'Recusandae voluptas cupiditate eos excepturi. Facilis iste nulla inventore voluptatibus. Consequatur sunt nihil voluptatem. Fugiat beatae eos itaque repudiandae deserunt. Maiores consequatur numquam aliquid voluptas cumque.', 73, 17, 2);
INSERT INTO `message` (`id`, `head`, `body`, `gest_id`, `hotel_id`, `raiting`) VALUES (154, 'voluptas', 'Itaque magnam eveniet pariatur nihil sit sit. Eligendi dolore magnam voluptates est sed vel molestiae.', 17, 13, 5);
INSERT INTO `message` (`id`, `head`, `body`, `gest_id`, `hotel_id`, `raiting`) VALUES (155, 'quibusdam', 'Reiciendis enim aut enim eum ipsum tempore dicta. Fugiat aliquid nam sequi nulla officiis dolor. Et expedita omnis dolorem voluptate. Ullam explicabo cumque saepe odit fuga soluta. Ut et omnis culpa iste mollitia.', 97, 16, 2);
INSERT INTO `message` (`id`, `head`, `body`, `gest_id`, `hotel_id`, `raiting`) VALUES (156, 'modi', 'Omnis molestias autem saepe qui nisi. Consequatur non officia velit. Et qui pariatur accusamus dolor.', 74, 4, 5);
INSERT INTO `message` (`id`, `head`, `body`, `gest_id`, `hotel_id`, `raiting`) VALUES (157, 'accusamus', 'Illum rem nobis perferendis. Voluptates ipsam qui voluptates et magni. Aut vel illum excepturi debitis.', 62, 14, 5);
INSERT INTO `message` (`id`, `head`, `body`, `gest_id`, `hotel_id`, `raiting`) VALUES (158, 'est', 'Dolorum eligendi omnis qui pariatur sed. At nihil voluptate sed quibusdam ullam nisi. Eveniet ut aut qui quisquam minima.', 40, 8, 4);
INSERT INTO `message` (`id`, `head`, `body`, `gest_id`, `hotel_id`, `raiting`) VALUES (159, 'et', 'Quam dicta aperiam iusto quo quia non. Ad ducimus enim voluptas ut nam facilis expedita. Eveniet minima quia sit quidem.', 75, 15, 5);
INSERT INTO `message` (`id`, `head`, `body`, `gest_id`, `hotel_id`, `raiting`) VALUES (160, 'unde', 'Aliquid libero tempora architecto vero atque est. Sit in quibusdam dicta tempora. Porro a voluptatem et velit non voluptas. Unde non pariatur quia debitis neque.', 24, 15, 5);
INSERT INTO `message` (`id`, `head`, `body`, `gest_id`, `hotel_id`, `raiting`) VALUES (161, 'a', 'Qui et aspernatur aut vel officiis. Architecto quisquam quia in. Sapiente deserunt ullam corporis sit et adipisci.', 60, 15, 5);
INSERT INTO `message` (`id`, `head`, `body`, `gest_id`, `hotel_id`, `raiting`) VALUES (162, 'distinctio', 'Et eveniet rerum qui aliquid quia ab. Impedit eum voluptas nesciunt provident. Natus ut est nisi libero commodi nihil. Et nobis atque suscipit omnis minus et perspiciatis.', 90, 3, 1);
INSERT INTO `message` (`id`, `head`, `body`, `gest_id`, `hotel_id`, `raiting`) VALUES (163, 'aut', 'Id occaecati molestias voluptatem consequatur eius nisi. Quo dolores est fugiat architecto. Perspiciatis illum aut assumenda hic. Et adipisci autem similique fugit qui in aliquid. Optio dignissimos ut iusto rerum nisi aliquam', 21, 6, 1);
INSERT INTO `message` (`id`, `head`, `body`, `gest_id`, `hotel_id`, `raiting`) VALUES (164, 'voluptas', 'Sit placeat perferendis repudiandae non. Commodi odit placeat earum. Et quam cupiditate aut qui.', 27, 2, 4);
INSERT INTO `message` (`id`, `head`, `body`, `gest_id`, `hotel_id`, `raiting`) VALUES (165, 'facilis', 'Laudantium sit dolorum rerum enim omnis ut. Commodi facilis voluptatum vero quis debitis aspernatur velit. Ipsa quos quo enim ipsum. Molestias vel dolores quidem hic.', 32, 19, 1);
INSERT INTO `message` (`id`, `head`, `body`, `gest_id`, `hotel_id`, `raiting`) VALUES (166, 'ut', 'Ut consequatur non explicabo rerum natus sapiente. Ea ut a nulla provident consequuntur aut.', 33, 20, 5);
INSERT INTO `message` (`id`, `head`, `body`, `gest_id`, `hotel_id`, `raiting`) VALUES (167, 'eveniet', 'Qui eum reprehenderit harum ut. Et quae aspernatur quia laudantium vel et ut. Quod sit sequi earum fugiat. Voluptas eius quidem eius error quibusdam. Deleniti recusandae voluptas autem mollitia eos.', 67, 16, 4);
INSERT INTO `message` (`id`, `head`, `body`, `gest_id`, `hotel_id`, `raiting`) VALUES (168, 'officiis', 'Rem cupiditate porro repellat qui voluptatem et. Perspiciatis sint ea itaque doloribus laborum ut. Possimus ab est corrupti illum.', 5, 19, 4);
INSERT INTO `message` (`id`, `head`, `body`, `gest_id`, `hotel_id`, `raiting`) VALUES (169, 'non', 'Laborum consequatur repellat ut dolores repellat laudantium modi. Veniam aperiam dignissimos rerum voluptas exercitationem magni minima omnis. Nobis incidunt labore est et doloribus itaque.', 94, 2, 4);
INSERT INTO `message` (`id`, `head`, `body`, `gest_id`, `hotel_id`, `raiting`) VALUES (170, 'debitis', 'Exercitationem rerum facere ullam sit hic libero. Aspernatur ut eaque esse eum pariatur quos. Dolor sunt vel quia molestias voluptas.', 97, 11, 3);
INSERT INTO `message` (`id`, `head`, `body`, `gest_id`, `hotel_id`, `raiting`) VALUES (171, 'quasi', 'Sit quaerat consequatur dolor quasi in. Sapiente facilis perspiciatis itaque voluptas qui ratione cupiditate tempora. Sit et rerum voluptas quasi. Quia est pariatur odio vero. Expedita nostrum voluptatem in voluptatibus expli', 86, 8, 5);
INSERT INTO `message` (`id`, `head`, `body`, `gest_id`, `hotel_id`, `raiting`) VALUES (172, 'officia', 'Dolor rerum dolorum mollitia voluptas id vero est. Eaque dolor ratione suscipit velit velit voluptate minus. Odit vero dignissimos rerum.', 72, 7, 2);
INSERT INTO `message` (`id`, `head`, `body`, `gest_id`, `hotel_id`, `raiting`) VALUES (173, 'unde', 'Asperiores placeat consequatur deserunt excepturi eveniet. Incidunt autem consequatur ut dolores autem dolorum. Sit voluptatum voluptatem id veniam. Labore sit ut corporis minima voluptas sunt.', 28, 18, 3);
INSERT INTO `message` (`id`, `head`, `body`, `gest_id`, `hotel_id`, `raiting`) VALUES (174, 'eos', 'Molestiae sed cum in incidunt dignissimos. Velit minima aut fugit ducimus est delectus aperiam. Ut suscipit accusantium alias consectetur qui dolores. Impedit totam est suscipit eveniet.', 90, 3, 4);
INSERT INTO `message` (`id`, `head`, `body`, `gest_id`, `hotel_id`, `raiting`) VALUES (175, 'ipsum', 'Est qui possimus in est enim. Libero repellendus totam natus sapiente. Porro qui deserunt aperiam dolores et nulla. Et sapiente dolorem veritatis ea hic.', 20, 20, 2);
INSERT INTO `message` (`id`, `head`, `body`, `gest_id`, `hotel_id`, `raiting`) VALUES (176, 'vero', 'Officiis aut maxime sequi qui quo. Voluptas dolorem qui illo aut voluptatem autem. Rerum ullam itaque ipsam placeat.', 99, 18, 4);
INSERT INTO `message` (`id`, `head`, `body`, `gest_id`, `hotel_id`, `raiting`) VALUES (177, 'autem', 'Illum ducimus ut et rem odio omnis reprehenderit. Sequi et non eos voluptas aut dolore. Qui repellat illum commodi doloribus. Dolores reprehenderit voluptatem est ipsa maiores.', 92, 12, 1);
INSERT INTO `message` (`id`, `head`, `body`, `gest_id`, `hotel_id`, `raiting`) VALUES (178, 'nostrum', 'Deleniti mollitia corporis officiis eos ipsa dolores ex. Repellat voluptatem aperiam ut commodi delectus voluptates cum sunt. Eum distinctio excepturi non voluptatem est. Et deleniti quia recusandae iure architecto.', 52, 9, 1);
INSERT INTO `message` (`id`, `head`, `body`, `gest_id`, `hotel_id`, `raiting`) VALUES (179, 'minus', 'Maiores dicta ex et velit et adipisci qui ipsum. Aut aut sint placeat excepturi sequi soluta voluptatibus ut. Distinctio maiores illo rerum rerum.', 61, 20, 5);
INSERT INTO `message` (`id`, `head`, `body`, `gest_id`, `hotel_id`, `raiting`) VALUES (180, 'non', 'Id et dignissimos fugiat aperiam qui. Aut molestias expedita sint totam aut explicabo. Doloremque similique et sed sed voluptatum. Suscipit est sed ad et.', 63, 18, 2);
INSERT INTO `message` (`id`, `head`, `body`, `gest_id`, `hotel_id`, `raiting`) VALUES (181, 'provident', 'Accusantium dolor nobis est. Aut cum sunt iure rem rerum. Doloribus velit eos sequi.', 89, 5, 5);
INSERT INTO `message` (`id`, `head`, `body`, `gest_id`, `hotel_id`, `raiting`) VALUES (182, 'et', 'Mollitia omnis enim sint ipsa adipisci illo ea. Sed quidem autem perferendis expedita quia in. Porro id necessitatibus et. Corrupti incidunt beatae enim ea delectus velit.', 3, 19, 4);
INSERT INTO `message` (`id`, `head`, `body`, `gest_id`, `hotel_id`, `raiting`) VALUES (183, 'nostrum', 'Corrupti dolore repudiandae itaque quis. Porro doloremque necessitatibus et dolorem. Temporibus cupiditate corrupti et pariatur odit reprehenderit.', 5, 15, 2);
INSERT INTO `message` (`id`, `head`, `body`, `gest_id`, `hotel_id`, `raiting`) VALUES (184, 'adipisci', 'Non excepturi dolores ut delectus rerum. Qui tempora molestiae perferendis assumenda. Eum ut distinctio molestiae qui.', 75, 18, 2);
INSERT INTO `message` (`id`, `head`, `body`, `gest_id`, `hotel_id`, `raiting`) VALUES (185, 'nihil', 'Doloribus sunt minima sapiente accusamus facere asperiores sed minus. Mollitia quod molestiae non voluptatibus aut qui. Necessitatibus consequatur mollitia qui est.', 51, 1, 3);
INSERT INTO `message` (`id`, `head`, `body`, `gest_id`, `hotel_id`, `raiting`) VALUES (186, 'aspernatur', 'Culpa non consequatur cumque eos qui. Blanditiis qui expedita corporis qui harum veritatis laudantium. Quod rerum distinctio debitis perferendis similique iusto ratione. Sit necessitatibus temporibus exercitationem adipisci.', 49, 3, 3);
INSERT INTO `message` (`id`, `head`, `body`, `gest_id`, `hotel_id`, `raiting`) VALUES (187, 'eius', 'Omnis esse dolor cum temporibus in. Voluptas magnam nulla in rerum.', 80, 11, 1);
INSERT INTO `message` (`id`, `head`, `body`, `gest_id`, `hotel_id`, `raiting`) VALUES (188, 'et', 'Enim asperiores ex corporis ut dolor cum. Ipsam qui quod asperiores ratione tenetur.', 36, 11, 4);
INSERT INTO `message` (`id`, `head`, `body`, `gest_id`, `hotel_id`, `raiting`) VALUES (189, 'aut', 'Perspiciatis quidem eos quibusdam qui. Excepturi voluptatibus voluptatum enim officiis error autem. Et aspernatur aut excepturi nam. Eaque qui ullam magni quas.', 56, 14, 4);
INSERT INTO `message` (`id`, `head`, `body`, `gest_id`, `hotel_id`, `raiting`) VALUES (190, 'doloremque', 'Et delectus dolore asperiores omnis similique quia nulla. Animi distinctio laborum illum consequatur voluptas. Ut enim quibusdam autem eum rerum voluptate.', 42, 19, 3);
INSERT INTO `message` (`id`, `head`, `body`, `gest_id`, `hotel_id`, `raiting`) VALUES (191, 'magnam', 'Error aut qui perferendis qui voluptatum. Labore assumenda aut temporibus error velit rerum earum. Qui dolores sunt alias. Esse dolores necessitatibus quis.', 45, 10, 3);
INSERT INTO `message` (`id`, `head`, `body`, `gest_id`, `hotel_id`, `raiting`) VALUES (192, 'qui', 'Neque minima cupiditate voluptatem qui. Est et omnis suscipit suscipit est enim qui.', 28, 19, 4);
INSERT INTO `message` (`id`, `head`, `body`, `gest_id`, `hotel_id`, `raiting`) VALUES (193, 'est', 'Voluptatibus corrupti soluta consectetur aliquid quia totam. Amet qui eum numquam exercitationem. Libero mollitia quidem quaerat sit maiores assumenda. In illo nesciunt ratione eaque et. Aut fuga repellat porro assumenda aliq', 76, 19, 4);
INSERT INTO `message` (`id`, `head`, `body`, `gest_id`, `hotel_id`, `raiting`) VALUES (194, 'tempora', 'Repellat aspernatur consectetur ea ut sint numquam eius numquam. Repellat voluptatibus repellendus vel et suscipit quia omnis hic. Dolor voluptas consectetur exercitationem qui nostrum aut.', 30, 1, 3);
INSERT INTO `message` (`id`, `head`, `body`, `gest_id`, `hotel_id`, `raiting`) VALUES (195, 'nihil', 'Et sapiente nulla quia ipsam. Et est officiis repudiandae aut aut. Optio et accusamus explicabo. Molestias quia a aut soluta atque quos.', 64, 6, 4);
INSERT INTO `message` (`id`, `head`, `body`, `gest_id`, `hotel_id`, `raiting`) VALUES (196, 'ducimus', 'Autem distinctio adipisci ut ipsum. Facere et consequuntur labore necessitatibus suscipit nihil impedit quo. Ratione dolorum aut iure quas illum. Qui sit et occaecati optio et voluptas et omnis. Incidunt voluptatem et corpori', 6, 8, 1);
INSERT INTO `message` (`id`, `head`, `body`, `gest_id`, `hotel_id`, `raiting`) VALUES (197, 'ipsam', 'Nam sit sit porro sint. Voluptatibus maiores similique labore dolores debitis voluptates non. Provident accusamus doloremque laboriosam architecto sed. Unde nihil voluptatem maiores tempore repellendus aut. Et eos sit ipsum r', 96, 7, 3);
INSERT INTO `message` (`id`, `head`, `body`, `gest_id`, `hotel_id`, `raiting`) VALUES (198, 'dicta', 'Sequi enim et quis reiciendis. Dolor velit molestias deserunt. Earum ipsam nostrum non vitae eos.', 72, 9, 4);
INSERT INTO `message` (`id`, `head`, `body`, `gest_id`, `hotel_id`, `raiting`) VALUES (199, 'cumque', 'Et incidunt velit est incidunt. Et voluptatem aut numquam et nostrum unde. Aut et commodi architecto et ut et odio.', 62, 12, 5);
INSERT INTO `message` (`id`, `head`, `body`, `gest_id`, `hotel_id`, `raiting`) VALUES (200, 'rerum', 'Ut itaque temporibus harum aut. Ut eaque quae in quidem blanditiis. Ea ut vitae cumque accusamus voluptatem vitae sint quis. Assumenda nihil id a odio sint omnis.', 89, 15, 2);
INSERT INTO `message` (`id`, `head`, `body`, `gest_id`, `hotel_id`, `raiting`) VALUES (201, 'tenetur', 'Odio dolorem modi sequi. Provident ex iusto enim est sit et sit. Harum doloremque laborum eaque voluptatem natus placeat. Et aut eveniet maiores impedit a iste distinctio.', 61, 2, 3);
INSERT INTO `message` (`id`, `head`, `body`, `gest_id`, `hotel_id`, `raiting`) VALUES (202, 'porro', 'Labore modi dolores vero omnis. Autem delectus nihil vel soluta ducimus recusandae vel. Corporis velit ea sit et quod vel ut. Laborum vel facilis tenetur distinctio.', 31, 10, 2);
INSERT INTO `message` (`id`, `head`, `body`, `gest_id`, `hotel_id`, `raiting`) VALUES (203, 'nesciunt', 'Aut aliquam qui sunt et quisquam. Vel eligendi optio molestias consequuntur vel fugit. Dolor voluptatem sit rem impedit. Aliquid ex mollitia tenetur ducimus placeat voluptas. Voluptatem numquam accusamus consequuntur hic expe', 56, 18, 1);
INSERT INTO `message` (`id`, `head`, `body`, `gest_id`, `hotel_id`, `raiting`) VALUES (204, 'esse', 'Optio possimus voluptatibus in omnis est et. Aperiam rerum dicta delectus et numquam est nesciunt.', 31, 18, 4);
INSERT INTO `message` (`id`, `head`, `body`, `gest_id`, `hotel_id`, `raiting`) VALUES (205, 'illo', 'Dolor eius recusandae sunt praesentium. Sunt fugiat aut placeat ab qui excepturi. Ut voluptatibus vitae nisi asperiores qui. Dolores nulla sequi velit fuga quibusdam. Eos aperiam veritatis quaerat itaque est.', 30, 8, 5);
INSERT INTO `message` (`id`, `head`, `body`, `gest_id`, `hotel_id`, `raiting`) VALUES (206, 'nihil', 'Eaque exercitationem quod in aut ratione. Assumenda aut ex dignissimos incidunt quis. Voluptatibus non ut eligendi vel voluptatem exercitationem rerum qui.', 25, 13, 3);
INSERT INTO `message` (`id`, `head`, `body`, `gest_id`, `hotel_id`, `raiting`) VALUES (207, 'perspiciatis', 'Totam voluptatum consequatur qui aspernatur et quis. Dolorum voluptatem neque adipisci qui sed asperiores. Maiores enim enim dolorem.', 27, 10, 2);
INSERT INTO `message` (`id`, `head`, `body`, `gest_id`, `hotel_id`, `raiting`) VALUES (208, 'fugiat', 'Nobis earum eligendi cupiditate voluptatum. Dolores nesciunt nostrum totam nam qui excepturi ipsa excepturi. Dolore dolorem optio est ipsa nesciunt vero eaque.', 32, 17, 1);
INSERT INTO `message` (`id`, `head`, `body`, `gest_id`, `hotel_id`, `raiting`) VALUES (209, 'minus', 'Veniam sit aut ratione asperiores illo. Est doloremque omnis velit. Sint nulla quas corrupti et voluptates error dolores. Et quas aliquid dignissimos esse.', 55, 12, 2);
INSERT INTO `message` (`id`, `head`, `body`, `gest_id`, `hotel_id`, `raiting`) VALUES (210, 'ut', 'Optio beatae consectetur dolorum dolore aut eum. Aut vel magnam nisi neque nobis corrupti. Rerum doloremque libero sed adipisci modi odit et. Eos voluptatem ab molestiae rerum aperiam sed.', 68, 1, 1);
INSERT INTO `message` (`id`, `head`, `body`, `gest_id`, `hotel_id`, `raiting`) VALUES (211, 'perspiciatis', 'Harum rerum nobis repudiandae labore. Aperiam ut recusandae ducimus velit. Accusantium ipsa qui enim ut qui pariatur. Qui voluptatem ipsa ipsum amet reiciendis sunt tempore.', 25, 18, 4);
INSERT INTO `message` (`id`, `head`, `body`, `gest_id`, `hotel_id`, `raiting`) VALUES (212, 'aliquid', 'Autem veritatis rerum est quae sequi. Eum fuga magnam rerum inventore. Et illo et totam blanditiis sit libero suscipit. Excepturi qui corrupti inventore adipisci quis.', 53, 10, 4);
INSERT INTO `message` (`id`, `head`, `body`, `gest_id`, `hotel_id`, `raiting`) VALUES (213, 'laboriosam', 'Aut sit suscipit sit quo in consectetur est. Ut mollitia culpa minima. Consequatur pariatur soluta sed omnis accusantium in similique. Dolor enim quis perferendis doloremque dolor ex.', 87, 6, 3);
INSERT INTO `message` (`id`, `head`, `body`, `gest_id`, `hotel_id`, `raiting`) VALUES (214, 'est', 'Iusto molestiae beatae quia in. Voluptas sed qui reprehenderit quia quidem. Dolor non animi quibusdam aut voluptas voluptatem cumque rerum.', 10, 12, 4);
INSERT INTO `message` (`id`, `head`, `body`, `gest_id`, `hotel_id`, `raiting`) VALUES (215, 'voluptatibus', 'Iusto illo exercitationem error. Placeat optio qui iure est occaecati ea officiis. Dolorem sint aut sint temporibus commodi et officiis veniam. Non accusamus officia ut rem illum.', 20, 16, 1);
INSERT INTO `message` (`id`, `head`, `body`, `gest_id`, `hotel_id`, `raiting`) VALUES (216, 'veritatis', 'Sit voluptas fuga quo earum aut id enim. Minus quis eos provident hic. Adipisci optio a libero voluptas aliquid libero sit. Quia ut culpa molestias dolorem sapiente eum expedita.', 19, 13, 5);
INSERT INTO `message` (`id`, `head`, `body`, `gest_id`, `hotel_id`, `raiting`) VALUES (217, 'recusandae', 'Sit dolores quia assumenda nihil ad ipsa. Consequatur et molestiae esse quis dolores sed. Minus rerum odio maxime est quibusdam dolorum accusantium.', 86, 16, 3);
INSERT INTO `message` (`id`, `head`, `body`, `gest_id`, `hotel_id`, `raiting`) VALUES (218, 'cupiditate', 'Esse laudantium dignissimos facilis. Ipsa ullam laudantium quasi tenetur. Sapiente laudantium minima facilis ipsum qui.', 59, 13, 4);
INSERT INTO `message` (`id`, `head`, `body`, `gest_id`, `hotel_id`, `raiting`) VALUES (219, 'molestias', 'Voluptatem voluptate et laudantium rerum eos similique. Nihil qui qui dicta fuga. Commodi eos impedit omnis et et consectetur similique. Sit est est ipsum velit et perspiciatis libero.', 26, 12, 2);
INSERT INTO `message` (`id`, `head`, `body`, `gest_id`, `hotel_id`, `raiting`) VALUES (220, 'consequuntur', 'Debitis provident ipsa labore debitis at et impedit. Nam repudiandae minima sed dolor id quis. Nihil laborum sed reprehenderit perspiciatis eaque aut error. Mollitia ex ipsam nisi expedita non.', 66, 17, 1);
INSERT INTO `message` (`id`, `head`, `body`, `gest_id`, `hotel_id`, `raiting`) VALUES (221, 'et', 'Velit magnam et mollitia. Atque et dolores ipsam explicabo nisi. Fugit nam voluptas nemo dolore illum.', 22, 9, 2);
INSERT INTO `message` (`id`, `head`, `body`, `gest_id`, `hotel_id`, `raiting`) VALUES (222, 'qui', 'Id sint beatae id ullam. In illum odit necessitatibus nulla. Commodi sunt tenetur assumenda vero qui quasi. Odio at quas aut quos omnis iusto.', 28, 11, 5);
INSERT INTO `message` (`id`, `head`, `body`, `gest_id`, `hotel_id`, `raiting`) VALUES (223, 'possimus', 'Delectus earum aut et aliquam. Voluptas reprehenderit aut ea. Sed velit doloribus non quisquam.', 20, 17, 3);
INSERT INTO `message` (`id`, `head`, `body`, `gest_id`, `hotel_id`, `raiting`) VALUES (224, 'iusto', 'Ipsam possimus sapiente mollitia ea. Beatae eum ab laudantium nam illum doloribus. Aperiam excepturi et ratione.', 10, 2, 4);
INSERT INTO `message` (`id`, `head`, `body`, `gest_id`, `hotel_id`, `raiting`) VALUES (225, 'autem', 'Ratione porro voluptatibus nihil omnis nesciunt quia. Temporibus distinctio quos cum reprehenderit consequatur dolore. In accusantium quas quia molestias consequatur suscipit.', 7, 16, 4);
INSERT INTO `message` (`id`, `head`, `body`, `gest_id`, `hotel_id`, `raiting`) VALUES (226, 'vero', 'Nihil saepe voluptatem at molestiae. Voluptatem nisi distinctio et et voluptatum nesciunt et.', 65, 3, 5);
INSERT INTO `message` (`id`, `head`, `body`, `gest_id`, `hotel_id`, `raiting`) VALUES (227, 'ipsam', 'Cumque ex eum vel et magni perferendis. Doloribus asperiores dolores fuga excepturi. Vero libero in est cum nobis ab et. Et perspiciatis quis aspernatur id.', 56, 18, 2);
INSERT INTO `message` (`id`, `head`, `body`, `gest_id`, `hotel_id`, `raiting`) VALUES (228, 'qui', 'Nobis veniam quam ab. Ad temporibus maiores ut et neque explicabo qui. Sit alias qui ratione nihil deserunt suscipit numquam.', 85, 16, 1);
INSERT INTO `message` (`id`, `head`, `body`, `gest_id`, `hotel_id`, `raiting`) VALUES (229, 'necessitatibus', 'Unde est doloremque cumque. Porro sint sunt dolorum et. Rerum facilis deleniti quos in ratione tempora. Cumque asperiores culpa adipisci cupiditate. Optio autem quisquam excepturi quaerat numquam.', 82, 14, 2);
INSERT INTO `message` (`id`, `head`, `body`, `gest_id`, `hotel_id`, `raiting`) VALUES (230, 'sed', 'Et illum dolores neque maiores blanditiis aspernatur. Quia et omnis aut culpa natus delectus. Iure enim velit aut odit omnis. Facilis autem incidunt non omnis est.', 66, 9, 4);
INSERT INTO `message` (`id`, `head`, `body`, `gest_id`, `hotel_id`, `raiting`) VALUES (231, 'sint', 'Nam neque fugit cumque. Id magnam molestiae sit corrupti. Illo est perferendis reiciendis amet.', 32, 7, 4);
INSERT INTO `message` (`id`, `head`, `body`, `gest_id`, `hotel_id`, `raiting`) VALUES (232, 'ut', 'Corporis et sequi eum occaecati quis. Sunt autem repellendus delectus eius exercitationem iure alias accusantium. Eum adipisci quasi natus et quisquam odio.', 80, 5, 5);
INSERT INTO `message` (`id`, `head`, `body`, `gest_id`, `hotel_id`, `raiting`) VALUES (233, 'et', 'Enim aut quam velit. Enim dolor et blanditiis est voluptatem. Quia adipisci voluptatibus deleniti eligendi minus.', 84, 5, 2);
INSERT INTO `message` (`id`, `head`, `body`, `gest_id`, `hotel_id`, `raiting`) VALUES (234, 'et', 'Voluptatem repudiandae sequi magnam ullam dolore maiores ea. Doloremque quibusdam rerum sed odio sit id. Ipsam non necessitatibus totam est.', 4, 6, 4);
INSERT INTO `message` (`id`, `head`, `body`, `gest_id`, `hotel_id`, `raiting`) VALUES (235, 'autem', 'Assumenda nihil tempore fugit. Fuga soluta incidunt ipsa aperiam aut fuga eos. Et sed voluptas hic et nulla.', 91, 1, 5);
INSERT INTO `message` (`id`, `head`, `body`, `gest_id`, `hotel_id`, `raiting`) VALUES (236, 'odio', 'Saepe ut est expedita repellendus et aut ipsa. Aut hic id et eaque ea. Et expedita in porro debitis tempora ipsa ut. Nulla libero pariatur quasi porro velit iure.', 19, 6, 4);
INSERT INTO `message` (`id`, `head`, `body`, `gest_id`, `hotel_id`, `raiting`) VALUES (237, 'illo', 'Eligendi vero qui praesentium voluptatem. Quidem est et ut non non suscipit dicta. Maiores quo hic eum pariatur aperiam unde sint.', 89, 6, 1);
INSERT INTO `message` (`id`, `head`, `body`, `gest_id`, `hotel_id`, `raiting`) VALUES (238, 'est', 'Impedit consequatur eos expedita sit. Dolorem aut fugit eius odio. Mollitia maiores enim et et voluptatem nobis.', 53, 8, 5);
INSERT INTO `message` (`id`, `head`, `body`, `gest_id`, `hotel_id`, `raiting`) VALUES (239, 'illo', 'Omnis et eos quisquam a laudantium ut. Deserunt corrupti sit dolor dolorem non ipsam harum. Ipsum ut aut nostrum dolor earum doloribus ipsa iusto. Qui labore id et.', 95, 10, 2);
INSERT INTO `message` (`id`, `head`, `body`, `gest_id`, `hotel_id`, `raiting`) VALUES (240, 'in', 'Mollitia id molestias consequuntur eum. Eum voluptas est iure officiis rem fugit explicabo. Quo modi delectus autem rerum dolorum esse quia autem.', 17, 9, 2);
INSERT INTO `message` (`id`, `head`, `body`, `gest_id`, `hotel_id`, `raiting`) VALUES (241, 'sed', 'Soluta repudiandae eius qui ipsum quis. Sunt dicta eligendi fugit aliquid aliquam repudiandae necessitatibus. Expedita recusandae maxime qui. Laudantium et qui non autem alias qui.', 78, 14, 2);
INSERT INTO `message` (`id`, `head`, `body`, `gest_id`, `hotel_id`, `raiting`) VALUES (242, 'in', 'Optio quaerat doloribus cupiditate qui laborum provident. Odit rerum quaerat ut. Rem optio cumque minima mollitia quia qui ut veniam.', 98, 9, 4);
INSERT INTO `message` (`id`, `head`, `body`, `gest_id`, `hotel_id`, `raiting`) VALUES (243, 'pariatur', 'Deleniti nam itaque quis eum. Quis voluptatem reiciendis aut labore tempore est ut. Impedit nostrum ratione quia. Vel aut expedita nam perspiciatis quis corrupti possimus.', 18, 5, 4);
INSERT INTO `message` (`id`, `head`, `body`, `gest_id`, `hotel_id`, `raiting`) VALUES (244, 'sint', 'Dolore est quo tempore distinctio et quod reiciendis. Animi omnis quia architecto iusto incidunt repudiandae. Eligendi neque omnis aperiam possimus et libero.', 97, 2, 2);
INSERT INTO `message` (`id`, `head`, `body`, `gest_id`, `hotel_id`, `raiting`) VALUES (245, 'aut', 'Quia fuga quia dicta inventore. Rerum omnis natus porro animi quam ab nisi maxime. Molestiae ab earum odit tempore voluptates. Eos dolore dolores officia quis in eum.', 92, 1, 2);
INSERT INTO `message` (`id`, `head`, `body`, `gest_id`, `hotel_id`, `raiting`) VALUES (246, 'pariatur', 'Nesciunt molestiae explicabo ut ut et placeat eaque. Incidunt in eaque perspiciatis delectus id aut. Nihil et sed in ut. Omnis qui mollitia vitae unde nihil. Eius animi ea assumenda incidunt voluptates recusandae dolor rem.', 88, 10, 3);
INSERT INTO `message` (`id`, `head`, `body`, `gest_id`, `hotel_id`, `raiting`) VALUES (247, 'asperiores', 'Quos facere molestiae et in nulla. Quia rerum reiciendis sed nihil. Et vero dolorem vitae laboriosam ut et.', 21, 14, 1);
INSERT INTO `message` (`id`, `head`, `body`, `gest_id`, `hotel_id`, `raiting`) VALUES (248, 'repudiandae', 'Quis consequatur aut aut. Nulla aut sunt dolorum facere fugit rerum quas ab.', 55, 14, 2);
INSERT INTO `message` (`id`, `head`, `body`, `gest_id`, `hotel_id`, `raiting`) VALUES (249, 'iure', 'Illum impedit suscipit voluptatem est. Iste sit nisi ut harum. Est voluptatem praesentium officiis nemo ex vero. Porro enim dignissimos accusamus aliquam.', 48, 17, 2);
INSERT INTO `message` (`id`, `head`, `body`, `gest_id`, `hotel_id`, `raiting`) VALUES (250, 'qui', 'Aut ut eos asperiores in ut rem dolor eum. Porro eveniet nihil autem sapiente quis ipsam. Temporibus est alias velit et consequatur.', 89, 6, 5);
INSERT INTO `message` (`id`, `head`, `body`, `gest_id`, `hotel_id`, `raiting`) VALUES (251, 'consequuntur', 'Ex aspernatur corporis rerum sed aut dolore. Aliquam vel at nulla. Enim aspernatur dolorem rerum esse asperiores ut aspernatur. Officia optio dolorem voluptatem maxime voluptas facere.', 33, 6, 4);
INSERT INTO `message` (`id`, `head`, `body`, `gest_id`, `hotel_id`, `raiting`) VALUES (252, 'quaerat', 'Sed provident velit consequuntur sunt laborum eveniet. Placeat eveniet sint nulla sit vel voluptatem. Illo provident est nihil qui cum laboriosam.', 53, 8, 4);
INSERT INTO `message` (`id`, `head`, `body`, `gest_id`, `hotel_id`, `raiting`) VALUES (253, 'repellendus', 'Rem non eligendi eum. Qui quod accusantium perspiciatis ut sit rerum. Similique dolorum quidem pariatur voluptatem quidem qui reprehenderit.', 88, 12, 2);
INSERT INTO `message` (`id`, `head`, `body`, `gest_id`, `hotel_id`, `raiting`) VALUES (254, 'consequatur', 'Qui praesentium aut ut velit harum possimus. Eum sunt enim quo voluptas. Accusantium ut magni magnam rerum et et.', 9, 3, 1);
INSERT INTO `message` (`id`, `head`, `body`, `gest_id`, `hotel_id`, `raiting`) VALUES (255, 'quo', 'Corporis voluptatem laborum at cupiditate ab iure itaque. Eligendi sed cupiditate voluptas dolores qui numquam. Non aut eligendi corporis. Et non quia et ratione.', 38, 20, 5);
INSERT INTO `message` (`id`, `head`, `body`, `gest_id`, `hotel_id`, `raiting`) VALUES (256, 'molestiae', 'Quod quia id et veniam ut veniam aspernatur. Dolore tempora perferendis qui.', 62, 2, 2);
INSERT INTO `message` (`id`, `head`, `body`, `gest_id`, `hotel_id`, `raiting`) VALUES (257, 'laborum', 'Esse possimus consectetur eum voluptatem. Et sed sit cumque qui dolores voluptate. Quo optio est a et excepturi et consequatur.', 80, 4, 5);
INSERT INTO `message` (`id`, `head`, `body`, `gest_id`, `hotel_id`, `raiting`) VALUES (258, 'molestiae', 'Autem non voluptatem quas. Omnis deserunt sint officiis quasi quaerat.', 82, 12, 3);
INSERT INTO `message` (`id`, `head`, `body`, `gest_id`, `hotel_id`, `raiting`) VALUES (259, 'error', 'Voluptas natus vel nostrum ex consequatur sunt iusto et. Non similique perferendis eum est incidunt eaque. Repudiandae fuga sit doloremque. Tempore voluptatem beatae impedit consequatur ex eum consequatur. Dignissimos dolorib', 90, 16, 4);
INSERT INTO `message` (`id`, `head`, `body`, `gest_id`, `hotel_id`, `raiting`) VALUES (260, 'voluptas', 'Architecto sed dicta rem. Labore molestiae officia repellat magni incidunt. Vel illo ut eveniet tenetur.', 67, 13, 3);
INSERT INTO `message` (`id`, `head`, `body`, `gest_id`, `hotel_id`, `raiting`) VALUES (261, 'in', 'In voluptas alias quis eum qui magnam ea. Voluptates ab molestias sunt. Laboriosam id optio temporibus quis et nam officiis.', 37, 17, 3);
INSERT INTO `message` (`id`, `head`, `body`, `gest_id`, `hotel_id`, `raiting`) VALUES (262, 'voluptatem', 'Consequatur omnis ducimus qui aspernatur sed sunt. Adipisci ut a repellat alias quos. Quia mollitia quia dolor asperiores ad qui. Similique at a suscipit molestiae.', 40, 3, 3);
INSERT INTO `message` (`id`, `head`, `body`, `gest_id`, `hotel_id`, `raiting`) VALUES (263, 'hic', 'Voluptas exercitationem et neque omnis qui velit est. Qui veritatis ut cupiditate dolores omnis adipisci autem. Veniam fuga dolor molestias omnis autem fuga suscipit. Ratione voluptatem enim quia.', 58, 11, 4);
INSERT INTO `message` (`id`, `head`, `body`, `gest_id`, `hotel_id`, `raiting`) VALUES (264, 'molestiae', 'Voluptas sit dolores nesciunt libero est dolores placeat. Ex dolor ut qui adipisci. Ab deserunt reprehenderit dignissimos delectus qui eligendi. Non incidunt ad temporibus id.', 89, 3, 4);
INSERT INTO `message` (`id`, `head`, `body`, `gest_id`, `hotel_id`, `raiting`) VALUES (265, 'possimus', 'Aspernatur sint assumenda aliquam velit. Qui qui eum saepe ex consequatur sit.', 99, 15, 5);
INSERT INTO `message` (`id`, `head`, `body`, `gest_id`, `hotel_id`, `raiting`) VALUES (266, 'nostrum', 'Quasi voluptas cumque eum excepturi ipsam eveniet non. Nisi nesciunt aut aut et sint et inventore provident. Molestias ex magnam et placeat fuga suscipit.', 18, 8, 1);
INSERT INTO `message` (`id`, `head`, `body`, `gest_id`, `hotel_id`, `raiting`) VALUES (267, 'atque', 'Vel autem repudiandae facere perspiciatis aperiam. Voluptates est fugit reprehenderit nobis quia voluptas assumenda eos. Necessitatibus odit ex similique assumenda nesciunt quod.', 28, 17, 1);
INSERT INTO `message` (`id`, `head`, `body`, `gest_id`, `hotel_id`, `raiting`) VALUES (268, 'deserunt', 'Sint suscipit est nihil quod et optio eum. Modi sed laborum non atque et aspernatur aliquid. Neque qui nulla corporis maxime. Quidem distinctio et reprehenderit quia. Et itaque temporibus reprehenderit.', 92, 9, 2);
INSERT INTO `message` (`id`, `head`, `body`, `gest_id`, `hotel_id`, `raiting`) VALUES (269, 'culpa', 'Voluptas ut beatae exercitationem. Magni omnis sit nihil eum. Vel repudiandae excepturi et qui vero rerum. Necessitatibus esse deleniti nihil exercitationem quisquam vero voluptatem.', 60, 2, 5);
INSERT INTO `message` (`id`, `head`, `body`, `gest_id`, `hotel_id`, `raiting`) VALUES (270, 'inventore', 'Aut magni dolorem omnis odit qui iste. Quia alias quos sunt eum architecto. Et rerum totam at consectetur et itaque. Sint tempore nesciunt voluptas consectetur quae.', 10, 18, 1);
INSERT INTO `message` (`id`, `head`, `body`, `gest_id`, `hotel_id`, `raiting`) VALUES (271, 'nobis', 'Laboriosam odit sit dolor eos iure ullam. Doloremque ea sunt laborum soluta rem et nulla. Nam recusandae impedit a repudiandae.', 23, 6, 4);
INSERT INTO `message` (`id`, `head`, `body`, `gest_id`, `hotel_id`, `raiting`) VALUES (272, 'dolor', 'Dolores et magni rerum voluptatem. Est soluta eos rerum facere atque doloremque. Animi porro fugit laborum quod. Et magni harum quidem rerum molestias.', 47, 2, 3);
INSERT INTO `message` (`id`, `head`, `body`, `gest_id`, `hotel_id`, `raiting`) VALUES (273, 'laboriosam', 'Facilis quidem non consequatur inventore natus omnis. Sint voluptas enim voluptas minus. Eos repudiandae ut libero voluptas ea inventore quo. Ducimus ut non et mollitia consequatur vel.', 58, 4, 1);
INSERT INTO `message` (`id`, `head`, `body`, `gest_id`, `hotel_id`, `raiting`) VALUES (274, 'sed', 'Eius provident voluptatibus excepturi provident. Dolorum eos alias voluptatum sequi eum libero praesentium. Repudiandae incidunt earum quia molestiae rerum. Aut quibusdam ducimus aut qui ut soluta doloremque.', 31, 7, 2);
INSERT INTO `message` (`id`, `head`, `body`, `gest_id`, `hotel_id`, `raiting`) VALUES (275, 'blanditiis', 'Pariatur a odio non dolorum. Quis dignissimos esse cumque porro ad rem sit. Voluptates incidunt a excepturi temporibus non excepturi. Amet et similique non molestiae.', 45, 14, 2);
INSERT INTO `message` (`id`, `head`, `body`, `gest_id`, `hotel_id`, `raiting`) VALUES (276, 'fugit', 'Quae quo ullam ut. Sed iure molestiae voluptas rerum ex molestias ipsum sint. Maxime cum quia quos expedita dolore. Quia et et voluptatem quod.', 19, 3, 4);
INSERT INTO `message` (`id`, `head`, `body`, `gest_id`, `hotel_id`, `raiting`) VALUES (277, 'cupiditate', 'Sit necessitatibus harum id odit sit nam animi. Dolore ut magni eos. Itaque est aut debitis laborum. Facilis sit eum ullam reprehenderit atque repudiandae molestiae.', 61, 11, 5);
INSERT INTO `message` (`id`, `head`, `body`, `gest_id`, `hotel_id`, `raiting`) VALUES (278, 'sed', 'Et aspernatur illo ipsa voluptatem qui vitae ea. Officia tenetur placeat nesciunt.', 65, 6, 5);
INSERT INTO `message` (`id`, `head`, `body`, `gest_id`, `hotel_id`, `raiting`) VALUES (279, 'tempora', 'Mollitia et necessitatibus sit in quia sed. Error impedit enim pariatur consequatur facilis et magni. Facilis cumque ut sapiente doloribus iusto. Sit sunt ut voluptatem ut in perferendis officiis.', 40, 17, 3);
INSERT INTO `message` (`id`, `head`, `body`, `gest_id`, `hotel_id`, `raiting`) VALUES (280, 'sit', 'Nostrum ea occaecati rerum ut placeat. Aut id cupiditate sint id doloribus corrupti. Porro atque quibusdam optio deleniti molestias.', 68, 17, 4);
INSERT INTO `message` (`id`, `head`, `body`, `gest_id`, `hotel_id`, `raiting`) VALUES (281, 'itaque', 'Deleniti expedita velit dicta laborum aut. Qui et itaque odio dicta saepe enim.', 58, 18, 5);
INSERT INTO `message` (`id`, `head`, `body`, `gest_id`, `hotel_id`, `raiting`) VALUES (282, 'necessitatibus', 'Minima odio tempora rerum est voluptate quam quaerat perspiciatis. Illum tempora facilis assumenda qui velit temporibus. Ad amet qui exercitationem vitae nisi excepturi quae. Nostrum omnis est dolor dicta animi.', 65, 11, 4);
INSERT INTO `message` (`id`, `head`, `body`, `gest_id`, `hotel_id`, `raiting`) VALUES (283, 'cumque', 'Esse repellat consequatur quam sapiente expedita qui esse. Sapiente quia et qui ut eligendi non. Ducimus ut nulla deleniti. Sapiente optio quia itaque dolor repellendus iure et.', 83, 20, 2);
INSERT INTO `message` (`id`, `head`, `body`, `gest_id`, `hotel_id`, `raiting`) VALUES (284, 'autem', 'Voluptas beatae et minima omnis reprehenderit. Porro ducimus fugit aliquid rerum. Qui eligendi nesciunt maiores non temporibus cumque. A cumque magnam aspernatur tenetur molestiae voluptate.', 28, 11, 4);
INSERT INTO `message` (`id`, `head`, `body`, `gest_id`, `hotel_id`, `raiting`) VALUES (285, 'ut', 'Modi labore illo facere consequatur qui possimus. Fugit expedita nostrum id maxime explicabo quo laboriosam. Incidunt maxime et numquam impedit.', 78, 14, 2);
INSERT INTO `message` (`id`, `head`, `body`, `gest_id`, `hotel_id`, `raiting`) VALUES (286, 'facilis', 'Commodi et minima eligendi vel animi. Et nemo et itaque voluptatum nam dolorem quia qui. Autem est qui sit modi. Voluptas ad repellat doloribus provident deserunt quae voluptatem nobis.', 99, 20, 2);
INSERT INTO `message` (`id`, `head`, `body`, `gest_id`, `hotel_id`, `raiting`) VALUES (287, 'veniam', 'Nostrum rerum minus unde repudiandae dolore. Error qui odit qui amet sed consectetur. Consectetur suscipit non quo ut.', 67, 5, 5);
INSERT INTO `message` (`id`, `head`, `body`, `gest_id`, `hotel_id`, `raiting`) VALUES (288, 'quo', 'Voluptatum pariatur asperiores esse voluptas beatae in. Et blanditiis quo magnam. Reprehenderit earum aperiam porro cumque. Non ullam et laboriosam fuga quia incidunt.', 3, 5, 4);
INSERT INTO `message` (`id`, `head`, `body`, `gest_id`, `hotel_id`, `raiting`) VALUES (289, 'eum', 'Exercitationem alias et esse dolore modi. Saepe ab alias voluptatum ipsum illum. Dolores sapiente ut possimus dolor.', 54, 15, 4);
INSERT INTO `message` (`id`, `head`, `body`, `gest_id`, `hotel_id`, `raiting`) VALUES (290, 'officia', 'Rerum velit omnis placeat aspernatur laborum natus autem. Nulla quod aliquid ut quae rem sint rerum pariatur. Voluptas repellat optio voluptates nulla magnam inventore. Qui voluptatem quibusdam dolorem.', 81, 11, 2);
INSERT INTO `message` (`id`, `head`, `body`, `gest_id`, `hotel_id`, `raiting`) VALUES (291, 'culpa', 'Nihil impedit quia voluptatem modi. Ducimus qui qui molestias dicta est est. Mollitia tenetur enim assumenda vitae accusamus molestiae eos. Sit est voluptas exercitationem hic error.', 12, 12, 5);
INSERT INTO `message` (`id`, `head`, `body`, `gest_id`, `hotel_id`, `raiting`) VALUES (292, 'molestiae', 'Ut dolor minima non consectetur totam molestias. Ut praesentium eos mollitia aut sed alias error. Animi error fugiat suscipit corrupti odio.', 57, 12, 5);
INSERT INTO `message` (`id`, `head`, `body`, `gest_id`, `hotel_id`, `raiting`) VALUES (293, 'sit', 'Maxime maiores maxime officia voluptatem. Fugiat quidem fuga eligendi omnis hic delectus ut consequatur. Iusto voluptas molestiae est omnis voluptatum eius itaque. Officia id voluptatum architecto et sit repellat.', 45, 5, 5);
INSERT INTO `message` (`id`, `head`, `body`, `gest_id`, `hotel_id`, `raiting`) VALUES (294, 'cumque', 'Neque aspernatur cumque doloremque et quas aut. Consequuntur et eveniet inventore non hic eligendi eum eos. Impedit nihil quo nihil cum commodi dolores doloribus. Sapiente magnam ducimus laudantium quas aut id.', 73, 16, 4);
INSERT INTO `message` (`id`, `head`, `body`, `gest_id`, `hotel_id`, `raiting`) VALUES (295, 'quae', 'Rerum quis ut in quis tenetur consequuntur unde. Voluptatum et facilis modi doloribus voluptates sed. Quo modi eum commodi vel reiciendis maiores dicta. Occaecati nemo atque illum minima doloremque. Laboriosam quia corrupti b', 15, 8, 3);
INSERT INTO `message` (`id`, `head`, `body`, `gest_id`, `hotel_id`, `raiting`) VALUES (296, 'non', 'Libero impedit itaque quo aperiam aut velit. Id natus architecto exercitationem vel numquam reiciendis ipsum. Quia facere eveniet assumenda blanditiis est id. Et itaque ut est magnam est perferendis est.', 55, 5, 4);
INSERT INTO `message` (`id`, `head`, `body`, `gest_id`, `hotel_id`, `raiting`) VALUES (297, 'sed', 'Libero qui magnam cupiditate dolor sed quo. Sunt ratione ipsam rem temporibus. Sit quos esse corrupti molestiae accusamus qui et. Iusto placeat exercitationem consequatur dicta.', 45, 20, 2);
INSERT INTO `message` (`id`, `head`, `body`, `gest_id`, `hotel_id`, `raiting`) VALUES (298, 'similique', 'Necessitatibus excepturi saepe in fugit. Et et rerum exercitationem magnam fuga illo est qui.', 61, 14, 1);
INSERT INTO `message` (`id`, `head`, `body`, `gest_id`, `hotel_id`, `raiting`) VALUES (299, 'praesentium', 'Voluptas exercitationem modi aliquid recusandae aliquid eum tenetur. Dolorem aut impedit maiores voluptatem quia voluptatum sunt.', 52, 2, 2);
INSERT INTO `message` (`id`, `head`, `body`, `gest_id`, `hotel_id`, `raiting`) VALUES (300, 'laborum', 'Quia eos facilis illo consequatur cumque id sit. Velit nihil repudiandae sint dolorem est commodi qui. Consectetur est eveniet debitis id dolores mollitia.', 97, 17, 5);
INSERT INTO `message` (`id`, `head`, `body`, `gest_id`, `hotel_id`, `raiting`) VALUES (301, 'neque', 'Minima est consequatur qui. Odio doloremque non sit at accusamus fugit. Molestiae fugit at earum corporis. Placeat provident rerum hic harum quo ipsum quae culpa.', 15, 15, 1);
INSERT INTO `message` (`id`, `head`, `body`, `gest_id`, `hotel_id`, `raiting`) VALUES (302, 'aut', 'Velit sed sint qui nihil voluptas aut atque. Amet praesentium molestiae et et. Ut reprehenderit delectus repellat autem itaque cupiditate. Nobis velit quidem aliquam a dolores eos occaecati. Laudantium consequatur voluptatibu', 50, 3, 5);
INSERT INTO `message` (`id`, `head`, `body`, `gest_id`, `hotel_id`, `raiting`) VALUES (303, 'dolorem', 'Corporis nemo molestiae neque. Magnam et et cupiditate nobis eaque consequatur soluta. Sed quis temporibus ab. Non sunt voluptatibus distinctio sit voluptatem ipsum accusamus.', 69, 20, 2);
INSERT INTO `message` (`id`, `head`, `body`, `gest_id`, `hotel_id`, `raiting`) VALUES (304, 'veritatis', 'Ex blanditiis fuga eveniet nesciunt. Porro nemo quidem explicabo. Quae facilis officia veritatis deserunt incidunt.', 35, 12, 4);
INSERT INTO `message` (`id`, `head`, `body`, `gest_id`, `hotel_id`, `raiting`) VALUES (305, 'voluptatum', 'Impedit qui culpa cumque officia corrupti molestias non minus. Soluta tenetur et illo. Voluptatem id vel praesentium voluptatem est porro excepturi corporis. Vitae autem consequatur rerum et labore.', 57, 10, 4);
INSERT INTO `message` (`id`, `head`, `body`, `gest_id`, `hotel_id`, `raiting`) VALUES (306, 'et', 'Autem placeat quos illum pariatur suscipit. Odio vitae molestiae quidem numquam autem necessitatibus suscipit. Aut eos eaque laboriosam id et occaecati. Deleniti inventore et aut maiores recusandae modi ullam.', 68, 16, 2);
INSERT INTO `message` (`id`, `head`, `body`, `gest_id`, `hotel_id`, `raiting`) VALUES (307, 'ab', 'Voluptatem repellendus ipsum consequatur. Iste tenetur inventore dicta autem delectus. Magni et consequatur aut eos tenetur.', 81, 13, 1);
INSERT INTO `message` (`id`, `head`, `body`, `gest_id`, `hotel_id`, `raiting`) VALUES (308, 'ipsum', 'Quod quia voluptatem reprehenderit laudantium repellendus eveniet. Quo eos dolor modi deleniti qui. Voluptatum fugiat rem aut minus magnam et eum.', 20, 7, 3);
INSERT INTO `message` (`id`, `head`, `body`, `gest_id`, `hotel_id`, `raiting`) VALUES (309, 'veritatis', 'Similique sunt vero repudiandae dolor sit et. Deleniti tempora omnis ut aspernatur. Quasi reprehenderit est quidem eos necessitatibus. Sed sed eum dolores nostrum id velit.', 89, 11, 4);
INSERT INTO `message` (`id`, `head`, `body`, `gest_id`, `hotel_id`, `raiting`) VALUES (310, 'facilis', 'Ut ea officiis voluptatum culpa cum quibusdam tenetur. Aliquam rerum harum deleniti ad optio velit excepturi. Deleniti velit quam dolorem optio ratione eius. Id est sed doloremque quod facilis quia.', 43, 4, 4);
INSERT INTO `message` (`id`, `head`, `body`, `gest_id`, `hotel_id`, `raiting`) VALUES (311, 'atque', 'Neque modi enim ut dolores velit iste doloremque. Quo consectetur temporibus et numquam facilis. Cumque ipsa nihil et in. Commodi in eaque accusamus nihil quaerat. Occaecati vel non dolorum voluptas dolores alias quam.', 85, 18, 2);
INSERT INTO `message` (`id`, `head`, `body`, `gest_id`, `hotel_id`, `raiting`) VALUES (312, 'necessitatibus', 'Incidunt dolorem esse reprehenderit eligendi ipsam aut eligendi. Exercitationem dolorem similique inventore ea. Doloribus possimus esse facere nulla voluptas aspernatur. Consectetur odio ducimus ut. Debitis esse sit omnis dol', 44, 4, 1);
INSERT INTO `message` (`id`, `head`, `body`, `gest_id`, `hotel_id`, `raiting`) VALUES (313, 'nihil', 'Et libero nostrum qui totam in quos. Eum tempore labore neque rem aliquam a. Optio voluptas ex eos doloribus voluptates.', 86, 20, 2);
INSERT INTO `message` (`id`, `head`, `body`, `gest_id`, `hotel_id`, `raiting`) VALUES (314, 'mollitia', 'Repudiandae mollitia et omnis accusantium voluptatum quos sint delectus. Quas qui reprehenderit veniam odit. Fugit soluta expedita similique iusto sequi et assumenda velit. Hic blanditiis corporis et alias cum.', 7, 3, 2);
INSERT INTO `message` (`id`, `head`, `body`, `gest_id`, `hotel_id`, `raiting`) VALUES (315, 'nostrum', 'Ratione nam quia autem debitis qui eligendi. Provident ullam impedit odit ducimus laudantium qui. Et praesentium nam nobis et perferendis quis.', 70, 9, 1);
INSERT INTO `message` (`id`, `head`, `body`, `gest_id`, `hotel_id`, `raiting`) VALUES (316, 'repellendus', 'Laudantium eum velit pariatur possimus doloremque impedit rem. Reprehenderit natus provident quo. Sunt quibusdam sapiente ut vel ut illo.', 2, 9, 2);
INSERT INTO `message` (`id`, `head`, `body`, `gest_id`, `hotel_id`, `raiting`) VALUES (317, 'ea', 'Velit quos architecto itaque. Qui qui nemo illo a perspiciatis. Qui pariatur deserunt sit autem. In quo accusantium dolore porro modi sequi doloribus.', 63, 1, 5);
INSERT INTO `message` (`id`, `head`, `body`, `gest_id`, `hotel_id`, `raiting`) VALUES (318, 'recusandae', 'Labore dignissimos fugit explicabo. Voluptatum est sit rem et rem voluptatem. Vitae dolores architecto est aut deleniti. Placeat assumenda provident et nihil eius numquam.', 93, 13, 5);
INSERT INTO `message` (`id`, `head`, `body`, `gest_id`, `hotel_id`, `raiting`) VALUES (319, 'harum', 'Occaecati dicta ipsum nihil consequatur vel. Nostrum aut quaerat eligendi cumque. Excepturi illo ut quam.', 24, 5, 5);
INSERT INTO `message` (`id`, `head`, `body`, `gest_id`, `hotel_id`, `raiting`) VALUES (320, 'temporibus', 'Libero laudantium minus et. Quis quia iusto eligendi et. Vel quasi ut tempore voluptatem eaque. Quaerat vel consectetur error nesciunt.', 97, 8, 1);
INSERT INTO `message` (`id`, `head`, `body`, `gest_id`, `hotel_id`, `raiting`) VALUES (321, 'molestiae', 'Vitae voluptatem aut repellendus eum. Dolorem accusantium optio tempora autem et sed dolores. Asperiores beatae ex excepturi labore aut. Iusto odio deleniti quia earum ea doloribus. Culpa doloribus ipsa omnis aliquam rerum qu', 76, 16, 1);
INSERT INTO `message` (`id`, `head`, `body`, `gest_id`, `hotel_id`, `raiting`) VALUES (322, 'officia', 'Et assumenda natus dolorum. Consectetur est quos inventore et exercitationem.', 54, 8, 1);
INSERT INTO `message` (`id`, `head`, `body`, `gest_id`, `hotel_id`, `raiting`) VALUES (323, 'ipsam', 'Vero et ut voluptates repellendus ullam voluptate delectus sed. Qui quisquam molestiae et odit soluta asperiores quis. Vel natus beatae excepturi facere in debitis. Nobis aliquid est deserunt rem ut.', 6, 2, 1);
INSERT INTO `message` (`id`, `head`, `body`, `gest_id`, `hotel_id`, `raiting`) VALUES (324, 'similique', 'Sit dolorum quam doloremque dolorem. Et nihil rerum et nihil. Sint architecto quod libero doloribus sed eum. Nam distinctio dolor laborum dignissimos nemo ut.', 25, 4, 4);
INSERT INTO `message` (`id`, `head`, `body`, `gest_id`, `hotel_id`, `raiting`) VALUES (325, 'omnis', 'Quis nulla aut quia est voluptatem dolores. Ipsam ipsam dolorum in adipisci facilis adipisci ipsa. Rerum voluptate cumque dicta repellat quasi et ducimus. Voluptatum nam labore sint eum autem cum.', 62, 15, 5);
INSERT INTO `message` (`id`, `head`, `body`, `gest_id`, `hotel_id`, `raiting`) VALUES (326, 'quaerat', 'Facilis cumque odio qui qui et porro et. Veritatis adipisci dolor voluptatum nulla accusamus sit esse. Magni modi consequatur veniam ullam qui dolor voluptate. Aut nihil velit ex ut sunt eaque nulla.', 44, 20, 5);
INSERT INTO `message` (`id`, `head`, `body`, `gest_id`, `hotel_id`, `raiting`) VALUES (327, 'vero', 'Ipsa sit accusamus doloremque praesentium dolorem. Non magnam sed harum quaerat dicta est. Sed similique qui et aperiam qui odio.', 88, 20, 5);
INSERT INTO `message` (`id`, `head`, `body`, `gest_id`, `hotel_id`, `raiting`) VALUES (328, 'quibusdam', 'Quod enim vel aut reprehenderit dolor tenetur temporibus. Beatae sed cupiditate velit iure atque. Consequatur in nesciunt omnis quam. Ratione ullam libero dolorum omnis.', 41, 17, 2);
INSERT INTO `message` (`id`, `head`, `body`, `gest_id`, `hotel_id`, `raiting`) VALUES (329, 'qui', 'Reprehenderit maxime cupiditate aut neque quaerat. Sed fuga in nobis quia. Id id autem voluptatibus voluptatum totam quia. Qui voluptas molestias veniam aperiam rerum molestiae.', 1, 6, 2);
INSERT INTO `message` (`id`, `head`, `body`, `gest_id`, `hotel_id`, `raiting`) VALUES (330, 'perspiciatis', 'Aut asperiores temporibus voluptate. Atque aperiam sit ducimus. Ipsa vel quo quod id. Cum aspernatur molestiae quasi ipsam sunt dolor.', 76, 1, 2);
INSERT INTO `message` (`id`, `head`, `body`, `gest_id`, `hotel_id`, `raiting`) VALUES (331, 'vel', 'Itaque ducimus et laudantium eum quis rerum ad. Voluptatem sed enim saepe dignissimos enim animi corrupti repudiandae. Incidunt molestiae qui debitis beatae molestiae laudantium. In nesciunt similique quod tempore error.', 51, 9, 1);
INSERT INTO `message` (`id`, `head`, `body`, `gest_id`, `hotel_id`, `raiting`) VALUES (332, 'ut', 'Maiores in aliquam consequatur quidem sit. Vel explicabo est recusandae vel quas. Sint eius dolorem est dolorum neque expedita corrupti iste. Accusamus beatae consequatur dolorem.', 93, 13, 1);
INSERT INTO `message` (`id`, `head`, `body`, `gest_id`, `hotel_id`, `raiting`) VALUES (333, 'delectus', 'Natus eos fuga quia maiores accusantium aut. Provident voluptatem voluptas unde at quod. Earum nam numquam est beatae. Natus vitae amet non. Fuga placeat laudantium voluptatum animi.', 68, 8, 1);
INSERT INTO `message` (`id`, `head`, `body`, `gest_id`, `hotel_id`, `raiting`) VALUES (334, 'molestiae', 'Nemo impedit quo quia eveniet qui aut et illo. Inventore vel ducimus nemo earum. Eum praesentium provident reprehenderit. Pariatur rerum iure et. Natus magni excepturi rerum dolorum molestiae sit odit.', 19, 7, 3);
INSERT INTO `message` (`id`, `head`, `body`, `gest_id`, `hotel_id`, `raiting`) VALUES (335, 'enim', 'Nostrum qui qui sapiente quae quam rerum. Qui accusamus vero optio quo porro. Non quia sunt suscipit atque est voluptatibus.', 88, 11, 2);
INSERT INTO `message` (`id`, `head`, `body`, `gest_id`, `hotel_id`, `raiting`) VALUES (336, 'corporis', 'Culpa itaque aliquam officia earum repellendus rerum aperiam molestiae. Consequatur sunt harum unde reprehenderit ullam suscipit in. Nihil consequatur sed dignissimos voluptatibus nam. Quam aliquam nisi nisi vel autem aut rec', 97, 3, 1);
INSERT INTO `message` (`id`, `head`, `body`, `gest_id`, `hotel_id`, `raiting`) VALUES (337, 'officiis', 'Officiis laboriosam quia accusamus enim. Repudiandae voluptatum et aut optio mollitia facilis. Quos quas enim vel quia veniam. Perferendis laborum et aut aut ea et labore.', 43, 2, 2);
INSERT INTO `message` (`id`, `head`, `body`, `gest_id`, `hotel_id`, `raiting`) VALUES (338, 'porro', 'Error esse quia optio nemo et eaque molestiae quos. Corporis vel vero eligendi ad excepturi. Culpa repudiandae quos quam ipsam cum. Tempora quasi hic voluptates natus qui soluta.', 75, 14, 1);
INSERT INTO `message` (`id`, `head`, `body`, `gest_id`, `hotel_id`, `raiting`) VALUES (339, 'dolores', 'Ipsum aut tenetur et reprehenderit recusandae. Provident et quasi sit sed esse. Illum commodi atque et delectus quae quaerat. Velit expedita earum ut laudantium et minima accusantium.', 20, 15, 2);
INSERT INTO `message` (`id`, `head`, `body`, `gest_id`, `hotel_id`, `raiting`) VALUES (340, 'voluptas', 'Ut quis qui omnis rem ullam voluptatem. Tempore sit sint numquam ut. Ut aut est aut qui eum. Corporis rerum aut hic necessitatibus dolore officiis minima.', 42, 10, 2);
INSERT INTO `message` (`id`, `head`, `body`, `gest_id`, `hotel_id`, `raiting`) VALUES (341, 'reprehenderit', 'Iste animi tenetur fugit voluptatum maiores voluptatem. Excepturi iure sapiente fugit est iste temporibus. Enim cum vero illo aut corrupti reprehenderit qui. Odit iste quas consectetur quae beatae. Molestiae aliquam id archit', 68, 17, 5);
INSERT INTO `message` (`id`, `head`, `body`, `gest_id`, `hotel_id`, `raiting`) VALUES (342, 'ratione', 'Enim error doloremque nisi vero modi dignissimos. Est quos inventore ducimus temporibus quasi dolorum inventore. Quo laboriosam dolores officia est.', 36, 13, 3);
INSERT INTO `message` (`id`, `head`, `body`, `gest_id`, `hotel_id`, `raiting`) VALUES (343, 'laudantium', 'Ut totam sint aliquam. Et ratione modi quia ratione deleniti occaecati rerum. Deleniti dolores minus necessitatibus id eum sint voluptatem.', 52, 19, 4);
INSERT INTO `message` (`id`, `head`, `body`, `gest_id`, `hotel_id`, `raiting`) VALUES (344, 'iure', 'Expedita eos molestias error et accusantium. Praesentium facilis molestias velit provident quas amet veniam. Quibusdam voluptatum exercitationem earum suscipit. Ex dicta aspernatur excepturi non recusandae. Impedit esse autem', 13, 4, 3);
INSERT INTO `message` (`id`, `head`, `body`, `gest_id`, `hotel_id`, `raiting`) VALUES (345, 'fuga', 'Ut sunt est quibusdam libero sapiente aut. Rerum sed minima ipsa aliquid ut similique. Necessitatibus quibusdam et distinctio maiores ut dolorem. Hic et assumenda inventore officia alias occaecati.', 5, 16, 3);
INSERT INTO `message` (`id`, `head`, `body`, `gest_id`, `hotel_id`, `raiting`) VALUES (346, 'ut', 'Temporibus ea debitis fugiat. Ducimus dicta adipisci expedita cumque culpa animi dolorum. Non hic tenetur alias repudiandae sint autem. Amet suscipit sed adipisci qui consequatur minima perferendis qui.', 76, 3, 1);
INSERT INTO `message` (`id`, `head`, `body`, `gest_id`, `hotel_id`, `raiting`) VALUES (347, 'eligendi', 'Ullam corrupti et asperiores dolor officiis rerum. Rem ut adipisci alias quos vitae.', 88, 14, 4);
INSERT INTO `message` (`id`, `head`, `body`, `gest_id`, `hotel_id`, `raiting`) VALUES (348, 'eos', 'Quaerat unde reiciendis sunt eius. Omnis odio eligendi ut aliquam reprehenderit rerum. Sapiente vel sint quos ut ex dolor et perferendis. Qui ipsa facilis odit consectetur.', 48, 12, 5);
INSERT INTO `message` (`id`, `head`, `body`, `gest_id`, `hotel_id`, `raiting`) VALUES (349, 'magnam', 'Officia ipsam vel beatae aspernatur. Eos optio veritatis omnis eveniet quia animi autem. Ullam quia et consequatur amet officiis. Nihil quis totam tempora cum vitae rerum maiores.', 1, 11, 1);
INSERT INTO `message` (`id`, `head`, `body`, `gest_id`, `hotel_id`, `raiting`) VALUES (350, 'delectus', 'Aut cumque laboriosam aut sapiente voluptatibus qui reiciendis. Debitis nostrum nihil nisi eveniet et. Deserunt culpa odit et perferendis ipsum in. Ut recusandae similique quos amet itaque velit accusamus.', 44, 17, 4);
