#
# TABLE STRUCTURE FOR: communities
#

DROP TABLE IF EXISTS `communities`;

CREATE TABLE `communities` (
  `id` int(10) unsigned NOT NULL AUTO_INCREMENT COMMENT 'Идентификатор сроки',
  `name` varchar(150) COLLATE utf8mb4_unicode_ci NOT NULL COMMENT 'Название группы',
  `created_at` datetime DEFAULT current_timestamp() COMMENT 'Время создания строки',
  `updated_at` datetime DEFAULT current_timestamp() ON UPDATE current_timestamp() COMMENT 'Время обновления строки',
  PRIMARY KEY (`id`),
  UNIQUE KEY `name` (`name`)
) ENGINE=InnoDB AUTO_INCREMENT=11 DEFAULT CHARSET=utf8mb4 COLLATE=utf8mb4_unicode_ci COMMENT='Группы';

INSERT INTO `communities` (`id`, `name`, `created_at`, `updated_at`) VALUES (1, 'Eichmann-Bergstrom', '2014-12-30 06:28:27', '2001-05-08 03:51:59');
INSERT INTO `communities` (`id`, `name`, `created_at`, `updated_at`) VALUES (2, 'Volkman-Kuhn', '1980-12-18 19:10:51', '1981-10-14 00:24:25');
INSERT INTO `communities` (`id`, `name`, `created_at`, `updated_at`) VALUES (3, 'Goyette, Lindgren and Padberg', '1997-10-25 09:31:00', '2014-09-16 01:39:35');
INSERT INTO `communities` (`id`, `name`, `created_at`, `updated_at`) VALUES (4, 'Jast-Cronin', '1970-03-15 10:18:25', '1989-09-11 00:50:25');
INSERT INTO `communities` (`id`, `name`, `created_at`, `updated_at`) VALUES (5, 'Gutmann Ltd', '2011-09-17 05:59:48', '2008-05-01 02:00:25');
INSERT INTO `communities` (`id`, `name`, `created_at`, `updated_at`) VALUES (6, 'Kemmer-Kilback', '2000-10-09 09:31:11', '2005-09-18 12:45:52');
INSERT INTO `communities` (`id`, `name`, `created_at`, `updated_at`) VALUES (7, 'Denesik LLC', '1982-08-26 11:15:14', '2009-04-01 22:20:41');
INSERT INTO `communities` (`id`, `name`, `created_at`, `updated_at`) VALUES (8, 'Hand and Sons', '2011-07-08 16:45:18', '2003-09-25 06:31:09');
INSERT INTO `communities` (`id`, `name`, `created_at`, `updated_at`) VALUES (9, 'Schumm-Kshlerin', '2010-10-25 06:55:30', '1973-01-17 16:42:14');
INSERT INTO `communities` (`id`, `name`, `created_at`, `updated_at`) VALUES (10, 'Satterfield, Lakin and Stamm', '2015-11-24 14:28:03', '2005-10-05 13:35:34');


#
# TABLE STRUCTURE FOR: communities_users
#

DROP TABLE IF EXISTS `communities_users`;

CREATE TABLE `communities_users` (
  `community_id` int(10) unsigned NOT NULL COMMENT 'Ссылка на группу',
  `user_id` int(10) unsigned NOT NULL COMMENT 'Ссылка на пользователя',
  `created_at` datetime DEFAULT current_timestamp() COMMENT 'Время создания строки',
  PRIMARY KEY (`community_id`,`user_id`) COMMENT 'Составной первичный ключ'
) ENGINE=InnoDB DEFAULT CHARSET=utf8mb4 COLLATE=utf8mb4_unicode_ci COMMENT='Участники групп, связь между пользователями и группами';

INSERT INTO `communities_users` (`community_id`, `user_id`, `created_at`) VALUES (1, 1, '1987-05-12 15:07:52');
INSERT INTO `communities_users` (`community_id`, `user_id`, `created_at`) VALUES (1, 11, '2019-01-16 00:06:38');
INSERT INTO `communities_users` (`community_id`, `user_id`, `created_at`) VALUES (1, 21, '2015-09-29 04:09:46');
INSERT INTO `communities_users` (`community_id`, `user_id`, `created_at`) VALUES (1, 31, '2001-08-02 00:41:50');
INSERT INTO `communities_users` (`community_id`, `user_id`, `created_at`) VALUES (1, 41, '2017-12-04 13:44:16');
INSERT INTO `communities_users` (`community_id`, `user_id`, `created_at`) VALUES (1, 51, '1996-06-17 02:49:07');
INSERT INTO `communities_users` (`community_id`, `user_id`, `created_at`) VALUES (1, 61, '1995-09-08 03:15:03');
INSERT INTO `communities_users` (`community_id`, `user_id`, `created_at`) VALUES (1, 71, '1981-10-26 22:40:57');
INSERT INTO `communities_users` (`community_id`, `user_id`, `created_at`) VALUES (1, 81, '1989-03-19 15:18:03');
INSERT INTO `communities_users` (`community_id`, `user_id`, `created_at`) VALUES (1, 91, '2007-12-06 20:02:31');
INSERT INTO `communities_users` (`community_id`, `user_id`, `created_at`) VALUES (2, 2, '1982-04-18 02:15:18');
INSERT INTO `communities_users` (`community_id`, `user_id`, `created_at`) VALUES (2, 12, '2012-09-04 03:12:19');
INSERT INTO `communities_users` (`community_id`, `user_id`, `created_at`) VALUES (2, 22, '1987-04-05 18:37:20');
INSERT INTO `communities_users` (`community_id`, `user_id`, `created_at`) VALUES (2, 32, '1977-05-07 11:15:07');
INSERT INTO `communities_users` (`community_id`, `user_id`, `created_at`) VALUES (2, 42, '2018-08-06 12:28:05');
INSERT INTO `communities_users` (`community_id`, `user_id`, `created_at`) VALUES (2, 52, '2003-05-27 10:50:30');
INSERT INTO `communities_users` (`community_id`, `user_id`, `created_at`) VALUES (2, 62, '1971-04-03 04:53:27');
INSERT INTO `communities_users` (`community_id`, `user_id`, `created_at`) VALUES (2, 72, '1975-02-11 18:33:19');
INSERT INTO `communities_users` (`community_id`, `user_id`, `created_at`) VALUES (2, 82, '1980-03-04 05:40:58');
INSERT INTO `communities_users` (`community_id`, `user_id`, `created_at`) VALUES (2, 92, '2002-01-09 20:19:07');
INSERT INTO `communities_users` (`community_id`, `user_id`, `created_at`) VALUES (3, 3, '1992-06-17 06:24:15');
INSERT INTO `communities_users` (`community_id`, `user_id`, `created_at`) VALUES (3, 13, '2021-03-29 17:39:39');
INSERT INTO `communities_users` (`community_id`, `user_id`, `created_at`) VALUES (3, 23, '1988-03-10 09:15:28');
INSERT INTO `communities_users` (`community_id`, `user_id`, `created_at`) VALUES (3, 33, '1976-04-23 03:05:34');
INSERT INTO `communities_users` (`community_id`, `user_id`, `created_at`) VALUES (3, 43, '2004-09-28 15:05:36');
INSERT INTO `communities_users` (`community_id`, `user_id`, `created_at`) VALUES (3, 53, '1988-09-03 10:19:02');
INSERT INTO `communities_users` (`community_id`, `user_id`, `created_at`) VALUES (3, 63, '2017-04-25 20:47:51');
INSERT INTO `communities_users` (`community_id`, `user_id`, `created_at`) VALUES (3, 73, '1998-03-06 02:00:45');
INSERT INTO `communities_users` (`community_id`, `user_id`, `created_at`) VALUES (3, 83, '2010-02-07 07:58:47');
INSERT INTO `communities_users` (`community_id`, `user_id`, `created_at`) VALUES (3, 93, '1991-12-30 20:52:27');
INSERT INTO `communities_users` (`community_id`, `user_id`, `created_at`) VALUES (4, 4, '2011-08-18 16:06:21');
INSERT INTO `communities_users` (`community_id`, `user_id`, `created_at`) VALUES (4, 14, '1999-10-29 18:41:48');
INSERT INTO `communities_users` (`community_id`, `user_id`, `created_at`) VALUES (4, 24, '1991-04-02 05:24:27');
INSERT INTO `communities_users` (`community_id`, `user_id`, `created_at`) VALUES (4, 34, '2011-01-11 22:44:36');
INSERT INTO `communities_users` (`community_id`, `user_id`, `created_at`) VALUES (4, 44, '1998-12-25 06:04:21');
INSERT INTO `communities_users` (`community_id`, `user_id`, `created_at`) VALUES (4, 54, '1999-09-30 15:19:44');
INSERT INTO `communities_users` (`community_id`, `user_id`, `created_at`) VALUES (4, 64, '2009-11-12 20:02:42');
INSERT INTO `communities_users` (`community_id`, `user_id`, `created_at`) VALUES (4, 74, '1972-12-16 03:45:23');
INSERT INTO `communities_users` (`community_id`, `user_id`, `created_at`) VALUES (4, 84, '1983-01-08 17:03:37');
INSERT INTO `communities_users` (`community_id`, `user_id`, `created_at`) VALUES (4, 94, '1976-01-06 21:58:32');
INSERT INTO `communities_users` (`community_id`, `user_id`, `created_at`) VALUES (5, 5, '1982-06-16 21:05:26');
INSERT INTO `communities_users` (`community_id`, `user_id`, `created_at`) VALUES (5, 15, '1988-12-25 07:21:50');
INSERT INTO `communities_users` (`community_id`, `user_id`, `created_at`) VALUES (5, 25, '2017-09-02 18:46:15');
INSERT INTO `communities_users` (`community_id`, `user_id`, `created_at`) VALUES (5, 35, '1991-12-05 11:01:08');
INSERT INTO `communities_users` (`community_id`, `user_id`, `created_at`) VALUES (5, 45, '1980-02-09 08:29:54');
INSERT INTO `communities_users` (`community_id`, `user_id`, `created_at`) VALUES (5, 55, '2020-08-29 13:11:42');
INSERT INTO `communities_users` (`community_id`, `user_id`, `created_at`) VALUES (5, 65, '1979-09-30 03:40:26');
INSERT INTO `communities_users` (`community_id`, `user_id`, `created_at`) VALUES (5, 75, '1994-06-22 11:49:31');
INSERT INTO `communities_users` (`community_id`, `user_id`, `created_at`) VALUES (5, 85, '1982-08-06 12:01:00');
INSERT INTO `communities_users` (`community_id`, `user_id`, `created_at`) VALUES (5, 95, '2007-06-27 21:29:11');
INSERT INTO `communities_users` (`community_id`, `user_id`, `created_at`) VALUES (6, 6, '2019-04-15 06:06:39');
INSERT INTO `communities_users` (`community_id`, `user_id`, `created_at`) VALUES (6, 16, '1975-05-17 23:02:30');
INSERT INTO `communities_users` (`community_id`, `user_id`, `created_at`) VALUES (6, 26, '1995-02-05 15:40:40');
INSERT INTO `communities_users` (`community_id`, `user_id`, `created_at`) VALUES (6, 36, '1999-12-10 00:11:17');
INSERT INTO `communities_users` (`community_id`, `user_id`, `created_at`) VALUES (6, 46, '1999-05-01 19:36:11');
INSERT INTO `communities_users` (`community_id`, `user_id`, `created_at`) VALUES (6, 56, '1982-11-10 20:11:26');
INSERT INTO `communities_users` (`community_id`, `user_id`, `created_at`) VALUES (6, 66, '1988-01-20 14:55:33');
INSERT INTO `communities_users` (`community_id`, `user_id`, `created_at`) VALUES (6, 76, '1997-08-06 20:32:50');
INSERT INTO `communities_users` (`community_id`, `user_id`, `created_at`) VALUES (6, 86, '2001-08-03 05:45:07');
INSERT INTO `communities_users` (`community_id`, `user_id`, `created_at`) VALUES (6, 96, '1973-07-27 01:35:26');
INSERT INTO `communities_users` (`community_id`, `user_id`, `created_at`) VALUES (7, 7, '2008-10-27 04:39:58');
INSERT INTO `communities_users` (`community_id`, `user_id`, `created_at`) VALUES (7, 17, '2018-11-03 19:19:50');
INSERT INTO `communities_users` (`community_id`, `user_id`, `created_at`) VALUES (7, 27, '1975-02-12 18:26:47');
INSERT INTO `communities_users` (`community_id`, `user_id`, `created_at`) VALUES (7, 37, '2018-10-16 11:39:36');
INSERT INTO `communities_users` (`community_id`, `user_id`, `created_at`) VALUES (7, 47, '1970-11-03 10:09:59');
INSERT INTO `communities_users` (`community_id`, `user_id`, `created_at`) VALUES (7, 57, '2010-05-15 23:31:27');
INSERT INTO `communities_users` (`community_id`, `user_id`, `created_at`) VALUES (7, 67, '1998-09-05 05:05:48');
INSERT INTO `communities_users` (`community_id`, `user_id`, `created_at`) VALUES (7, 77, '1970-01-14 16:00:25');
INSERT INTO `communities_users` (`community_id`, `user_id`, `created_at`) VALUES (7, 87, '1998-08-03 04:19:18');
INSERT INTO `communities_users` (`community_id`, `user_id`, `created_at`) VALUES (7, 97, '1974-02-07 07:59:43');
INSERT INTO `communities_users` (`community_id`, `user_id`, `created_at`) VALUES (8, 8, '1977-11-04 18:36:05');
INSERT INTO `communities_users` (`community_id`, `user_id`, `created_at`) VALUES (8, 18, '2015-01-03 02:18:21');
INSERT INTO `communities_users` (`community_id`, `user_id`, `created_at`) VALUES (8, 28, '1989-08-05 05:50:17');
INSERT INTO `communities_users` (`community_id`, `user_id`, `created_at`) VALUES (8, 38, '1970-01-20 09:07:14');
INSERT INTO `communities_users` (`community_id`, `user_id`, `created_at`) VALUES (8, 48, '2003-10-16 15:28:45');
INSERT INTO `communities_users` (`community_id`, `user_id`, `created_at`) VALUES (8, 58, '1996-08-19 18:41:37');
INSERT INTO `communities_users` (`community_id`, `user_id`, `created_at`) VALUES (8, 68, '2005-01-24 03:32:57');
INSERT INTO `communities_users` (`community_id`, `user_id`, `created_at`) VALUES (8, 78, '1996-02-16 15:01:35');
INSERT INTO `communities_users` (`community_id`, `user_id`, `created_at`) VALUES (8, 88, '1980-10-16 02:10:25');
INSERT INTO `communities_users` (`community_id`, `user_id`, `created_at`) VALUES (8, 98, '2016-06-14 14:40:42');
INSERT INTO `communities_users` (`community_id`, `user_id`, `created_at`) VALUES (9, 9, '1981-07-10 03:29:29');
INSERT INTO `communities_users` (`community_id`, `user_id`, `created_at`) VALUES (9, 19, '2013-06-10 13:17:05');
INSERT INTO `communities_users` (`community_id`, `user_id`, `created_at`) VALUES (9, 29, '1988-08-08 07:04:08');
INSERT INTO `communities_users` (`community_id`, `user_id`, `created_at`) VALUES (9, 39, '1987-07-04 18:29:00');
INSERT INTO `communities_users` (`community_id`, `user_id`, `created_at`) VALUES (9, 49, '1995-06-26 03:38:24');
INSERT INTO `communities_users` (`community_id`, `user_id`, `created_at`) VALUES (9, 59, '2014-02-15 05:03:02');
INSERT INTO `communities_users` (`community_id`, `user_id`, `created_at`) VALUES (9, 69, '1987-08-01 11:57:39');
INSERT INTO `communities_users` (`community_id`, `user_id`, `created_at`) VALUES (9, 79, '2020-09-15 03:28:00');
INSERT INTO `communities_users` (`community_id`, `user_id`, `created_at`) VALUES (9, 89, '2005-09-11 05:04:03');
INSERT INTO `communities_users` (`community_id`, `user_id`, `created_at`) VALUES (9, 99, '2007-09-28 17:54:57');
INSERT INTO `communities_users` (`community_id`, `user_id`, `created_at`) VALUES (10, 10, '1988-06-20 04:12:03');
INSERT INTO `communities_users` (`community_id`, `user_id`, `created_at`) VALUES (10, 20, '2004-08-29 04:54:10');
INSERT INTO `communities_users` (`community_id`, `user_id`, `created_at`) VALUES (10, 30, '2018-02-01 05:25:07');
INSERT INTO `communities_users` (`community_id`, `user_id`, `created_at`) VALUES (10, 40, '1982-05-24 16:21:59');
INSERT INTO `communities_users` (`community_id`, `user_id`, `created_at`) VALUES (10, 50, '1995-06-19 04:53:18');
INSERT INTO `communities_users` (`community_id`, `user_id`, `created_at`) VALUES (10, 60, '1982-11-25 05:09:48');
INSERT INTO `communities_users` (`community_id`, `user_id`, `created_at`) VALUES (10, 70, '2009-12-09 18:37:44');
INSERT INTO `communities_users` (`community_id`, `user_id`, `created_at`) VALUES (10, 80, '2006-07-07 22:45:50');
INSERT INTO `communities_users` (`community_id`, `user_id`, `created_at`) VALUES (10, 90, '1978-10-30 04:48:50');
INSERT INTO `communities_users` (`community_id`, `user_id`, `created_at`) VALUES (10, 100, '1997-06-17 15:04:59');


#
# TABLE STRUCTURE FOR: friendship
#

DROP TABLE IF EXISTS `friendship`;

CREATE TABLE `friendship` (
  `user_id` int(10) unsigned NOT NULL COMMENT 'Ссылка на инициатора дружеских отношений',
  `friend_id` int(10) unsigned NOT NULL COMMENT 'Ссылка на получателя приглашения дружить',
  `friendship_status_id` int(10) unsigned NOT NULL COMMENT 'Ссылка на статус (текущее состояние) отношений',
  `confirmed_at` datetime DEFAULT NULL COMMENT 'Время подтверждения приглашения',
  `created_at` datetime DEFAULT current_timestamp() COMMENT 'Время создания строки',
  `updated_at` datetime DEFAULT current_timestamp() ON UPDATE current_timestamp() COMMENT 'Время обновления строки',
  PRIMARY KEY (`user_id`,`friend_id`) COMMENT 'Составной первичный ключ'
) ENGINE=InnoDB DEFAULT CHARSET=utf8mb4 COLLATE=utf8mb4_unicode_ci COMMENT='Таблица дружбы';

INSERT INTO `friendship` (`user_id`, `friend_id`, `friendship_status_id`, `confirmed_at`, `created_at`, `updated_at`) VALUES (1, 1, 1, '2012-11-06 02:24:35', '2012-01-22 18:38:43', '2007-10-18 21:36:08');
INSERT INTO `friendship` (`user_id`, `friend_id`, `friendship_status_id`, `confirmed_at`, `created_at`, `updated_at`) VALUES (2, 2, 2, '1983-05-22 13:34:10', '2000-09-04 13:17:39', '1999-05-04 13:04:42');
INSERT INTO `friendship` (`user_id`, `friend_id`, `friendship_status_id`, `confirmed_at`, `created_at`, `updated_at`) VALUES (3, 3, 1, '2020-01-23 11:45:19', '1977-05-17 06:24:33', '2015-10-03 00:47:33');
INSERT INTO `friendship` (`user_id`, `friend_id`, `friendship_status_id`, `confirmed_at`, `created_at`, `updated_at`) VALUES (4, 4, 2, '1979-03-19 12:52:30', '1985-01-11 01:57:21', '2005-02-07 12:49:30');
INSERT INTO `friendship` (`user_id`, `friend_id`, `friendship_status_id`, `confirmed_at`, `created_at`, `updated_at`) VALUES (5, 5, 1, '2000-02-01 05:30:20', '1996-04-06 11:23:07', '2012-10-25 09:07:29');
INSERT INTO `friendship` (`user_id`, `friend_id`, `friendship_status_id`, `confirmed_at`, `created_at`, `updated_at`) VALUES (6, 6, 2, '2014-03-12 16:22:58', '1985-08-08 11:49:37', '2013-05-28 07:46:17');
INSERT INTO `friendship` (`user_id`, `friend_id`, `friendship_status_id`, `confirmed_at`, `created_at`, `updated_at`) VALUES (7, 7, 1, '2000-01-16 19:53:55', '1996-02-19 19:04:15', '1974-10-25 05:53:49');
INSERT INTO `friendship` (`user_id`, `friend_id`, `friendship_status_id`, `confirmed_at`, `created_at`, `updated_at`) VALUES (8, 8, 2, '1987-07-02 21:24:40', '1980-02-27 16:11:56', '2012-12-25 04:00:56');
INSERT INTO `friendship` (`user_id`, `friend_id`, `friendship_status_id`, `confirmed_at`, `created_at`, `updated_at`) VALUES (9, 9, 1, '1999-07-30 01:03:45', '1989-06-17 01:40:00', '1971-07-27 02:08:01');
INSERT INTO `friendship` (`user_id`, `friend_id`, `friendship_status_id`, `confirmed_at`, `created_at`, `updated_at`) VALUES (10, 10, 2, '1972-02-01 13:06:27', '1976-07-06 13:37:42', '2006-11-08 06:31:59');
INSERT INTO `friendship` (`user_id`, `friend_id`, `friendship_status_id`, `confirmed_at`, `created_at`, `updated_at`) VALUES (11, 11, 1, '2013-06-29 00:35:12', '1984-09-25 04:36:23', '1983-04-01 17:36:51');
INSERT INTO `friendship` (`user_id`, `friend_id`, `friendship_status_id`, `confirmed_at`, `created_at`, `updated_at`) VALUES (12, 12, 2, '1974-08-08 17:54:35', '1981-04-25 19:52:57', '2008-03-16 00:55:07');
INSERT INTO `friendship` (`user_id`, `friend_id`, `friendship_status_id`, `confirmed_at`, `created_at`, `updated_at`) VALUES (13, 13, 1, '1996-10-31 08:54:09', '2018-09-06 00:19:59', '2011-10-15 15:21:40');
INSERT INTO `friendship` (`user_id`, `friend_id`, `friendship_status_id`, `confirmed_at`, `created_at`, `updated_at`) VALUES (14, 14, 2, '1972-12-30 18:22:21', '1990-04-08 01:48:35', '1973-09-26 17:03:38');
INSERT INTO `friendship` (`user_id`, `friend_id`, `friendship_status_id`, `confirmed_at`, `created_at`, `updated_at`) VALUES (15, 15, 1, '1988-03-02 06:06:12', '2003-06-25 21:05:29', '1995-09-20 17:25:57');
INSERT INTO `friendship` (`user_id`, `friend_id`, `friendship_status_id`, `confirmed_at`, `created_at`, `updated_at`) VALUES (16, 16, 2, '2015-04-15 17:06:14', '1972-05-18 15:15:32', '2009-04-13 10:34:02');
INSERT INTO `friendship` (`user_id`, `friend_id`, `friendship_status_id`, `confirmed_at`, `created_at`, `updated_at`) VALUES (17, 17, 1, '2020-11-18 17:49:05', '1985-06-19 17:51:24', '2018-09-30 23:19:16');
INSERT INTO `friendship` (`user_id`, `friend_id`, `friendship_status_id`, `confirmed_at`, `created_at`, `updated_at`) VALUES (18, 18, 2, '1995-01-10 19:43:09', '2005-12-12 20:25:50', '1988-05-02 22:50:33');
INSERT INTO `friendship` (`user_id`, `friend_id`, `friendship_status_id`, `confirmed_at`, `created_at`, `updated_at`) VALUES (19, 19, 1, '1980-03-18 10:15:18', '2019-04-06 03:08:39', '2006-09-13 22:05:03');
INSERT INTO `friendship` (`user_id`, `friend_id`, `friendship_status_id`, `confirmed_at`, `created_at`, `updated_at`) VALUES (20, 20, 2, '2003-06-13 07:51:29', '2011-01-18 01:58:17', '1978-02-04 15:31:24');
INSERT INTO `friendship` (`user_id`, `friend_id`, `friendship_status_id`, `confirmed_at`, `created_at`, `updated_at`) VALUES (21, 21, 1, '2021-04-08 05:50:41', '1993-04-15 14:00:56', '2010-11-03 22:30:41');
INSERT INTO `friendship` (`user_id`, `friend_id`, `friendship_status_id`, `confirmed_at`, `created_at`, `updated_at`) VALUES (22, 22, 2, '1976-10-05 01:00:12', '1972-02-12 03:07:06', '2004-03-12 00:09:32');
INSERT INTO `friendship` (`user_id`, `friend_id`, `friendship_status_id`, `confirmed_at`, `created_at`, `updated_at`) VALUES (23, 23, 1, '2008-02-24 07:58:13', '1989-06-10 21:10:22', '2006-10-21 12:14:06');
INSERT INTO `friendship` (`user_id`, `friend_id`, `friendship_status_id`, `confirmed_at`, `created_at`, `updated_at`) VALUES (24, 24, 2, '1989-10-16 05:35:30', '1990-12-29 07:42:00', '1987-08-07 16:19:14');
INSERT INTO `friendship` (`user_id`, `friend_id`, `friendship_status_id`, `confirmed_at`, `created_at`, `updated_at`) VALUES (25, 25, 1, '1999-09-04 18:17:26', '1991-08-10 21:27:19', '1994-05-21 08:33:27');
INSERT INTO `friendship` (`user_id`, `friend_id`, `friendship_status_id`, `confirmed_at`, `created_at`, `updated_at`) VALUES (26, 26, 2, '2014-12-04 14:34:22', '1994-05-24 01:51:50', '2018-10-15 20:08:55');
INSERT INTO `friendship` (`user_id`, `friend_id`, `friendship_status_id`, `confirmed_at`, `created_at`, `updated_at`) VALUES (27, 27, 1, '1986-08-07 11:31:52', '1988-02-10 05:58:58', '1972-04-12 14:38:30');
INSERT INTO `friendship` (`user_id`, `friend_id`, `friendship_status_id`, `confirmed_at`, `created_at`, `updated_at`) VALUES (28, 28, 2, '1987-10-09 03:53:06', '2009-06-28 03:35:19', '2001-09-09 22:41:31');
INSERT INTO `friendship` (`user_id`, `friend_id`, `friendship_status_id`, `confirmed_at`, `created_at`, `updated_at`) VALUES (29, 29, 1, '1986-04-09 17:52:00', '1970-04-26 15:29:51', '1999-04-26 23:18:29');
INSERT INTO `friendship` (`user_id`, `friend_id`, `friendship_status_id`, `confirmed_at`, `created_at`, `updated_at`) VALUES (30, 30, 2, '1998-01-16 01:40:13', '2015-12-15 05:10:13', '1980-01-26 13:00:13');
INSERT INTO `friendship` (`user_id`, `friend_id`, `friendship_status_id`, `confirmed_at`, `created_at`, `updated_at`) VALUES (31, 31, 1, '2010-03-16 13:44:49', '2007-04-12 09:40:27', '2010-02-07 18:11:37');
INSERT INTO `friendship` (`user_id`, `friend_id`, `friendship_status_id`, `confirmed_at`, `created_at`, `updated_at`) VALUES (32, 32, 2, '1987-11-24 23:31:04', '2015-07-23 21:41:10', '1998-06-26 13:47:31');
INSERT INTO `friendship` (`user_id`, `friend_id`, `friendship_status_id`, `confirmed_at`, `created_at`, `updated_at`) VALUES (33, 33, 1, '1990-08-04 23:50:19', '1972-11-28 07:46:49', '1986-05-17 03:44:32');
INSERT INTO `friendship` (`user_id`, `friend_id`, `friendship_status_id`, `confirmed_at`, `created_at`, `updated_at`) VALUES (34, 34, 2, '2013-05-05 02:57:38', '1971-07-11 13:19:33', '2001-11-02 03:40:54');
INSERT INTO `friendship` (`user_id`, `friend_id`, `friendship_status_id`, `confirmed_at`, `created_at`, `updated_at`) VALUES (35, 35, 1, '1977-09-26 21:58:36', '1990-10-18 18:54:57', '2019-09-15 22:01:33');
INSERT INTO `friendship` (`user_id`, `friend_id`, `friendship_status_id`, `confirmed_at`, `created_at`, `updated_at`) VALUES (36, 36, 2, '1976-06-21 15:33:13', '2003-03-20 10:36:36', '2014-09-10 20:50:26');
INSERT INTO `friendship` (`user_id`, `friend_id`, `friendship_status_id`, `confirmed_at`, `created_at`, `updated_at`) VALUES (37, 37, 1, '2018-06-30 05:03:22', '1998-02-16 06:10:17', '2013-04-12 10:59:59');
INSERT INTO `friendship` (`user_id`, `friend_id`, `friendship_status_id`, `confirmed_at`, `created_at`, `updated_at`) VALUES (38, 38, 2, '1991-01-02 04:33:20', '1979-10-17 01:51:16', '2017-08-25 01:55:27');
INSERT INTO `friendship` (`user_id`, `friend_id`, `friendship_status_id`, `confirmed_at`, `created_at`, `updated_at`) VALUES (39, 39, 1, '1993-11-22 12:21:00', '1991-04-13 19:56:12', '2013-01-25 14:26:59');
INSERT INTO `friendship` (`user_id`, `friend_id`, `friendship_status_id`, `confirmed_at`, `created_at`, `updated_at`) VALUES (40, 40, 2, '1971-01-09 20:55:50', '1992-02-13 13:42:46', '2004-02-26 07:27:02');
INSERT INTO `friendship` (`user_id`, `friend_id`, `friendship_status_id`, `confirmed_at`, `created_at`, `updated_at`) VALUES (41, 41, 1, '1989-07-01 15:55:47', '2012-08-31 21:31:13', '2009-05-17 14:45:53');
INSERT INTO `friendship` (`user_id`, `friend_id`, `friendship_status_id`, `confirmed_at`, `created_at`, `updated_at`) VALUES (42, 42, 2, '2004-09-18 21:50:13', '2011-08-25 10:23:50', '1988-06-03 04:39:23');
INSERT INTO `friendship` (`user_id`, `friend_id`, `friendship_status_id`, `confirmed_at`, `created_at`, `updated_at`) VALUES (43, 43, 1, '1993-08-04 23:12:07', '1970-10-08 23:27:47', '2019-10-05 19:02:54');
INSERT INTO `friendship` (`user_id`, `friend_id`, `friendship_status_id`, `confirmed_at`, `created_at`, `updated_at`) VALUES (44, 44, 2, '1997-10-05 04:10:52', '2006-11-07 12:38:21', '2020-08-18 11:27:53');
INSERT INTO `friendship` (`user_id`, `friend_id`, `friendship_status_id`, `confirmed_at`, `created_at`, `updated_at`) VALUES (45, 45, 1, '1979-04-27 18:36:34', '2019-09-30 10:11:28', '2009-05-15 07:05:12');
INSERT INTO `friendship` (`user_id`, `friend_id`, `friendship_status_id`, `confirmed_at`, `created_at`, `updated_at`) VALUES (46, 46, 2, '2000-04-11 19:03:43', '1999-10-24 08:23:09', '1998-03-06 04:19:55');
INSERT INTO `friendship` (`user_id`, `friend_id`, `friendship_status_id`, `confirmed_at`, `created_at`, `updated_at`) VALUES (47, 47, 1, '1979-12-30 07:28:38', '1985-03-26 09:42:27', '2010-01-05 12:19:48');
INSERT INTO `friendship` (`user_id`, `friend_id`, `friendship_status_id`, `confirmed_at`, `created_at`, `updated_at`) VALUES (48, 48, 2, '2014-09-28 13:58:49', '2005-06-21 22:47:10', '1987-06-09 08:39:34');
INSERT INTO `friendship` (`user_id`, `friend_id`, `friendship_status_id`, `confirmed_at`, `created_at`, `updated_at`) VALUES (49, 49, 1, '2007-12-25 16:56:07', '2004-07-14 09:54:14', '1997-09-17 20:00:36');
INSERT INTO `friendship` (`user_id`, `friend_id`, `friendship_status_id`, `confirmed_at`, `created_at`, `updated_at`) VALUES (50, 50, 2, '2017-09-04 19:14:16', '1981-12-02 19:24:40', '1994-03-06 05:23:59');
INSERT INTO `friendship` (`user_id`, `friend_id`, `friendship_status_id`, `confirmed_at`, `created_at`, `updated_at`) VALUES (51, 51, 1, '2015-07-14 00:52:12', '1980-04-10 02:04:07', '1991-05-07 14:39:41');
INSERT INTO `friendship` (`user_id`, `friend_id`, `friendship_status_id`, `confirmed_at`, `created_at`, `updated_at`) VALUES (52, 52, 2, '1996-06-28 06:17:07', '1975-08-05 01:16:47', '1979-02-22 09:01:19');
INSERT INTO `friendship` (`user_id`, `friend_id`, `friendship_status_id`, `confirmed_at`, `created_at`, `updated_at`) VALUES (53, 53, 1, '1985-06-16 04:01:55', '1986-02-25 23:27:04', '2015-09-20 21:46:24');
INSERT INTO `friendship` (`user_id`, `friend_id`, `friendship_status_id`, `confirmed_at`, `created_at`, `updated_at`) VALUES (54, 54, 2, '2008-09-01 04:16:38', '2018-01-13 11:08:50', '2010-04-30 17:19:17');
INSERT INTO `friendship` (`user_id`, `friend_id`, `friendship_status_id`, `confirmed_at`, `created_at`, `updated_at`) VALUES (55, 55, 1, '2018-04-25 13:35:33', '1996-01-25 18:43:58', '1989-08-16 21:27:55');
INSERT INTO `friendship` (`user_id`, `friend_id`, `friendship_status_id`, `confirmed_at`, `created_at`, `updated_at`) VALUES (56, 56, 2, '2016-05-02 21:27:59', '2000-07-20 20:45:17', '2006-04-01 07:03:14');
INSERT INTO `friendship` (`user_id`, `friend_id`, `friendship_status_id`, `confirmed_at`, `created_at`, `updated_at`) VALUES (57, 57, 1, '2004-09-21 01:34:04', '1981-04-20 03:01:27', '1986-08-24 11:48:22');
INSERT INTO `friendship` (`user_id`, `friend_id`, `friendship_status_id`, `confirmed_at`, `created_at`, `updated_at`) VALUES (58, 58, 2, '2003-01-15 18:05:50', '2002-09-11 13:27:58', '1990-09-01 21:26:59');
INSERT INTO `friendship` (`user_id`, `friend_id`, `friendship_status_id`, `confirmed_at`, `created_at`, `updated_at`) VALUES (59, 59, 1, '1996-03-22 01:32:47', '1977-01-18 07:57:37', '2009-08-03 03:35:30');
INSERT INTO `friendship` (`user_id`, `friend_id`, `friendship_status_id`, `confirmed_at`, `created_at`, `updated_at`) VALUES (60, 60, 2, '1994-01-10 03:13:58', '2013-10-02 20:54:02', '1997-06-18 15:46:30');
INSERT INTO `friendship` (`user_id`, `friend_id`, `friendship_status_id`, `confirmed_at`, `created_at`, `updated_at`) VALUES (61, 61, 1, '1982-06-30 13:39:09', '1974-03-04 19:47:53', '1997-11-23 07:24:07');
INSERT INTO `friendship` (`user_id`, `friend_id`, `friendship_status_id`, `confirmed_at`, `created_at`, `updated_at`) VALUES (62, 62, 2, '2002-02-01 22:46:17', '2021-03-18 06:46:33', '1983-02-27 01:18:01');
INSERT INTO `friendship` (`user_id`, `friend_id`, `friendship_status_id`, `confirmed_at`, `created_at`, `updated_at`) VALUES (63, 63, 1, '2006-01-04 16:39:29', '2007-04-01 16:25:37', '2016-04-03 06:15:41');
INSERT INTO `friendship` (`user_id`, `friend_id`, `friendship_status_id`, `confirmed_at`, `created_at`, `updated_at`) VALUES (64, 64, 2, '1991-05-27 01:20:57', '2006-06-27 10:17:20', '1987-12-15 08:26:28');
INSERT INTO `friendship` (`user_id`, `friend_id`, `friendship_status_id`, `confirmed_at`, `created_at`, `updated_at`) VALUES (65, 65, 1, '2011-06-22 01:59:58', '2011-06-20 22:43:26', '1979-06-01 22:16:20');
INSERT INTO `friendship` (`user_id`, `friend_id`, `friendship_status_id`, `confirmed_at`, `created_at`, `updated_at`) VALUES (66, 66, 2, '2001-05-18 13:43:56', '2008-06-02 12:59:12', '2010-08-21 11:40:43');
INSERT INTO `friendship` (`user_id`, `friend_id`, `friendship_status_id`, `confirmed_at`, `created_at`, `updated_at`) VALUES (67, 67, 1, '1984-04-01 18:19:02', '2004-06-08 16:21:18', '1977-10-19 14:41:42');
INSERT INTO `friendship` (`user_id`, `friend_id`, `friendship_status_id`, `confirmed_at`, `created_at`, `updated_at`) VALUES (68, 68, 2, '1987-06-20 14:57:53', '1975-06-09 11:11:10', '1979-03-31 23:03:18');
INSERT INTO `friendship` (`user_id`, `friend_id`, `friendship_status_id`, `confirmed_at`, `created_at`, `updated_at`) VALUES (69, 69, 1, '2004-09-09 05:43:35', '1980-05-20 22:44:17', '2016-04-08 04:19:45');
INSERT INTO `friendship` (`user_id`, `friend_id`, `friendship_status_id`, `confirmed_at`, `created_at`, `updated_at`) VALUES (70, 70, 2, '1980-06-27 20:13:30', '1973-06-02 07:25:53', '1980-01-05 01:46:02');
INSERT INTO `friendship` (`user_id`, `friend_id`, `friendship_status_id`, `confirmed_at`, `created_at`, `updated_at`) VALUES (71, 71, 1, '2011-11-02 21:24:44', '1994-09-27 10:18:50', '1997-07-25 14:07:56');
INSERT INTO `friendship` (`user_id`, `friend_id`, `friendship_status_id`, `confirmed_at`, `created_at`, `updated_at`) VALUES (72, 72, 2, '1982-01-11 15:11:37', '2019-05-20 08:30:38', '2013-07-19 06:48:59');
INSERT INTO `friendship` (`user_id`, `friend_id`, `friendship_status_id`, `confirmed_at`, `created_at`, `updated_at`) VALUES (73, 73, 1, '2003-07-25 08:52:43', '2006-11-01 02:34:40', '2007-03-19 00:56:08');
INSERT INTO `friendship` (`user_id`, `friend_id`, `friendship_status_id`, `confirmed_at`, `created_at`, `updated_at`) VALUES (74, 74, 2, '2008-01-02 01:17:38', '1989-08-19 00:16:09', '2021-02-06 08:16:34');
INSERT INTO `friendship` (`user_id`, `friend_id`, `friendship_status_id`, `confirmed_at`, `created_at`, `updated_at`) VALUES (75, 75, 1, '1975-02-08 08:46:19', '2012-04-17 17:34:36', '1978-11-25 02:44:54');
INSERT INTO `friendship` (`user_id`, `friend_id`, `friendship_status_id`, `confirmed_at`, `created_at`, `updated_at`) VALUES (76, 76, 2, '2003-12-17 00:04:15', '2000-07-30 01:01:38', '1979-02-13 12:07:36');
INSERT INTO `friendship` (`user_id`, `friend_id`, `friendship_status_id`, `confirmed_at`, `created_at`, `updated_at`) VALUES (77, 77, 1, '2012-04-27 12:58:37', '1973-07-16 14:21:56', '1989-02-27 20:43:26');
INSERT INTO `friendship` (`user_id`, `friend_id`, `friendship_status_id`, `confirmed_at`, `created_at`, `updated_at`) VALUES (78, 78, 2, '1984-04-06 22:57:58', '2018-10-01 13:21:10', '1981-02-27 17:39:43');
INSERT INTO `friendship` (`user_id`, `friend_id`, `friendship_status_id`, `confirmed_at`, `created_at`, `updated_at`) VALUES (79, 79, 1, '2002-12-28 01:12:47', '1973-07-02 19:25:30', '2007-10-21 13:52:55');
INSERT INTO `friendship` (`user_id`, `friend_id`, `friendship_status_id`, `confirmed_at`, `created_at`, `updated_at`) VALUES (80, 80, 2, '2019-07-11 10:52:46', '1990-03-28 21:15:54', '1971-09-01 17:39:41');
INSERT INTO `friendship` (`user_id`, `friend_id`, `friendship_status_id`, `confirmed_at`, `created_at`, `updated_at`) VALUES (81, 81, 1, '1981-07-02 14:01:20', '2011-06-03 20:42:47', '1985-04-01 19:24:31');
INSERT INTO `friendship` (`user_id`, `friend_id`, `friendship_status_id`, `confirmed_at`, `created_at`, `updated_at`) VALUES (82, 82, 2, '1988-06-01 13:04:46', '1999-06-30 01:27:25', '1997-01-04 01:07:51');
INSERT INTO `friendship` (`user_id`, `friend_id`, `friendship_status_id`, `confirmed_at`, `created_at`, `updated_at`) VALUES (83, 83, 1, '1976-05-28 22:21:43', '2010-12-07 11:12:57', '1986-02-04 07:53:57');
INSERT INTO `friendship` (`user_id`, `friend_id`, `friendship_status_id`, `confirmed_at`, `created_at`, `updated_at`) VALUES (84, 84, 2, '1983-07-30 14:51:15', '2020-06-11 19:29:39', '1988-06-14 04:32:10');
INSERT INTO `friendship` (`user_id`, `friend_id`, `friendship_status_id`, `confirmed_at`, `created_at`, `updated_at`) VALUES (85, 85, 1, '2016-12-17 19:28:50', '1984-02-24 19:42:39', '1985-10-28 22:36:46');
INSERT INTO `friendship` (`user_id`, `friend_id`, `friendship_status_id`, `confirmed_at`, `created_at`, `updated_at`) VALUES (86, 86, 2, '2010-12-04 08:25:09', '1995-07-01 06:56:08', '1995-10-19 06:45:56');
INSERT INTO `friendship` (`user_id`, `friend_id`, `friendship_status_id`, `confirmed_at`, `created_at`, `updated_at`) VALUES (87, 87, 1, '2018-01-23 18:47:14', '1980-05-04 07:23:16', '1976-11-11 09:20:26');
INSERT INTO `friendship` (`user_id`, `friend_id`, `friendship_status_id`, `confirmed_at`, `created_at`, `updated_at`) VALUES (88, 88, 2, '2009-04-06 12:53:44', '2006-05-12 18:14:14', '1994-08-07 03:06:00');
INSERT INTO `friendship` (`user_id`, `friend_id`, `friendship_status_id`, `confirmed_at`, `created_at`, `updated_at`) VALUES (89, 89, 1, '2002-09-01 00:25:13', '1990-04-03 14:16:44', '1970-07-07 23:56:51');
INSERT INTO `friendship` (`user_id`, `friend_id`, `friendship_status_id`, `confirmed_at`, `created_at`, `updated_at`) VALUES (90, 90, 2, '1975-03-27 00:03:11', '1980-02-06 11:13:34', '1973-05-27 00:00:47');
INSERT INTO `friendship` (`user_id`, `friend_id`, `friendship_status_id`, `confirmed_at`, `created_at`, `updated_at`) VALUES (91, 91, 1, '1996-12-25 14:32:03', '2000-01-16 06:27:04', '2011-10-10 22:31:57');
INSERT INTO `friendship` (`user_id`, `friend_id`, `friendship_status_id`, `confirmed_at`, `created_at`, `updated_at`) VALUES (92, 92, 2, '2007-12-25 23:14:06', '1994-05-24 02:46:50', '2001-11-06 08:48:00');
INSERT INTO `friendship` (`user_id`, `friend_id`, `friendship_status_id`, `confirmed_at`, `created_at`, `updated_at`) VALUES (93, 93, 1, '2003-06-11 04:20:05', '1999-10-31 01:07:43', '1998-05-05 20:08:52');
INSERT INTO `friendship` (`user_id`, `friend_id`, `friendship_status_id`, `confirmed_at`, `created_at`, `updated_at`) VALUES (94, 94, 2, '1972-02-06 06:49:37', '1971-02-18 00:26:44', '1979-03-06 23:21:36');
INSERT INTO `friendship` (`user_id`, `friend_id`, `friendship_status_id`, `confirmed_at`, `created_at`, `updated_at`) VALUES (95, 95, 1, '1995-05-20 10:47:19', '1982-04-22 11:14:44', '2000-05-09 11:53:21');
INSERT INTO `friendship` (`user_id`, `friend_id`, `friendship_status_id`, `confirmed_at`, `created_at`, `updated_at`) VALUES (96, 96, 2, '1993-12-07 19:49:45', '1981-03-23 21:44:48', '1972-11-03 01:40:46');
INSERT INTO `friendship` (`user_id`, `friend_id`, `friendship_status_id`, `confirmed_at`, `created_at`, `updated_at`) VALUES (97, 97, 1, '1974-04-13 13:55:22', '1976-11-07 18:46:23', '2002-09-12 14:28:00');
INSERT INTO `friendship` (`user_id`, `friend_id`, `friendship_status_id`, `confirmed_at`, `created_at`, `updated_at`) VALUES (98, 98, 2, '2013-11-27 00:19:17', '1995-06-13 23:02:21', '2015-02-09 08:42:54');
INSERT INTO `friendship` (`user_id`, `friend_id`, `friendship_status_id`, `confirmed_at`, `created_at`, `updated_at`) VALUES (99, 99, 1, '1992-08-27 09:50:57', '2010-04-03 17:07:01', '2017-09-02 02:59:13');
INSERT INTO `friendship` (`user_id`, `friend_id`, `friendship_status_id`, `confirmed_at`, `created_at`, `updated_at`) VALUES (100, 100, 2, '2008-03-15 13:05:44', '1986-05-09 15:52:30', '2000-07-03 20:54:24');


#
# TABLE STRUCTURE FOR: friendship_statuses
#

DROP TABLE IF EXISTS `friendship_statuses`;

CREATE TABLE `friendship_statuses` (
  `id` int(10) unsigned NOT NULL AUTO_INCREMENT COMMENT 'Идентификатор строки',
  `name` varchar(150) COLLATE utf8mb4_unicode_ci NOT NULL COMMENT 'Название статуса',
  `created_at` datetime DEFAULT current_timestamp() COMMENT 'Время создания строки',
  `updated_at` datetime DEFAULT current_timestamp() ON UPDATE current_timestamp() COMMENT 'Время обновления строки',
  PRIMARY KEY (`id`),
  UNIQUE KEY `name` (`name`)
) ENGINE=InnoDB AUTO_INCREMENT=3 DEFAULT CHARSET=utf8mb4 COLLATE=utf8mb4_unicode_ci COMMENT='Статусы дружбы';

INSERT INTO `friendship_statuses` (`id`, `name`, `created_at`, `updated_at`) VALUES (1, 'relatives', '1985-11-15 22:38:44', '1983-11-03 09:48:43');
INSERT INTO `friendship_statuses` (`id`, `name`, `created_at`, `updated_at`) VALUES (2, 'friend', '1971-04-03 11:11:12', '2018-01-03 22:45:11');


#
# TABLE STRUCTURE FOR: media
#

DROP TABLE IF EXISTS `media`;

CREATE TABLE `media` (
  `id` int(10) unsigned NOT NULL AUTO_INCREMENT COMMENT 'Идентификатор строки',
  `user_id` int(10) unsigned NOT NULL COMMENT 'Ссылка на пользователя, который загрузил файл',
  `filename` varchar(255) COLLATE utf8mb4_unicode_ci NOT NULL COMMENT 'Путь к файлу',
  `size` int(11) NOT NULL COMMENT 'Размер файла',
  `metadata` longtext CHARACTER SET utf8mb4 COLLATE utf8mb4_bin DEFAULT NULL COMMENT 'Метаданные файла' CHECK (json_valid(`metadata`)),
  `media_type_id` int(10) unsigned NOT NULL COMMENT 'Ссылка на тип контента',
  `created_at` datetime DEFAULT current_timestamp() COMMENT 'Время создания строки',
  `updated_at` datetime DEFAULT current_timestamp() ON UPDATE current_timestamp() COMMENT 'Время обновления строки',
  PRIMARY KEY (`id`)
) ENGINE=InnoDB AUTO_INCREMENT=501 DEFAULT CHARSET=utf8mb4 COLLATE=utf8mb4_unicode_ci COMMENT='Медиафайлы';

INSERT INTO `media` (`id`, `user_id`, `filename`, `size`, `metadata`, `media_type_id`, `created_at`, `updated_at`) VALUES (1, 1, 'eum', 86825399, '6', 1, '2003-12-04 08:49:13', '1992-01-09 20:30:43');
INSERT INTO `media` (`id`, `user_id`, `filename`, `size`, `metadata`, `media_type_id`, `created_at`, `updated_at`) VALUES (2, 2, 'voluptatem', 14012, '4', 2, '2015-01-29 04:04:35', '2003-09-19 22:00:16');
INSERT INTO `media` (`id`, `user_id`, `filename`, `size`, `metadata`, `media_type_id`, `created_at`, `updated_at`) VALUES (3, 3, 'consequatur', 4865, '7', 3, '1975-03-31 02:51:10', '2011-05-31 02:23:09');
INSERT INTO `media` (`id`, `user_id`, `filename`, `size`, `metadata`, `media_type_id`, `created_at`, `updated_at`) VALUES (4, 4, 'expedita', 91, '7', 4, '1983-12-09 19:49:13', '1996-12-20 21:28:16');
INSERT INTO `media` (`id`, `user_id`, `filename`, `size`, `metadata`, `media_type_id`, `created_at`, `updated_at`) VALUES (5, 5, 'at', 0, '7', 5, '1990-02-07 13:38:28', '1993-09-30 14:56:45');
INSERT INTO `media` (`id`, `user_id`, `filename`, `size`, `metadata`, `media_type_id`, `created_at`, `updated_at`) VALUES (6, 6, 'assumenda', 43, '5', 1, '2016-05-11 01:50:01', '1978-07-31 11:17:14');
INSERT INTO `media` (`id`, `user_id`, `filename`, `size`, `metadata`, `media_type_id`, `created_at`, `updated_at`) VALUES (7, 7, 'ipsum', 418, '9', 2, '1974-04-15 20:02:34', '2009-05-07 23:52:16');
INSERT INTO `media` (`id`, `user_id`, `filename`, `size`, `metadata`, `media_type_id`, `created_at`, `updated_at`) VALUES (8, 8, 'sed', 3402, '1', 3, '1979-07-17 05:40:40', '2010-03-12 17:18:47');
INSERT INTO `media` (`id`, `user_id`, `filename`, `size`, `metadata`, `media_type_id`, `created_at`, `updated_at`) VALUES (9, 9, 'fuga', 2, '5', 4, '1993-06-03 12:25:45', '2015-10-17 15:54:35');
INSERT INTO `media` (`id`, `user_id`, `filename`, `size`, `metadata`, `media_type_id`, `created_at`, `updated_at`) VALUES (10, 10, 'aspernatur', 48, '9', 5, '2010-10-10 07:13:52', '2012-10-06 02:29:18');
INSERT INTO `media` (`id`, `user_id`, `filename`, `size`, `metadata`, `media_type_id`, `created_at`, `updated_at`) VALUES (11, 11, 'atque', 17500, '1', 1, '1981-06-14 19:13:23', '1991-06-17 10:35:19');
INSERT INTO `media` (`id`, `user_id`, `filename`, `size`, `metadata`, `media_type_id`, `created_at`, `updated_at`) VALUES (12, 12, 'voluptas', 110403, '4', 2, '2016-06-30 06:46:04', '1991-08-19 00:41:44');
INSERT INTO `media` (`id`, `user_id`, `filename`, `size`, `metadata`, `media_type_id`, `created_at`, `updated_at`) VALUES (13, 13, 'neque', 1485, '8', 3, '1997-11-16 01:33:28', '2013-05-12 13:08:55');
INSERT INTO `media` (`id`, `user_id`, `filename`, `size`, `metadata`, `media_type_id`, `created_at`, `updated_at`) VALUES (14, 14, 'qui', 204789794, '4', 4, '2010-12-17 06:48:32', '1983-12-23 19:47:32');
INSERT INTO `media` (`id`, `user_id`, `filename`, `size`, `metadata`, `media_type_id`, `created_at`, `updated_at`) VALUES (15, 15, 'at', 12015, '6', 5, '1976-08-16 08:21:18', '1978-11-14 11:37:25');
INSERT INTO `media` (`id`, `user_id`, `filename`, `size`, `metadata`, `media_type_id`, `created_at`, `updated_at`) VALUES (16, 16, 'sunt', 1680369, '4', 1, '1980-06-11 02:56:59', '1982-10-06 20:28:39');
INSERT INTO `media` (`id`, `user_id`, `filename`, `size`, `metadata`, `media_type_id`, `created_at`, `updated_at`) VALUES (17, 17, 'in', 85, '2', 2, '1988-02-16 13:49:22', '2020-06-19 23:36:51');
INSERT INTO `media` (`id`, `user_id`, `filename`, `size`, `metadata`, `media_type_id`, `created_at`, `updated_at`) VALUES (18, 18, 'fugit', 0, '6', 3, '1974-04-21 15:23:47', '2011-11-10 06:56:44');
INSERT INTO `media` (`id`, `user_id`, `filename`, `size`, `metadata`, `media_type_id`, `created_at`, `updated_at`) VALUES (19, 19, 'eligendi', 0, '6', 4, '1980-12-07 14:33:58', '2010-04-20 03:24:46');
INSERT INTO `media` (`id`, `user_id`, `filename`, `size`, `metadata`, `media_type_id`, `created_at`, `updated_at`) VALUES (20, 20, 'et', 993835, '5', 5, '1981-05-25 18:26:38', '2020-01-09 19:55:08');
INSERT INTO `media` (`id`, `user_id`, `filename`, `size`, `metadata`, `media_type_id`, `created_at`, `updated_at`) VALUES (21, 21, 'sed', 505362727, '2', 1, '2005-01-01 04:52:40', '1975-10-28 07:37:24');
INSERT INTO `media` (`id`, `user_id`, `filename`, `size`, `metadata`, `media_type_id`, `created_at`, `updated_at`) VALUES (22, 22, 'qui', 252730982, '6', 2, '1989-10-28 01:00:56', '2006-12-07 01:17:08');
INSERT INTO `media` (`id`, `user_id`, `filename`, `size`, `metadata`, `media_type_id`, `created_at`, `updated_at`) VALUES (23, 23, 'accusantium', 4426291, '1', 3, '1985-12-01 05:08:15', '2006-11-19 17:42:08');
INSERT INTO `media` (`id`, `user_id`, `filename`, `size`, `metadata`, `media_type_id`, `created_at`, `updated_at`) VALUES (24, 24, 'molestiae', 969008049, '3', 4, '1991-12-28 14:27:00', '2001-03-03 16:14:26');
INSERT INTO `media` (`id`, `user_id`, `filename`, `size`, `metadata`, `media_type_id`, `created_at`, `updated_at`) VALUES (25, 25, 'et', 9, '2', 5, '2006-07-01 04:52:53', '1982-06-14 13:54:02');
INSERT INTO `media` (`id`, `user_id`, `filename`, `size`, `metadata`, `media_type_id`, `created_at`, `updated_at`) VALUES (26, 26, 'blanditiis', 215, '2', 1, '1983-05-31 01:57:10', '2017-05-15 06:16:47');
INSERT INTO `media` (`id`, `user_id`, `filename`, `size`, `metadata`, `media_type_id`, `created_at`, `updated_at`) VALUES (27, 27, 'ea', 803034003, '9', 2, '2018-11-01 00:55:24', '2015-10-25 19:57:54');
INSERT INTO `media` (`id`, `user_id`, `filename`, `size`, `metadata`, `media_type_id`, `created_at`, `updated_at`) VALUES (28, 28, 'voluptatem', 24894, '6', 3, '1996-10-03 06:49:59', '2002-08-28 11:08:44');
INSERT INTO `media` (`id`, `user_id`, `filename`, `size`, `metadata`, `media_type_id`, `created_at`, `updated_at`) VALUES (29, 29, 'dolor', 58135450, '8', 4, '1980-03-22 23:58:12', '1990-07-27 04:15:45');
INSERT INTO `media` (`id`, `user_id`, `filename`, `size`, `metadata`, `media_type_id`, `created_at`, `updated_at`) VALUES (30, 30, 'voluptate', 5823, '7', 5, '1970-04-06 20:05:05', '2003-11-03 06:52:10');
INSERT INTO `media` (`id`, `user_id`, `filename`, `size`, `metadata`, `media_type_id`, `created_at`, `updated_at`) VALUES (31, 31, 'veritatis', 95, '6', 1, '1985-11-10 15:39:59', '1970-10-05 12:09:57');
INSERT INTO `media` (`id`, `user_id`, `filename`, `size`, `metadata`, `media_type_id`, `created_at`, `updated_at`) VALUES (32, 32, 'molestiae', 47, '3', 2, '2018-01-05 16:50:08', '1970-06-10 05:25:59');
INSERT INTO `media` (`id`, `user_id`, `filename`, `size`, `metadata`, `media_type_id`, `created_at`, `updated_at`) VALUES (33, 33, 'velit', 7, '6', 3, '2011-10-04 12:29:36', '2004-08-29 02:00:57');
INSERT INTO `media` (`id`, `user_id`, `filename`, `size`, `metadata`, `media_type_id`, `created_at`, `updated_at`) VALUES (34, 34, 'quasi', 73510436, '6', 4, '2003-01-06 05:41:48', '1997-08-13 04:36:05');
INSERT INTO `media` (`id`, `user_id`, `filename`, `size`, `metadata`, `media_type_id`, `created_at`, `updated_at`) VALUES (35, 35, 'aliquam', 30056, '8', 5, '1998-02-12 08:42:47', '2016-02-02 04:22:06');
INSERT INTO `media` (`id`, `user_id`, `filename`, `size`, `metadata`, `media_type_id`, `created_at`, `updated_at`) VALUES (36, 36, 'necessitatibus', 4794949, '8', 1, '1973-09-13 07:46:04', '1993-05-09 00:07:42');
INSERT INTO `media` (`id`, `user_id`, `filename`, `size`, `metadata`, `media_type_id`, `created_at`, `updated_at`) VALUES (37, 37, 'aliquid', 27060514, '6', 2, '2007-10-16 13:54:40', '1977-07-24 19:44:44');
INSERT INTO `media` (`id`, `user_id`, `filename`, `size`, `metadata`, `media_type_id`, `created_at`, `updated_at`) VALUES (38, 38, 'in', 3978866, '9', 3, '2007-11-11 07:01:48', '1970-11-08 16:56:13');
INSERT INTO `media` (`id`, `user_id`, `filename`, `size`, `metadata`, `media_type_id`, `created_at`, `updated_at`) VALUES (39, 39, 'voluptatem', 200504222, '2', 4, '1978-07-30 22:47:38', '2014-07-24 21:00:22');
INSERT INTO `media` (`id`, `user_id`, `filename`, `size`, `metadata`, `media_type_id`, `created_at`, `updated_at`) VALUES (40, 40, 'accusamus', 34835, '6', 5, '2021-03-15 18:18:50', '1974-01-07 22:11:11');
INSERT INTO `media` (`id`, `user_id`, `filename`, `size`, `metadata`, `media_type_id`, `created_at`, `updated_at`) VALUES (41, 41, 'commodi', 46316556, '7', 1, '1984-05-27 05:19:55', '2009-01-15 22:05:42');
INSERT INTO `media` (`id`, `user_id`, `filename`, `size`, `metadata`, `media_type_id`, `created_at`, `updated_at`) VALUES (42, 42, 'omnis', 5309420, '1', 2, '2000-11-23 10:45:24', '1993-08-21 10:15:10');
INSERT INTO `media` (`id`, `user_id`, `filename`, `size`, `metadata`, `media_type_id`, `created_at`, `updated_at`) VALUES (43, 43, 'vitae', 4348, '9', 3, '2019-10-20 19:27:10', '1972-12-21 06:00:20');
INSERT INTO `media` (`id`, `user_id`, `filename`, `size`, `metadata`, `media_type_id`, `created_at`, `updated_at`) VALUES (44, 44, 'sed', 1565, '8', 4, '1971-06-26 13:58:27', '2019-12-14 04:48:15');
INSERT INTO `media` (`id`, `user_id`, `filename`, `size`, `metadata`, `media_type_id`, `created_at`, `updated_at`) VALUES (45, 45, 'et', 650990404, '5', 5, '2003-08-07 18:27:08', '2020-11-17 15:41:20');
INSERT INTO `media` (`id`, `user_id`, `filename`, `size`, `metadata`, `media_type_id`, `created_at`, `updated_at`) VALUES (46, 46, 'at', 8221115, '9', 1, '1971-12-09 20:03:07', '2018-01-15 11:42:03');
INSERT INTO `media` (`id`, `user_id`, `filename`, `size`, `metadata`, `media_type_id`, `created_at`, `updated_at`) VALUES (47, 47, 'nemo', 6832, '6', 2, '2009-10-11 12:23:45', '2012-03-08 10:28:56');
INSERT INTO `media` (`id`, `user_id`, `filename`, `size`, `metadata`, `media_type_id`, `created_at`, `updated_at`) VALUES (48, 48, 'quis', 4498649, '5', 3, '2007-10-03 02:27:53', '1983-09-04 11:45:19');
INSERT INTO `media` (`id`, `user_id`, `filename`, `size`, `metadata`, `media_type_id`, `created_at`, `updated_at`) VALUES (49, 49, 'ullam', 66183295, '9', 4, '1979-11-24 11:15:28', '2020-08-01 04:24:50');
INSERT INTO `media` (`id`, `user_id`, `filename`, `size`, `metadata`, `media_type_id`, `created_at`, `updated_at`) VALUES (50, 50, 'aperiam', 54, '5', 5, '2004-11-11 07:55:31', '1984-03-03 13:41:36');
INSERT INTO `media` (`id`, `user_id`, `filename`, `size`, `metadata`, `media_type_id`, `created_at`, `updated_at`) VALUES (51, 51, 'nesciunt', 9, '4', 1, '1982-06-16 00:41:40', '2001-01-01 03:16:20');
INSERT INTO `media` (`id`, `user_id`, `filename`, `size`, `metadata`, `media_type_id`, `created_at`, `updated_at`) VALUES (52, 52, 'ipsa', 8, '2', 2, '2015-09-24 20:23:17', '1994-01-24 15:29:23');
INSERT INTO `media` (`id`, `user_id`, `filename`, `size`, `metadata`, `media_type_id`, `created_at`, `updated_at`) VALUES (53, 53, 'reiciendis', 0, '1', 3, '1979-09-23 05:41:51', '1989-07-19 00:27:28');
INSERT INTO `media` (`id`, `user_id`, `filename`, `size`, `metadata`, `media_type_id`, `created_at`, `updated_at`) VALUES (54, 54, 'saepe', 2701679, '2', 4, '1980-04-23 21:06:08', '2018-06-16 08:30:58');
INSERT INTO `media` (`id`, `user_id`, `filename`, `size`, `metadata`, `media_type_id`, `created_at`, `updated_at`) VALUES (55, 55, 'cum', 16, '9', 5, '1971-11-09 21:43:46', '2003-03-06 20:04:52');
INSERT INTO `media` (`id`, `user_id`, `filename`, `size`, `metadata`, `media_type_id`, `created_at`, `updated_at`) VALUES (56, 56, 'odio', 9, '3', 1, '2008-05-08 04:12:01', '2004-04-10 07:04:22');
INSERT INTO `media` (`id`, `user_id`, `filename`, `size`, `metadata`, `media_type_id`, `created_at`, `updated_at`) VALUES (57, 57, 'facere', 717, '1', 2, '1997-11-01 03:07:36', '1974-04-29 01:20:45');
INSERT INTO `media` (`id`, `user_id`, `filename`, `size`, `metadata`, `media_type_id`, `created_at`, `updated_at`) VALUES (58, 58, 'est', 0, '5', 3, '2004-12-28 09:08:05', '1972-03-21 07:13:04');
INSERT INTO `media` (`id`, `user_id`, `filename`, `size`, `metadata`, `media_type_id`, `created_at`, `updated_at`) VALUES (59, 59, 'ut', 63936, '7', 4, '2011-07-29 19:12:27', '1997-07-13 13:19:08');
INSERT INTO `media` (`id`, `user_id`, `filename`, `size`, `metadata`, `media_type_id`, `created_at`, `updated_at`) VALUES (60, 60, 'quis', 21423190, '6', 5, '1992-07-22 04:22:10', '2000-02-19 13:39:35');
INSERT INTO `media` (`id`, `user_id`, `filename`, `size`, `metadata`, `media_type_id`, `created_at`, `updated_at`) VALUES (61, 61, 'quae', 78623, '4', 1, '1981-02-20 01:07:28', '2004-01-17 12:57:49');
INSERT INTO `media` (`id`, `user_id`, `filename`, `size`, `metadata`, `media_type_id`, `created_at`, `updated_at`) VALUES (62, 62, 'ea', 9, '8', 2, '1998-01-13 21:28:52', '1976-08-07 00:19:18');
INSERT INTO `media` (`id`, `user_id`, `filename`, `size`, `metadata`, `media_type_id`, `created_at`, `updated_at`) VALUES (63, 63, 'quidem', 726748, '7', 3, '2005-11-14 18:20:14', '2018-07-05 01:12:59');
INSERT INTO `media` (`id`, `user_id`, `filename`, `size`, `metadata`, `media_type_id`, `created_at`, `updated_at`) VALUES (64, 64, 'maxime', 8366, '2', 4, '1979-01-08 05:45:24', '2000-01-09 07:05:20');
INSERT INTO `media` (`id`, `user_id`, `filename`, `size`, `metadata`, `media_type_id`, `created_at`, `updated_at`) VALUES (65, 65, 'at', 98965852, '9', 5, '1998-03-03 14:18:13', '2013-09-20 18:03:41');
INSERT INTO `media` (`id`, `user_id`, `filename`, `size`, `metadata`, `media_type_id`, `created_at`, `updated_at`) VALUES (66, 66, 'consequatur', 483, '8', 1, '2002-01-05 03:29:47', '1971-05-01 14:42:31');
INSERT INTO `media` (`id`, `user_id`, `filename`, `size`, `metadata`, `media_type_id`, `created_at`, `updated_at`) VALUES (67, 67, 'earum', 21, '8', 2, '2001-09-17 20:46:02', '2000-03-28 14:32:49');
INSERT INTO `media` (`id`, `user_id`, `filename`, `size`, `metadata`, `media_type_id`, `created_at`, `updated_at`) VALUES (68, 68, 'quia', 0, '4', 3, '1984-03-02 12:01:54', '1987-07-11 01:45:07');
INSERT INTO `media` (`id`, `user_id`, `filename`, `size`, `metadata`, `media_type_id`, `created_at`, `updated_at`) VALUES (69, 69, 'dolorem', 9, '8', 4, '2016-10-13 06:46:17', '2011-09-07 23:31:51');
INSERT INTO `media` (`id`, `user_id`, `filename`, `size`, `metadata`, `media_type_id`, `created_at`, `updated_at`) VALUES (70, 70, 'esse', 43480386, '9', 5, '2019-11-25 09:16:42', '1970-11-13 12:07:02');
INSERT INTO `media` (`id`, `user_id`, `filename`, `size`, `metadata`, `media_type_id`, `created_at`, `updated_at`) VALUES (71, 71, 'sint', 6632, '5', 1, '1990-05-01 22:01:05', '1982-12-22 12:47:40');
INSERT INTO `media` (`id`, `user_id`, `filename`, `size`, `metadata`, `media_type_id`, `created_at`, `updated_at`) VALUES (72, 72, 'vitae', 0, '1', 2, '2017-11-13 12:54:43', '1996-08-25 06:50:34');
INSERT INTO `media` (`id`, `user_id`, `filename`, `size`, `metadata`, `media_type_id`, `created_at`, `updated_at`) VALUES (73, 73, 'repudiandae', 0, '8', 3, '2009-12-03 06:28:27', '1998-08-05 14:59:11');
INSERT INTO `media` (`id`, `user_id`, `filename`, `size`, `metadata`, `media_type_id`, `created_at`, `updated_at`) VALUES (74, 74, 'quo', 670, '6', 4, '1987-04-02 15:46:36', '1974-01-20 14:50:07');
INSERT INTO `media` (`id`, `user_id`, `filename`, `size`, `metadata`, `media_type_id`, `created_at`, `updated_at`) VALUES (75, 75, 'ut', 0, '4', 5, '2005-11-13 05:38:59', '1978-01-30 12:27:17');
INSERT INTO `media` (`id`, `user_id`, `filename`, `size`, `metadata`, `media_type_id`, `created_at`, `updated_at`) VALUES (76, 76, 'eveniet', 705550, '1', 1, '1992-05-20 09:29:20', '2018-03-07 02:44:32');
INSERT INTO `media` (`id`, `user_id`, `filename`, `size`, `metadata`, `media_type_id`, `created_at`, `updated_at`) VALUES (77, 77, 'possimus', 275411773, '1', 2, '2013-03-04 20:22:17', '2015-04-12 12:29:55');
INSERT INTO `media` (`id`, `user_id`, `filename`, `size`, `metadata`, `media_type_id`, `created_at`, `updated_at`) VALUES (78, 78, 'quibusdam', 0, '6', 3, '1990-08-24 01:16:22', '1974-01-15 14:30:44');
INSERT INTO `media` (`id`, `user_id`, `filename`, `size`, `metadata`, `media_type_id`, `created_at`, `updated_at`) VALUES (79, 79, 'quas', 60692818, '2', 4, '2006-03-09 00:03:55', '1985-04-16 08:12:48');
INSERT INTO `media` (`id`, `user_id`, `filename`, `size`, `metadata`, `media_type_id`, `created_at`, `updated_at`) VALUES (80, 80, 'assumenda', 26759, '3', 5, '1974-11-04 06:16:19', '1995-08-10 10:32:33');
INSERT INTO `media` (`id`, `user_id`, `filename`, `size`, `metadata`, `media_type_id`, `created_at`, `updated_at`) VALUES (81, 81, 'est', 243147, '6', 1, '2005-09-22 11:23:59', '2005-12-28 16:38:40');
INSERT INTO `media` (`id`, `user_id`, `filename`, `size`, `metadata`, `media_type_id`, `created_at`, `updated_at`) VALUES (82, 82, 'sit', 79846955, '2', 2, '1979-09-10 05:56:56', '2013-12-27 00:52:16');
INSERT INTO `media` (`id`, `user_id`, `filename`, `size`, `metadata`, `media_type_id`, `created_at`, `updated_at`) VALUES (83, 83, 'ratione', 31792316, '3', 3, '2003-12-15 21:46:59', '2012-02-04 01:13:50');
INSERT INTO `media` (`id`, `user_id`, `filename`, `size`, `metadata`, `media_type_id`, `created_at`, `updated_at`) VALUES (84, 84, 'est', 0, '8', 4, '1971-08-27 22:29:42', '2018-12-14 05:41:14');
INSERT INTO `media` (`id`, `user_id`, `filename`, `size`, `metadata`, `media_type_id`, `created_at`, `updated_at`) VALUES (85, 85, 'sit', 78, '7', 5, '2011-05-17 11:18:26', '1987-10-18 09:34:01');
INSERT INTO `media` (`id`, `user_id`, `filename`, `size`, `metadata`, `media_type_id`, `created_at`, `updated_at`) VALUES (86, 86, 'placeat', 27939495, '5', 1, '1973-09-27 07:13:11', '2007-01-22 22:12:55');
INSERT INTO `media` (`id`, `user_id`, `filename`, `size`, `metadata`, `media_type_id`, `created_at`, `updated_at`) VALUES (87, 87, 'earum', 73908345, '5', 2, '1971-10-25 08:35:57', '1979-04-20 02:40:11');
INSERT INTO `media` (`id`, `user_id`, `filename`, `size`, `metadata`, `media_type_id`, `created_at`, `updated_at`) VALUES (88, 88, 'quia', 26, '1', 3, '1987-11-19 06:54:17', '2011-02-08 04:07:30');
INSERT INTO `media` (`id`, `user_id`, `filename`, `size`, `metadata`, `media_type_id`, `created_at`, `updated_at`) VALUES (89, 89, 'ad', 8880, '6', 4, '2005-02-25 05:45:43', '2016-10-13 14:59:18');
INSERT INTO `media` (`id`, `user_id`, `filename`, `size`, `metadata`, `media_type_id`, `created_at`, `updated_at`) VALUES (90, 90, 'ullam', 665644792, '5', 5, '2013-03-18 12:02:15', '1982-10-05 14:21:25');
INSERT INTO `media` (`id`, `user_id`, `filename`, `size`, `metadata`, `media_type_id`, `created_at`, `updated_at`) VALUES (91, 91, 'iusto', 0, '8', 1, '2019-03-05 17:10:40', '1970-03-03 04:47:42');
INSERT INTO `media` (`id`, `user_id`, `filename`, `size`, `metadata`, `media_type_id`, `created_at`, `updated_at`) VALUES (92, 92, 'et', 1758, '6', 2, '1981-07-21 16:15:21', '2000-12-24 17:02:20');
INSERT INTO `media` (`id`, `user_id`, `filename`, `size`, `metadata`, `media_type_id`, `created_at`, `updated_at`) VALUES (93, 93, 'facere', 81651, '9', 3, '1972-05-08 20:26:32', '2006-05-19 03:59:06');
INSERT INTO `media` (`id`, `user_id`, `filename`, `size`, `metadata`, `media_type_id`, `created_at`, `updated_at`) VALUES (94, 94, 'beatae', 911780, '6', 4, '2011-08-21 22:51:41', '1987-03-13 23:15:27');
INSERT INTO `media` (`id`, `user_id`, `filename`, `size`, `metadata`, `media_type_id`, `created_at`, `updated_at`) VALUES (95, 95, 'quibusdam', 8413752, '7', 5, '1998-10-11 13:26:04', '1983-01-28 21:05:48');
INSERT INTO `media` (`id`, `user_id`, `filename`, `size`, `metadata`, `media_type_id`, `created_at`, `updated_at`) VALUES (96, 96, 'nam', 0, '1', 1, '2013-11-06 17:17:02', '2005-12-03 13:14:44');
INSERT INTO `media` (`id`, `user_id`, `filename`, `size`, `metadata`, `media_type_id`, `created_at`, `updated_at`) VALUES (97, 97, 'officiis', 779123, '3', 2, '2015-04-24 12:21:24', '1973-10-18 21:50:58');
INSERT INTO `media` (`id`, `user_id`, `filename`, `size`, `metadata`, `media_type_id`, `created_at`, `updated_at`) VALUES (98, 98, 'nostrum', 9, '5', 3, '2010-10-03 21:23:27', '1982-07-05 16:51:51');
INSERT INTO `media` (`id`, `user_id`, `filename`, `size`, `metadata`, `media_type_id`, `created_at`, `updated_at`) VALUES (99, 99, 'et', 7, '5', 4, '1977-09-20 19:48:33', '2014-02-20 21:53:10');
INSERT INTO `media` (`id`, `user_id`, `filename`, `size`, `metadata`, `media_type_id`, `created_at`, `updated_at`) VALUES (100, 100, 'ipsam', 523731, '3', 5, '2004-06-24 11:09:10', '2001-10-19 10:31:50');
INSERT INTO `media` (`id`, `user_id`, `filename`, `size`, `metadata`, `media_type_id`, `created_at`, `updated_at`) VALUES (101, 1, 'dignissimos', 8505730, '7', 1, '1970-10-01 01:23:25', '1977-12-10 06:44:55');
INSERT INTO `media` (`id`, `user_id`, `filename`, `size`, `metadata`, `media_type_id`, `created_at`, `updated_at`) VALUES (102, 2, 'quia', 4, '1', 2, '1977-01-31 10:59:02', '1973-07-26 09:16:09');
INSERT INTO `media` (`id`, `user_id`, `filename`, `size`, `metadata`, `media_type_id`, `created_at`, `updated_at`) VALUES (103, 3, 'error', 526259348, '1', 3, '1982-04-20 07:44:07', '1981-05-29 23:45:06');
INSERT INTO `media` (`id`, `user_id`, `filename`, `size`, `metadata`, `media_type_id`, `created_at`, `updated_at`) VALUES (104, 4, 'aliquid', 773220, '9', 4, '1971-03-17 09:31:52', '1986-04-02 10:45:24');
INSERT INTO `media` (`id`, `user_id`, `filename`, `size`, `metadata`, `media_type_id`, `created_at`, `updated_at`) VALUES (105, 5, 'numquam', 33, '5', 5, '1978-06-08 09:24:45', '2014-04-02 07:17:20');
INSERT INTO `media` (`id`, `user_id`, `filename`, `size`, `metadata`, `media_type_id`, `created_at`, `updated_at`) VALUES (106, 6, 'et', 8, '9', 1, '1970-06-28 00:57:05', '2015-05-04 01:39:53');
INSERT INTO `media` (`id`, `user_id`, `filename`, `size`, `metadata`, `media_type_id`, `created_at`, `updated_at`) VALUES (107, 7, 'ex', 3470, '4', 2, '1975-02-27 03:11:40', '2021-03-13 02:08:10');
INSERT INTO `media` (`id`, `user_id`, `filename`, `size`, `metadata`, `media_type_id`, `created_at`, `updated_at`) VALUES (108, 8, 'dolorem', 1, '9', 3, '2000-11-30 08:00:17', '1992-11-11 05:16:51');
INSERT INTO `media` (`id`, `user_id`, `filename`, `size`, `metadata`, `media_type_id`, `created_at`, `updated_at`) VALUES (109, 9, 'dolores', 29909, '9', 4, '1980-01-10 17:38:05', '1999-02-17 06:45:43');
INSERT INTO `media` (`id`, `user_id`, `filename`, `size`, `metadata`, `media_type_id`, `created_at`, `updated_at`) VALUES (110, 10, 'illum', 803383, '9', 5, '2020-07-08 11:07:17', '2019-05-25 17:16:42');
INSERT INTO `media` (`id`, `user_id`, `filename`, `size`, `metadata`, `media_type_id`, `created_at`, `updated_at`) VALUES (111, 11, 'ab', 174, '7', 1, '1972-08-11 18:11:54', '2016-07-29 06:39:28');
INSERT INTO `media` (`id`, `user_id`, `filename`, `size`, `metadata`, `media_type_id`, `created_at`, `updated_at`) VALUES (112, 12, 'quasi', 532, '6', 2, '1984-10-30 06:30:13', '1985-05-19 03:14:20');
INSERT INTO `media` (`id`, `user_id`, `filename`, `size`, `metadata`, `media_type_id`, `created_at`, `updated_at`) VALUES (113, 13, 'maiores', 10349, '4', 3, '1977-09-18 07:05:10', '1983-09-20 11:22:29');
INSERT INTO `media` (`id`, `user_id`, `filename`, `size`, `metadata`, `media_type_id`, `created_at`, `updated_at`) VALUES (114, 14, 'molestias', 9, '4', 4, '2000-09-01 02:42:25', '1979-12-08 22:57:46');
INSERT INTO `media` (`id`, `user_id`, `filename`, `size`, `metadata`, `media_type_id`, `created_at`, `updated_at`) VALUES (115, 15, 'ut', 0, '4', 5, '2012-01-08 14:06:01', '2005-04-29 01:34:54');
INSERT INTO `media` (`id`, `user_id`, `filename`, `size`, `metadata`, `media_type_id`, `created_at`, `updated_at`) VALUES (116, 16, 'asperiores', 39610, '9', 1, '1984-07-06 20:36:15', '1998-03-01 01:19:00');
INSERT INTO `media` (`id`, `user_id`, `filename`, `size`, `metadata`, `media_type_id`, `created_at`, `updated_at`) VALUES (117, 17, 'et', 44810923, '7', 2, '1973-11-07 14:17:53', '1989-07-16 12:29:22');
INSERT INTO `media` (`id`, `user_id`, `filename`, `size`, `metadata`, `media_type_id`, `created_at`, `updated_at`) VALUES (118, 18, 'ducimus', 706821030, '9', 3, '2011-02-25 10:33:07', '2021-02-03 21:43:08');
INSERT INTO `media` (`id`, `user_id`, `filename`, `size`, `metadata`, `media_type_id`, `created_at`, `updated_at`) VALUES (119, 19, 'et', 179190582, '3', 4, '2009-11-26 23:31:28', '2019-05-15 04:29:02');
INSERT INTO `media` (`id`, `user_id`, `filename`, `size`, `metadata`, `media_type_id`, `created_at`, `updated_at`) VALUES (120, 20, 'et', 64, '7', 5, '1979-05-18 16:44:49', '1987-06-15 13:02:36');
INSERT INTO `media` (`id`, `user_id`, `filename`, `size`, `metadata`, `media_type_id`, `created_at`, `updated_at`) VALUES (121, 21, 'est', 921850963, '9', 1, '1982-03-28 04:09:25', '2003-05-03 08:45:36');
INSERT INTO `media` (`id`, `user_id`, `filename`, `size`, `metadata`, `media_type_id`, `created_at`, `updated_at`) VALUES (122, 22, 'corporis', 674214, '1', 2, '2021-03-19 13:57:25', '2006-11-12 04:44:42');
INSERT INTO `media` (`id`, `user_id`, `filename`, `size`, `metadata`, `media_type_id`, `created_at`, `updated_at`) VALUES (123, 23, 'magni', 366968397, '8', 3, '2017-01-17 18:49:51', '1972-11-24 13:41:15');
INSERT INTO `media` (`id`, `user_id`, `filename`, `size`, `metadata`, `media_type_id`, `created_at`, `updated_at`) VALUES (124, 24, 'maiores', 11291, '3', 4, '2001-07-02 18:34:22', '2011-06-30 14:43:58');
INSERT INTO `media` (`id`, `user_id`, `filename`, `size`, `metadata`, `media_type_id`, `created_at`, `updated_at`) VALUES (125, 25, 'harum', 5117, '4', 5, '2010-04-25 00:39:07', '1971-10-24 07:52:35');
INSERT INTO `media` (`id`, `user_id`, `filename`, `size`, `metadata`, `media_type_id`, `created_at`, `updated_at`) VALUES (126, 26, 'maiores', 5444609, '4', 1, '2020-09-26 00:07:16', '1992-11-02 12:53:00');
INSERT INTO `media` (`id`, `user_id`, `filename`, `size`, `metadata`, `media_type_id`, `created_at`, `updated_at`) VALUES (127, 27, 'veniam', 37872046, '3', 2, '2011-05-04 10:30:27', '2014-08-21 14:59:15');
INSERT INTO `media` (`id`, `user_id`, `filename`, `size`, `metadata`, `media_type_id`, `created_at`, `updated_at`) VALUES (128, 28, 'sit', 996, '1', 3, '1983-01-09 13:22:55', '1998-07-11 07:56:41');
INSERT INTO `media` (`id`, `user_id`, `filename`, `size`, `metadata`, `media_type_id`, `created_at`, `updated_at`) VALUES (129, 29, 'odit', 4433065, '5', 4, '1992-06-16 07:19:52', '1981-02-09 02:49:00');
INSERT INTO `media` (`id`, `user_id`, `filename`, `size`, `metadata`, `media_type_id`, `created_at`, `updated_at`) VALUES (130, 30, 'rem', 0, '7', 5, '2000-06-22 13:46:49', '1985-06-18 19:18:53');
INSERT INTO `media` (`id`, `user_id`, `filename`, `size`, `metadata`, `media_type_id`, `created_at`, `updated_at`) VALUES (131, 31, 'dolores', 67, '8', 1, '1995-06-03 13:09:48', '2015-05-24 17:48:32');
INSERT INTO `media` (`id`, `user_id`, `filename`, `size`, `metadata`, `media_type_id`, `created_at`, `updated_at`) VALUES (132, 32, 'temporibus', 765394, '5', 2, '2003-06-30 10:48:05', '1985-05-09 10:45:49');
INSERT INTO `media` (`id`, `user_id`, `filename`, `size`, `metadata`, `media_type_id`, `created_at`, `updated_at`) VALUES (133, 33, 'cum', 85054429, '8', 3, '2000-12-11 23:21:31', '1988-04-17 04:56:20');
INSERT INTO `media` (`id`, `user_id`, `filename`, `size`, `metadata`, `media_type_id`, `created_at`, `updated_at`) VALUES (134, 34, 'voluptas', 720492, '9', 4, '2008-10-20 05:46:51', '1999-12-30 23:33:11');
INSERT INTO `media` (`id`, `user_id`, `filename`, `size`, `metadata`, `media_type_id`, `created_at`, `updated_at`) VALUES (135, 35, 'et', 7, '7', 5, '2014-07-28 07:58:01', '2018-11-07 09:23:11');
INSERT INTO `media` (`id`, `user_id`, `filename`, `size`, `metadata`, `media_type_id`, `created_at`, `updated_at`) VALUES (136, 36, 'nihil', 1322, '1', 1, '1983-12-09 18:52:56', '2005-12-16 23:22:32');
INSERT INTO `media` (`id`, `user_id`, `filename`, `size`, `metadata`, `media_type_id`, `created_at`, `updated_at`) VALUES (137, 37, 'omnis', 0, '2', 2, '1987-06-21 10:47:46', '1981-08-11 14:08:27');
INSERT INTO `media` (`id`, `user_id`, `filename`, `size`, `metadata`, `media_type_id`, `created_at`, `updated_at`) VALUES (138, 38, 'cumque', 5368961, '6', 3, '2002-07-21 19:44:03', '1989-05-31 03:37:03');
INSERT INTO `media` (`id`, `user_id`, `filename`, `size`, `metadata`, `media_type_id`, `created_at`, `updated_at`) VALUES (139, 39, 'saepe', 47042943, '1', 4, '2003-04-19 22:10:24', '1974-04-27 19:22:25');
INSERT INTO `media` (`id`, `user_id`, `filename`, `size`, `metadata`, `media_type_id`, `created_at`, `updated_at`) VALUES (140, 40, 'sed', 96, '2', 5, '1996-02-02 20:31:53', '2005-11-24 10:35:58');
INSERT INTO `media` (`id`, `user_id`, `filename`, `size`, `metadata`, `media_type_id`, `created_at`, `updated_at`) VALUES (141, 41, 'maxime', 203, '4', 1, '2002-02-23 17:53:41', '1976-09-13 16:42:44');
INSERT INTO `media` (`id`, `user_id`, `filename`, `size`, `metadata`, `media_type_id`, `created_at`, `updated_at`) VALUES (142, 42, 'omnis', 4, '8', 2, '1993-09-25 05:56:01', '2001-10-07 00:22:21');
INSERT INTO `media` (`id`, `user_id`, `filename`, `size`, `metadata`, `media_type_id`, `created_at`, `updated_at`) VALUES (143, 43, 'ut', 972298283, '2', 3, '1997-04-21 12:23:02', '2004-09-17 05:39:02');
INSERT INTO `media` (`id`, `user_id`, `filename`, `size`, `metadata`, `media_type_id`, `created_at`, `updated_at`) VALUES (144, 44, 'aut', 447, '2', 4, '2013-09-27 02:05:24', '2016-11-12 21:38:56');
INSERT INTO `media` (`id`, `user_id`, `filename`, `size`, `metadata`, `media_type_id`, `created_at`, `updated_at`) VALUES (145, 45, 'et', 79270662, '8', 5, '1998-12-31 04:38:51', '1994-03-30 01:06:47');
INSERT INTO `media` (`id`, `user_id`, `filename`, `size`, `metadata`, `media_type_id`, `created_at`, `updated_at`) VALUES (146, 46, 'ad', 39736682, '5', 1, '1993-11-05 22:37:19', '2008-02-13 12:40:58');
INSERT INTO `media` (`id`, `user_id`, `filename`, `size`, `metadata`, `media_type_id`, `created_at`, `updated_at`) VALUES (147, 47, 'voluptatem', 28843725, '8', 2, '1979-08-09 12:20:07', '1982-01-26 08:14:59');
INSERT INTO `media` (`id`, `user_id`, `filename`, `size`, `metadata`, `media_type_id`, `created_at`, `updated_at`) VALUES (148, 48, 'est', 81826, '7', 3, '2017-06-05 21:38:29', '2005-05-13 00:56:48');
INSERT INTO `media` (`id`, `user_id`, `filename`, `size`, `metadata`, `media_type_id`, `created_at`, `updated_at`) VALUES (149, 49, 'non', 7621127, '7', 4, '2017-03-11 03:03:20', '2006-01-29 02:26:56');
INSERT INTO `media` (`id`, `user_id`, `filename`, `size`, `metadata`, `media_type_id`, `created_at`, `updated_at`) VALUES (150, 50, 'accusamus', 90, '7', 5, '1983-08-21 09:11:24', '2018-10-19 21:04:54');
INSERT INTO `media` (`id`, `user_id`, `filename`, `size`, `metadata`, `media_type_id`, `created_at`, `updated_at`) VALUES (151, 51, 'omnis', 30633, '6', 1, '1975-09-25 07:57:15', '1992-10-18 03:36:44');
INSERT INTO `media` (`id`, `user_id`, `filename`, `size`, `metadata`, `media_type_id`, `created_at`, `updated_at`) VALUES (152, 52, 'et', 428268, '5', 2, '1984-04-06 17:21:25', '2010-02-16 11:52:52');
INSERT INTO `media` (`id`, `user_id`, `filename`, `size`, `metadata`, `media_type_id`, `created_at`, `updated_at`) VALUES (153, 53, 'voluptates', 426, '7', 3, '1997-05-13 14:03:01', '2006-08-24 13:39:04');
INSERT INTO `media` (`id`, `user_id`, `filename`, `size`, `metadata`, `media_type_id`, `created_at`, `updated_at`) VALUES (154, 54, 'odit', 630746, '4', 4, '2007-09-14 06:35:45', '2014-02-02 21:43:43');
INSERT INTO `media` (`id`, `user_id`, `filename`, `size`, `metadata`, `media_type_id`, `created_at`, `updated_at`) VALUES (155, 55, 'nobis', 778458, '7', 5, '1974-04-30 03:25:27', '1973-03-08 09:13:00');
INSERT INTO `media` (`id`, `user_id`, `filename`, `size`, `metadata`, `media_type_id`, `created_at`, `updated_at`) VALUES (156, 56, 'ad', 18573664, '3', 1, '1986-02-17 04:35:48', '1988-07-31 04:57:55');
INSERT INTO `media` (`id`, `user_id`, `filename`, `size`, `metadata`, `media_type_id`, `created_at`, `updated_at`) VALUES (157, 57, 'voluptas', 1, '5', 2, '2010-06-07 18:37:30', '1990-08-04 00:54:53');
INSERT INTO `media` (`id`, `user_id`, `filename`, `size`, `metadata`, `media_type_id`, `created_at`, `updated_at`) VALUES (158, 58, 'fugiat', 4, '4', 3, '2012-02-04 00:46:57', '2010-10-22 01:30:43');
INSERT INTO `media` (`id`, `user_id`, `filename`, `size`, `metadata`, `media_type_id`, `created_at`, `updated_at`) VALUES (159, 59, 'neque', 0, '8', 4, '2011-10-09 15:58:57', '2006-06-18 14:39:58');
INSERT INTO `media` (`id`, `user_id`, `filename`, `size`, `metadata`, `media_type_id`, `created_at`, `updated_at`) VALUES (160, 60, 'praesentium', 690729105, '7', 5, '2020-07-24 16:57:56', '1997-02-25 22:19:13');
INSERT INTO `media` (`id`, `user_id`, `filename`, `size`, `metadata`, `media_type_id`, `created_at`, `updated_at`) VALUES (161, 61, 'et', 242, '5', 1, '2015-05-17 10:18:22', '1998-06-16 03:49:59');
INSERT INTO `media` (`id`, `user_id`, `filename`, `size`, `metadata`, `media_type_id`, `created_at`, `updated_at`) VALUES (162, 62, 'qui', 69203197, '2', 2, '1996-05-26 08:37:03', '1983-10-06 18:01:15');
INSERT INTO `media` (`id`, `user_id`, `filename`, `size`, `metadata`, `media_type_id`, `created_at`, `updated_at`) VALUES (163, 63, 'iure', 52052838, '3', 3, '2003-09-16 20:15:23', '2020-11-15 22:23:39');
INSERT INTO `media` (`id`, `user_id`, `filename`, `size`, `metadata`, `media_type_id`, `created_at`, `updated_at`) VALUES (164, 64, 'necessitatibus', 683437, '6', 4, '1972-06-26 07:28:28', '1971-02-05 16:14:01');
INSERT INTO `media` (`id`, `user_id`, `filename`, `size`, `metadata`, `media_type_id`, `created_at`, `updated_at`) VALUES (165, 65, 'dignissimos', 9, '9', 5, '2004-04-12 11:08:17', '1997-09-12 19:41:42');
INSERT INTO `media` (`id`, `user_id`, `filename`, `size`, `metadata`, `media_type_id`, `created_at`, `updated_at`) VALUES (166, 66, 'enim', 3776, '9', 1, '2017-02-27 20:27:04', '1987-07-10 04:58:00');
INSERT INTO `media` (`id`, `user_id`, `filename`, `size`, `metadata`, `media_type_id`, `created_at`, `updated_at`) VALUES (167, 67, 'modi', 6745004, '5', 2, '1989-06-02 18:38:01', '1999-06-13 08:59:37');
INSERT INTO `media` (`id`, `user_id`, `filename`, `size`, `metadata`, `media_type_id`, `created_at`, `updated_at`) VALUES (168, 68, 'quam', 0, '8', 3, '1970-09-28 06:33:10', '1993-04-14 03:25:17');
INSERT INTO `media` (`id`, `user_id`, `filename`, `size`, `metadata`, `media_type_id`, `created_at`, `updated_at`) VALUES (169, 69, 'vel', 3, '7', 4, '1992-12-02 10:59:45', '1982-01-05 20:55:16');
INSERT INTO `media` (`id`, `user_id`, `filename`, `size`, `metadata`, `media_type_id`, `created_at`, `updated_at`) VALUES (170, 70, 'eum', 2, '3', 5, '1986-09-07 14:23:26', '1993-01-28 10:10:09');
INSERT INTO `media` (`id`, `user_id`, `filename`, `size`, `metadata`, `media_type_id`, `created_at`, `updated_at`) VALUES (171, 71, 'illo', 415, '7', 1, '2012-08-20 00:35:07', '1997-12-22 02:23:51');
INSERT INTO `media` (`id`, `user_id`, `filename`, `size`, `metadata`, `media_type_id`, `created_at`, `updated_at`) VALUES (172, 72, 'aliquam', 0, '8', 2, '2017-05-03 02:53:11', '1997-04-30 05:38:03');
INSERT INTO `media` (`id`, `user_id`, `filename`, `size`, `metadata`, `media_type_id`, `created_at`, `updated_at`) VALUES (173, 73, 'quam', 40063, '5', 3, '2004-04-10 22:42:41', '1990-04-11 07:35:58');
INSERT INTO `media` (`id`, `user_id`, `filename`, `size`, `metadata`, `media_type_id`, `created_at`, `updated_at`) VALUES (174, 74, 'officiis', 888087627, '1', 4, '1991-05-29 14:42:04', '2016-11-04 08:00:20');
INSERT INTO `media` (`id`, `user_id`, `filename`, `size`, `metadata`, `media_type_id`, `created_at`, `updated_at`) VALUES (175, 75, 'eius', 825668853, '9', 5, '1979-01-09 06:25:55', '2004-09-10 17:55:49');
INSERT INTO `media` (`id`, `user_id`, `filename`, `size`, `metadata`, `media_type_id`, `created_at`, `updated_at`) VALUES (176, 76, 'repellat', 423211945, '5', 1, '1971-08-22 08:43:07', '1994-08-02 13:49:55');
INSERT INTO `media` (`id`, `user_id`, `filename`, `size`, `metadata`, `media_type_id`, `created_at`, `updated_at`) VALUES (177, 77, 'tempora', 6, '2', 2, '1975-09-13 10:45:47', '1988-04-03 13:41:33');
INSERT INTO `media` (`id`, `user_id`, `filename`, `size`, `metadata`, `media_type_id`, `created_at`, `updated_at`) VALUES (178, 78, 'omnis', 24200865, '3', 3, '1982-05-09 20:32:45', '1996-08-19 04:22:45');
INSERT INTO `media` (`id`, `user_id`, `filename`, `size`, `metadata`, `media_type_id`, `created_at`, `updated_at`) VALUES (179, 79, 'magni', 156054676, '1', 4, '1984-07-06 19:20:54', '1982-03-22 20:30:29');
INSERT INTO `media` (`id`, `user_id`, `filename`, `size`, `metadata`, `media_type_id`, `created_at`, `updated_at`) VALUES (180, 80, 'ea', 8326489, '6', 5, '1993-01-30 15:46:50', '2019-06-10 06:55:49');
INSERT INTO `media` (`id`, `user_id`, `filename`, `size`, `metadata`, `media_type_id`, `created_at`, `updated_at`) VALUES (181, 81, 'quae', 21710976, '3', 1, '2018-08-03 16:15:40', '1971-12-01 06:58:46');
INSERT INTO `media` (`id`, `user_id`, `filename`, `size`, `metadata`, `media_type_id`, `created_at`, `updated_at`) VALUES (182, 82, 'sed', 742011007, '8', 2, '2000-04-23 01:01:42', '1975-12-23 08:15:38');
INSERT INTO `media` (`id`, `user_id`, `filename`, `size`, `metadata`, `media_type_id`, `created_at`, `updated_at`) VALUES (183, 83, 'sed', 10386, '5', 3, '2015-10-17 01:32:38', '2012-08-14 13:38:04');
INSERT INTO `media` (`id`, `user_id`, `filename`, `size`, `metadata`, `media_type_id`, `created_at`, `updated_at`) VALUES (184, 84, 'facilis', 70, '8', 4, '2018-05-12 06:57:20', '1992-04-20 21:36:59');
INSERT INTO `media` (`id`, `user_id`, `filename`, `size`, `metadata`, `media_type_id`, `created_at`, `updated_at`) VALUES (185, 85, 'maxime', 399595776, '3', 5, '1999-01-20 22:04:18', '2019-10-20 23:39:30');
INSERT INTO `media` (`id`, `user_id`, `filename`, `size`, `metadata`, `media_type_id`, `created_at`, `updated_at`) VALUES (186, 86, 'qui', 80, '1', 1, '2014-06-18 03:57:41', '1978-05-03 14:21:13');
INSERT INTO `media` (`id`, `user_id`, `filename`, `size`, `metadata`, `media_type_id`, `created_at`, `updated_at`) VALUES (187, 87, 'ratione', 63733, '8', 2, '1975-07-27 16:50:00', '2014-09-12 11:12:23');
INSERT INTO `media` (`id`, `user_id`, `filename`, `size`, `metadata`, `media_type_id`, `created_at`, `updated_at`) VALUES (188, 88, 'aspernatur', 83242, '7', 3, '1972-06-23 06:19:49', '2010-11-22 18:11:23');
INSERT INTO `media` (`id`, `user_id`, `filename`, `size`, `metadata`, `media_type_id`, `created_at`, `updated_at`) VALUES (189, 89, 'iure', 31, '1', 4, '1990-04-28 03:02:26', '1993-07-02 08:56:09');
INSERT INTO `media` (`id`, `user_id`, `filename`, `size`, `metadata`, `media_type_id`, `created_at`, `updated_at`) VALUES (190, 90, 'consectetur', 3426, '2', 5, '1984-05-20 09:53:42', '1986-07-21 20:33:19');
INSERT INTO `media` (`id`, `user_id`, `filename`, `size`, `metadata`, `media_type_id`, `created_at`, `updated_at`) VALUES (191, 91, 'quidem', 0, '7', 1, '2008-10-26 10:12:34', '1972-02-07 02:50:28');
INSERT INTO `media` (`id`, `user_id`, `filename`, `size`, `metadata`, `media_type_id`, `created_at`, `updated_at`) VALUES (192, 92, 'doloribus', 20073785, '6', 2, '2009-01-31 03:11:41', '1996-09-21 19:36:37');
INSERT INTO `media` (`id`, `user_id`, `filename`, `size`, `metadata`, `media_type_id`, `created_at`, `updated_at`) VALUES (193, 93, 'enim', 254, '2', 3, '2016-07-29 03:51:10', '1990-06-16 09:56:35');
INSERT INTO `media` (`id`, `user_id`, `filename`, `size`, `metadata`, `media_type_id`, `created_at`, `updated_at`) VALUES (194, 94, 'dolore', 27078, '2', 4, '1991-01-03 01:17:25', '2013-01-04 16:14:51');
INSERT INTO `media` (`id`, `user_id`, `filename`, `size`, `metadata`, `media_type_id`, `created_at`, `updated_at`) VALUES (195, 95, 'delectus', 80983, '2', 5, '1973-10-14 20:10:43', '1978-10-10 13:48:48');
INSERT INTO `media` (`id`, `user_id`, `filename`, `size`, `metadata`, `media_type_id`, `created_at`, `updated_at`) VALUES (196, 96, 'libero', 8069644, '2', 1, '2012-09-11 18:05:55', '2019-08-04 07:11:24');
INSERT INTO `media` (`id`, `user_id`, `filename`, `size`, `metadata`, `media_type_id`, `created_at`, `updated_at`) VALUES (197, 97, 'vero', 542, '2', 2, '1983-12-08 13:20:04', '1997-08-13 18:49:43');
INSERT INTO `media` (`id`, `user_id`, `filename`, `size`, `metadata`, `media_type_id`, `created_at`, `updated_at`) VALUES (198, 98, 'expedita', 503732, '2', 3, '1992-12-18 21:47:32', '1995-01-01 00:20:09');
INSERT INTO `media` (`id`, `user_id`, `filename`, `size`, `metadata`, `media_type_id`, `created_at`, `updated_at`) VALUES (199, 99, 'quia', 313, '1', 4, '1995-11-14 17:52:23', '1979-03-11 04:56:13');
INSERT INTO `media` (`id`, `user_id`, `filename`, `size`, `metadata`, `media_type_id`, `created_at`, `updated_at`) VALUES (200, 100, 'molestias', 0, '3', 5, '1984-08-12 04:35:21', '1984-09-08 18:53:52');
INSERT INTO `media` (`id`, `user_id`, `filename`, `size`, `metadata`, `media_type_id`, `created_at`, `updated_at`) VALUES (201, 1, 'quas', 49771841, '5', 1, '2014-06-03 18:03:10', '1992-07-18 21:51:49');
INSERT INTO `media` (`id`, `user_id`, `filename`, `size`, `metadata`, `media_type_id`, `created_at`, `updated_at`) VALUES (202, 2, 'voluptas', 92671, '8', 2, '1979-01-02 20:51:02', '1977-08-23 04:12:14');
INSERT INTO `media` (`id`, `user_id`, `filename`, `size`, `metadata`, `media_type_id`, `created_at`, `updated_at`) VALUES (203, 3, 'est', 7, '6', 3, '1982-02-21 17:43:37', '1981-03-20 15:41:50');
INSERT INTO `media` (`id`, `user_id`, `filename`, `size`, `metadata`, `media_type_id`, `created_at`, `updated_at`) VALUES (204, 4, 'veritatis', 801, '6', 4, '1984-12-14 09:27:45', '2009-11-01 19:18:34');
INSERT INTO `media` (`id`, `user_id`, `filename`, `size`, `metadata`, `media_type_id`, `created_at`, `updated_at`) VALUES (205, 5, 'sint', 27, '4', 5, '1972-08-26 09:46:38', '1972-04-20 23:25:37');
INSERT INTO `media` (`id`, `user_id`, `filename`, `size`, `metadata`, `media_type_id`, `created_at`, `updated_at`) VALUES (206, 6, 'placeat', 57184, '2', 1, '2020-03-01 06:59:09', '1997-12-16 15:24:26');
INSERT INTO `media` (`id`, `user_id`, `filename`, `size`, `metadata`, `media_type_id`, `created_at`, `updated_at`) VALUES (207, 7, 'quia', 594, '9', 2, '1975-09-20 00:54:34', '2011-05-08 10:07:34');
INSERT INTO `media` (`id`, `user_id`, `filename`, `size`, `metadata`, `media_type_id`, `created_at`, `updated_at`) VALUES (208, 8, 'et', 5632948, '4', 3, '1995-06-06 16:09:00', '1977-03-01 09:57:50');
INSERT INTO `media` (`id`, `user_id`, `filename`, `size`, `metadata`, `media_type_id`, `created_at`, `updated_at`) VALUES (209, 9, 'quaerat', 29134, '8', 4, '1990-12-01 15:23:31', '1979-12-29 20:28:42');
INSERT INTO `media` (`id`, `user_id`, `filename`, `size`, `metadata`, `media_type_id`, `created_at`, `updated_at`) VALUES (210, 10, 'mollitia', 835, '9', 5, '2012-10-04 00:35:35', '1990-02-12 10:39:21');
INSERT INTO `media` (`id`, `user_id`, `filename`, `size`, `metadata`, `media_type_id`, `created_at`, `updated_at`) VALUES (211, 11, 'quas', 0, '7', 1, '1973-02-24 13:57:35', '2010-01-30 14:38:03');
INSERT INTO `media` (`id`, `user_id`, `filename`, `size`, `metadata`, `media_type_id`, `created_at`, `updated_at`) VALUES (212, 12, 'facilis', 6245, '9', 2, '2008-04-10 08:04:08', '2005-10-15 09:12:32');
INSERT INTO `media` (`id`, `user_id`, `filename`, `size`, `metadata`, `media_type_id`, `created_at`, `updated_at`) VALUES (213, 13, 'beatae', 36862, '4', 3, '1982-09-03 03:39:33', '1971-09-19 05:59:37');
INSERT INTO `media` (`id`, `user_id`, `filename`, `size`, `metadata`, `media_type_id`, `created_at`, `updated_at`) VALUES (214, 14, 'aut', 9, '9', 4, '2014-01-20 11:14:39', '2020-09-18 08:37:32');
INSERT INTO `media` (`id`, `user_id`, `filename`, `size`, `metadata`, `media_type_id`, `created_at`, `updated_at`) VALUES (215, 15, 'aut', 70, '1', 5, '1994-03-12 12:42:05', '1991-07-16 13:54:15');
INSERT INTO `media` (`id`, `user_id`, `filename`, `size`, `metadata`, `media_type_id`, `created_at`, `updated_at`) VALUES (216, 16, 'impedit', 7690, '3', 1, '1985-06-16 03:24:19', '1992-01-19 00:58:38');
INSERT INTO `media` (`id`, `user_id`, `filename`, `size`, `metadata`, `media_type_id`, `created_at`, `updated_at`) VALUES (217, 17, 'adipisci', 810220771, '5', 2, '2001-12-29 17:53:50', '1989-01-10 18:47:42');
INSERT INTO `media` (`id`, `user_id`, `filename`, `size`, `metadata`, `media_type_id`, `created_at`, `updated_at`) VALUES (218, 18, 'beatae', 686910712, '6', 3, '2011-01-19 21:15:15', '2010-11-01 20:15:23');
INSERT INTO `media` (`id`, `user_id`, `filename`, `size`, `metadata`, `media_type_id`, `created_at`, `updated_at`) VALUES (219, 19, 'occaecati', 740, '4', 4, '2010-09-08 08:25:47', '1976-04-20 18:53:26');
INSERT INTO `media` (`id`, `user_id`, `filename`, `size`, `metadata`, `media_type_id`, `created_at`, `updated_at`) VALUES (220, 20, 'omnis', 6, '1', 5, '2006-01-27 05:11:48', '2008-04-28 06:31:46');
INSERT INTO `media` (`id`, `user_id`, `filename`, `size`, `metadata`, `media_type_id`, `created_at`, `updated_at`) VALUES (221, 21, 'libero', 36, '3', 1, '1980-05-13 18:01:25', '1997-04-25 02:17:20');
INSERT INTO `media` (`id`, `user_id`, `filename`, `size`, `metadata`, `media_type_id`, `created_at`, `updated_at`) VALUES (222, 22, 'expedita', 6952, '8', 2, '1998-01-30 16:43:47', '2014-02-04 11:11:17');
INSERT INTO `media` (`id`, `user_id`, `filename`, `size`, `metadata`, `media_type_id`, `created_at`, `updated_at`) VALUES (223, 23, 'minus', 8665002, '3', 3, '1990-05-25 13:16:50', '1997-07-13 01:56:05');
INSERT INTO `media` (`id`, `user_id`, `filename`, `size`, `metadata`, `media_type_id`, `created_at`, `updated_at`) VALUES (224, 24, 'tenetur', 55, '4', 4, '2011-08-14 01:44:39', '2018-06-03 16:50:12');
INSERT INTO `media` (`id`, `user_id`, `filename`, `size`, `metadata`, `media_type_id`, `created_at`, `updated_at`) VALUES (225, 25, 'enim', 71696877, '3', 5, '1973-08-23 19:45:26', '1976-03-06 11:08:35');
INSERT INTO `media` (`id`, `user_id`, `filename`, `size`, `metadata`, `media_type_id`, `created_at`, `updated_at`) VALUES (226, 26, 'quas', 45025231, '7', 1, '2021-01-25 04:32:22', '2013-11-24 05:28:40');
INSERT INTO `media` (`id`, `user_id`, `filename`, `size`, `metadata`, `media_type_id`, `created_at`, `updated_at`) VALUES (227, 27, 'vel', 0, '9', 2, '2000-10-16 05:12:32', '1995-11-24 17:38:38');
INSERT INTO `media` (`id`, `user_id`, `filename`, `size`, `metadata`, `media_type_id`, `created_at`, `updated_at`) VALUES (228, 28, 'id', 28684, '8', 3, '2013-12-13 14:36:11', '2014-04-07 19:57:26');
INSERT INTO `media` (`id`, `user_id`, `filename`, `size`, `metadata`, `media_type_id`, `created_at`, `updated_at`) VALUES (229, 29, 'sit', 44580, '5', 4, '2018-09-10 00:11:58', '1999-10-13 21:43:58');
INSERT INTO `media` (`id`, `user_id`, `filename`, `size`, `metadata`, `media_type_id`, `created_at`, `updated_at`) VALUES (230, 30, 'nihil', 0, '5', 5, '1993-10-16 06:04:18', '1984-07-25 20:50:40');
INSERT INTO `media` (`id`, `user_id`, `filename`, `size`, `metadata`, `media_type_id`, `created_at`, `updated_at`) VALUES (231, 31, 'in', 9, '8', 1, '2003-12-12 12:54:30', '2018-09-30 11:28:06');
INSERT INTO `media` (`id`, `user_id`, `filename`, `size`, `metadata`, `media_type_id`, `created_at`, `updated_at`) VALUES (232, 32, 'eos', 231311, '1', 2, '1970-01-18 08:54:54', '2007-11-22 02:05:11');
INSERT INTO `media` (`id`, `user_id`, `filename`, `size`, `metadata`, `media_type_id`, `created_at`, `updated_at`) VALUES (233, 33, 'et', 6, '5', 3, '1979-09-12 12:07:35', '2008-03-01 13:47:09');
INSERT INTO `media` (`id`, `user_id`, `filename`, `size`, `metadata`, `media_type_id`, `created_at`, `updated_at`) VALUES (234, 34, 'omnis', 77443, '3', 4, '1995-12-10 18:24:31', '2005-07-26 01:37:39');
INSERT INTO `media` (`id`, `user_id`, `filename`, `size`, `metadata`, `media_type_id`, `created_at`, `updated_at`) VALUES (235, 35, 'sint', 735, '2', 5, '1971-11-03 09:30:52', '1987-02-02 20:16:47');
INSERT INTO `media` (`id`, `user_id`, `filename`, `size`, `metadata`, `media_type_id`, `created_at`, `updated_at`) VALUES (236, 36, 'et', 735451, '3', 1, '2001-12-19 05:49:56', '2013-04-22 23:06:05');
INSERT INTO `media` (`id`, `user_id`, `filename`, `size`, `metadata`, `media_type_id`, `created_at`, `updated_at`) VALUES (237, 37, 'officiis', 79752339, '9', 2, '1994-12-29 15:58:23', '2013-08-29 10:42:01');
INSERT INTO `media` (`id`, `user_id`, `filename`, `size`, `metadata`, `media_type_id`, `created_at`, `updated_at`) VALUES (238, 38, 'qui', 0, '2', 3, '1988-01-26 17:42:29', '2018-01-14 00:50:36');
INSERT INTO `media` (`id`, `user_id`, `filename`, `size`, `metadata`, `media_type_id`, `created_at`, `updated_at`) VALUES (239, 39, 'omnis', 4, '6', 4, '2004-03-23 11:36:49', '1988-11-30 08:40:59');
INSERT INTO `media` (`id`, `user_id`, `filename`, `size`, `metadata`, `media_type_id`, `created_at`, `updated_at`) VALUES (240, 40, 'tempora', 521057, '2', 5, '1992-11-25 09:28:25', '2020-08-20 17:53:44');
INSERT INTO `media` (`id`, `user_id`, `filename`, `size`, `metadata`, `media_type_id`, `created_at`, `updated_at`) VALUES (241, 41, 'rerum', 617222, '7', 1, '2017-05-09 15:01:00', '2018-06-01 02:25:47');
INSERT INTO `media` (`id`, `user_id`, `filename`, `size`, `metadata`, `media_type_id`, `created_at`, `updated_at`) VALUES (242, 42, 'fugit', 20905, '5', 2, '2010-10-26 11:16:53', '2004-02-07 13:10:41');
INSERT INTO `media` (`id`, `user_id`, `filename`, `size`, `metadata`, `media_type_id`, `created_at`, `updated_at`) VALUES (243, 43, 'et', 7987, '5', 3, '1999-04-10 03:41:19', '2017-06-13 19:23:49');
INSERT INTO `media` (`id`, `user_id`, `filename`, `size`, `metadata`, `media_type_id`, `created_at`, `updated_at`) VALUES (244, 44, 'voluptas', 54, '8', 4, '1982-02-26 22:53:30', '1975-03-11 17:37:54');
INSERT INTO `media` (`id`, `user_id`, `filename`, `size`, `metadata`, `media_type_id`, `created_at`, `updated_at`) VALUES (245, 45, 'quod', 767, '9', 5, '2009-10-25 00:48:20', '1999-10-03 13:04:44');
INSERT INTO `media` (`id`, `user_id`, `filename`, `size`, `metadata`, `media_type_id`, `created_at`, `updated_at`) VALUES (246, 46, 'autem', 75393392, '7', 1, '1978-06-26 07:49:59', '1986-05-17 05:59:54');
INSERT INTO `media` (`id`, `user_id`, `filename`, `size`, `metadata`, `media_type_id`, `created_at`, `updated_at`) VALUES (247, 47, 'unde', 92124224, '1', 2, '1992-11-02 16:41:59', '1980-10-31 01:10:13');
INSERT INTO `media` (`id`, `user_id`, `filename`, `size`, `metadata`, `media_type_id`, `created_at`, `updated_at`) VALUES (248, 48, 'vero', 94846, '2', 3, '2008-05-24 09:48:50', '1988-03-13 19:03:58');
INSERT INTO `media` (`id`, `user_id`, `filename`, `size`, `metadata`, `media_type_id`, `created_at`, `updated_at`) VALUES (249, 49, 'aut', 0, '4', 4, '1989-06-17 10:13:53', '1991-04-12 10:39:29');
INSERT INTO `media` (`id`, `user_id`, `filename`, `size`, `metadata`, `media_type_id`, `created_at`, `updated_at`) VALUES (250, 50, 'voluptas', 6807366, '9', 5, '1991-02-10 23:05:19', '2006-03-02 21:47:59');
INSERT INTO `media` (`id`, `user_id`, `filename`, `size`, `metadata`, `media_type_id`, `created_at`, `updated_at`) VALUES (251, 51, 'qui', 3743062, '2', 1, '2019-06-04 07:42:26', '2004-08-03 22:38:32');
INSERT INTO `media` (`id`, `user_id`, `filename`, `size`, `metadata`, `media_type_id`, `created_at`, `updated_at`) VALUES (252, 52, 'consequatur', 43185338, '8', 2, '2019-03-20 01:01:00', '1995-11-16 16:38:50');
INSERT INTO `media` (`id`, `user_id`, `filename`, `size`, `metadata`, `media_type_id`, `created_at`, `updated_at`) VALUES (253, 53, 'qui', 190001461, '6', 3, '2020-05-05 19:47:01', '1972-01-11 10:29:44');
INSERT INTO `media` (`id`, `user_id`, `filename`, `size`, `metadata`, `media_type_id`, `created_at`, `updated_at`) VALUES (254, 54, 'tempora', 118826914, '4', 4, '1974-12-15 04:44:26', '1983-03-22 13:07:06');
INSERT INTO `media` (`id`, `user_id`, `filename`, `size`, `metadata`, `media_type_id`, `created_at`, `updated_at`) VALUES (255, 55, 'perspiciatis', 209, '2', 5, '2008-05-31 08:21:30', '1972-02-23 16:10:02');
INSERT INTO `media` (`id`, `user_id`, `filename`, `size`, `metadata`, `media_type_id`, `created_at`, `updated_at`) VALUES (256, 56, 'adipisci', 5785, '5', 1, '1985-06-03 15:29:47', '2020-10-19 17:54:36');
INSERT INTO `media` (`id`, `user_id`, `filename`, `size`, `metadata`, `media_type_id`, `created_at`, `updated_at`) VALUES (257, 57, 'optio', 24713, '5', 2, '1980-05-15 00:51:02', '1975-07-13 11:11:35');
INSERT INTO `media` (`id`, `user_id`, `filename`, `size`, `metadata`, `media_type_id`, `created_at`, `updated_at`) VALUES (258, 58, 'iste', 0, '1', 3, '1997-09-22 11:18:53', '1987-05-30 12:50:50');
INSERT INTO `media` (`id`, `user_id`, `filename`, `size`, `metadata`, `media_type_id`, `created_at`, `updated_at`) VALUES (259, 59, 'qui', 9256594, '6', 4, '2005-11-14 13:37:18', '1995-11-08 12:58:33');
INSERT INTO `media` (`id`, `user_id`, `filename`, `size`, `metadata`, `media_type_id`, `created_at`, `updated_at`) VALUES (260, 60, 'non', 82, '5', 5, '2018-05-22 23:51:21', '1982-04-14 04:48:53');
INSERT INTO `media` (`id`, `user_id`, `filename`, `size`, `metadata`, `media_type_id`, `created_at`, `updated_at`) VALUES (261, 61, 'quia', 67426921, '6', 1, '1997-12-28 13:54:14', '2018-12-29 04:00:23');
INSERT INTO `media` (`id`, `user_id`, `filename`, `size`, `metadata`, `media_type_id`, `created_at`, `updated_at`) VALUES (262, 62, 'aspernatur', 9504, '8', 2, '1972-10-25 19:54:59', '1974-11-10 04:34:28');
INSERT INTO `media` (`id`, `user_id`, `filename`, `size`, `metadata`, `media_type_id`, `created_at`, `updated_at`) VALUES (263, 63, 'eos', 8812397, '8', 3, '2009-05-19 05:16:44', '1995-06-10 09:00:29');
INSERT INTO `media` (`id`, `user_id`, `filename`, `size`, `metadata`, `media_type_id`, `created_at`, `updated_at`) VALUES (264, 64, 'quas', 533, '9', 4, '2017-10-10 03:13:43', '1977-02-03 02:41:30');
INSERT INTO `media` (`id`, `user_id`, `filename`, `size`, `metadata`, `media_type_id`, `created_at`, `updated_at`) VALUES (265, 65, 'quod', 6776237, '9', 5, '1987-08-22 04:42:37', '1973-06-05 11:44:00');
INSERT INTO `media` (`id`, `user_id`, `filename`, `size`, `metadata`, `media_type_id`, `created_at`, `updated_at`) VALUES (266, 66, 'id', 819190, '3', 1, '2002-01-01 19:18:35', '2011-06-28 21:56:31');
INSERT INTO `media` (`id`, `user_id`, `filename`, `size`, `metadata`, `media_type_id`, `created_at`, `updated_at`) VALUES (267, 67, 'pariatur', 2, '6', 2, '1998-09-10 12:05:12', '1977-10-03 05:18:52');
INSERT INTO `media` (`id`, `user_id`, `filename`, `size`, `metadata`, `media_type_id`, `created_at`, `updated_at`) VALUES (268, 68, 'sint', 18, '9', 3, '2020-11-30 19:51:54', '1981-03-31 15:33:15');
INSERT INTO `media` (`id`, `user_id`, `filename`, `size`, `metadata`, `media_type_id`, `created_at`, `updated_at`) VALUES (269, 69, 'sed', 764278, '7', 4, '1996-11-24 20:46:48', '1998-10-03 14:33:37');
INSERT INTO `media` (`id`, `user_id`, `filename`, `size`, `metadata`, `media_type_id`, `created_at`, `updated_at`) VALUES (270, 70, 'qui', 8, '5', 5, '2014-10-17 01:48:38', '2004-05-11 18:28:37');
INSERT INTO `media` (`id`, `user_id`, `filename`, `size`, `metadata`, `media_type_id`, `created_at`, `updated_at`) VALUES (271, 71, 'laboriosam', 96021749, '3', 1, '2006-04-22 02:24:55', '1998-03-13 12:24:31');
INSERT INTO `media` (`id`, `user_id`, `filename`, `size`, `metadata`, `media_type_id`, `created_at`, `updated_at`) VALUES (272, 72, 'adipisci', 861415429, '1', 2, '2005-08-31 16:02:40', '1984-10-16 19:05:51');
INSERT INTO `media` (`id`, `user_id`, `filename`, `size`, `metadata`, `media_type_id`, `created_at`, `updated_at`) VALUES (273, 73, 'harum', 29176, '1', 3, '1987-02-24 02:07:27', '2015-03-15 04:54:48');
INSERT INTO `media` (`id`, `user_id`, `filename`, `size`, `metadata`, `media_type_id`, `created_at`, `updated_at`) VALUES (274, 74, 'repudiandae', 6, '4', 4, '2012-12-12 17:13:38', '1980-05-13 10:17:40');
INSERT INTO `media` (`id`, `user_id`, `filename`, `size`, `metadata`, `media_type_id`, `created_at`, `updated_at`) VALUES (275, 75, 'reiciendis', 824634, '9', 5, '1973-02-10 15:11:05', '2010-02-14 12:30:18');
INSERT INTO `media` (`id`, `user_id`, `filename`, `size`, `metadata`, `media_type_id`, `created_at`, `updated_at`) VALUES (276, 76, 'qui', 7490687, '8', 1, '1974-07-29 19:44:57', '2015-02-07 19:14:37');
INSERT INTO `media` (`id`, `user_id`, `filename`, `size`, `metadata`, `media_type_id`, `created_at`, `updated_at`) VALUES (277, 77, 'laboriosam', 0, '6', 2, '1973-05-09 02:25:59', '2007-06-22 07:40:16');
INSERT INTO `media` (`id`, `user_id`, `filename`, `size`, `metadata`, `media_type_id`, `created_at`, `updated_at`) VALUES (278, 78, 'sit', 0, '5', 3, '2017-09-21 18:32:25', '1983-01-13 20:49:32');
INSERT INTO `media` (`id`, `user_id`, `filename`, `size`, `metadata`, `media_type_id`, `created_at`, `updated_at`) VALUES (279, 79, 'qui', 863365, '1', 4, '1986-02-28 02:06:01', '1976-04-03 09:10:47');
INSERT INTO `media` (`id`, `user_id`, `filename`, `size`, `metadata`, `media_type_id`, `created_at`, `updated_at`) VALUES (280, 80, 'consequatur', 8132487, '2', 5, '1999-01-17 14:38:50', '2008-09-19 02:58:13');
INSERT INTO `media` (`id`, `user_id`, `filename`, `size`, `metadata`, `media_type_id`, `created_at`, `updated_at`) VALUES (281, 81, 'ipsam', 0, '7', 1, '2002-01-06 14:30:47', '2010-07-16 09:15:06');
INSERT INTO `media` (`id`, `user_id`, `filename`, `size`, `metadata`, `media_type_id`, `created_at`, `updated_at`) VALUES (282, 82, 'rem', 151157, '8', 2, '1992-05-17 22:42:08', '1985-02-13 01:40:38');
INSERT INTO `media` (`id`, `user_id`, `filename`, `size`, `metadata`, `media_type_id`, `created_at`, `updated_at`) VALUES (283, 83, 'totam', 52752087, '9', 3, '2013-12-15 14:24:57', '2013-09-21 08:22:40');
INSERT INTO `media` (`id`, `user_id`, `filename`, `size`, `metadata`, `media_type_id`, `created_at`, `updated_at`) VALUES (284, 84, 'sit', 9641, '5', 4, '2013-03-31 21:20:07', '1971-06-17 02:22:55');
INSERT INTO `media` (`id`, `user_id`, `filename`, `size`, `metadata`, `media_type_id`, `created_at`, `updated_at`) VALUES (285, 85, 'facilis', 172, '1', 5, '1978-08-28 10:32:56', '1998-12-09 01:51:13');
INSERT INTO `media` (`id`, `user_id`, `filename`, `size`, `metadata`, `media_type_id`, `created_at`, `updated_at`) VALUES (286, 86, 'non', 88048153, '7', 1, '2009-12-16 15:50:22', '1993-02-19 15:27:13');
INSERT INTO `media` (`id`, `user_id`, `filename`, `size`, `metadata`, `media_type_id`, `created_at`, `updated_at`) VALUES (287, 87, 'possimus', 96038454, '7', 2, '2003-12-17 19:12:02', '2013-10-30 08:03:20');
INSERT INTO `media` (`id`, `user_id`, `filename`, `size`, `metadata`, `media_type_id`, `created_at`, `updated_at`) VALUES (288, 88, 'fugit', 168897, '2', 3, '1998-04-28 01:02:03', '1987-10-08 10:22:05');
INSERT INTO `media` (`id`, `user_id`, `filename`, `size`, `metadata`, `media_type_id`, `created_at`, `updated_at`) VALUES (289, 89, 'labore', 15515, '1', 4, '1986-08-09 10:31:24', '2007-02-16 23:55:52');
INSERT INTO `media` (`id`, `user_id`, `filename`, `size`, `metadata`, `media_type_id`, `created_at`, `updated_at`) VALUES (290, 90, 'itaque', 1520, '5', 5, '1991-11-17 19:28:46', '1980-05-05 22:21:26');
INSERT INTO `media` (`id`, `user_id`, `filename`, `size`, `metadata`, `media_type_id`, `created_at`, `updated_at`) VALUES (291, 91, 'veritatis', 424065661, '4', 1, '2012-01-22 05:17:30', '1987-11-27 09:19:55');
INSERT INTO `media` (`id`, `user_id`, `filename`, `size`, `metadata`, `media_type_id`, `created_at`, `updated_at`) VALUES (292, 92, 'facilis', 18, '6', 2, '2018-12-19 05:51:21', '1993-11-01 20:11:59');
INSERT INTO `media` (`id`, `user_id`, `filename`, `size`, `metadata`, `media_type_id`, `created_at`, `updated_at`) VALUES (293, 93, 'quod', 0, '2', 3, '1984-02-09 06:03:55', '1994-03-25 12:46:47');
INSERT INTO `media` (`id`, `user_id`, `filename`, `size`, `metadata`, `media_type_id`, `created_at`, `updated_at`) VALUES (294, 94, 'ad', 946, '3', 4, '1984-08-10 03:33:10', '2015-02-07 17:24:44');
INSERT INTO `media` (`id`, `user_id`, `filename`, `size`, `metadata`, `media_type_id`, `created_at`, `updated_at`) VALUES (295, 95, 'minima', 5675807, '9', 5, '2005-01-27 09:03:06', '2021-04-01 08:15:03');
INSERT INTO `media` (`id`, `user_id`, `filename`, `size`, `metadata`, `media_type_id`, `created_at`, `updated_at`) VALUES (296, 96, 'maxime', 433225270, '7', 1, '1973-12-05 23:42:48', '1990-09-20 11:04:58');
INSERT INTO `media` (`id`, `user_id`, `filename`, `size`, `metadata`, `media_type_id`, `created_at`, `updated_at`) VALUES (297, 97, 'et', 4100, '8', 2, '1989-11-05 14:23:24', '1995-09-04 11:43:21');
INSERT INTO `media` (`id`, `user_id`, `filename`, `size`, `metadata`, `media_type_id`, `created_at`, `updated_at`) VALUES (298, 98, 'unde', 8090, '6', 3, '2002-10-24 17:49:13', '1993-06-05 20:09:15');
INSERT INTO `media` (`id`, `user_id`, `filename`, `size`, `metadata`, `media_type_id`, `created_at`, `updated_at`) VALUES (299, 99, 'quia', 7277, '5', 4, '2005-08-07 09:08:50', '1983-11-06 18:26:10');
INSERT INTO `media` (`id`, `user_id`, `filename`, `size`, `metadata`, `media_type_id`, `created_at`, `updated_at`) VALUES (300, 100, 'unde', 57587, '3', 5, '1997-01-02 19:31:14', '1993-06-28 08:23:28');
INSERT INTO `media` (`id`, `user_id`, `filename`, `size`, `metadata`, `media_type_id`, `created_at`, `updated_at`) VALUES (301, 1, 'cum', 80693087, '9', 1, '2011-05-19 10:48:43', '2012-11-11 11:13:03');
INSERT INTO `media` (`id`, `user_id`, `filename`, `size`, `metadata`, `media_type_id`, `created_at`, `updated_at`) VALUES (302, 2, 'omnis', 7885977, '8', 2, '2015-06-24 14:55:35', '1995-07-05 06:07:57');
INSERT INTO `media` (`id`, `user_id`, `filename`, `size`, `metadata`, `media_type_id`, `created_at`, `updated_at`) VALUES (303, 3, 'quo', 0, '5', 3, '2002-01-19 15:43:30', '2000-08-10 16:03:52');
INSERT INTO `media` (`id`, `user_id`, `filename`, `size`, `metadata`, `media_type_id`, `created_at`, `updated_at`) VALUES (304, 4, 'laborum', 451597, '5', 4, '2008-04-19 06:42:19', '2015-11-16 20:26:44');
INSERT INTO `media` (`id`, `user_id`, `filename`, `size`, `metadata`, `media_type_id`, `created_at`, `updated_at`) VALUES (305, 5, 'non', 659695, '2', 5, '1989-01-18 13:54:14', '1994-10-09 20:42:03');
INSERT INTO `media` (`id`, `user_id`, `filename`, `size`, `metadata`, `media_type_id`, `created_at`, `updated_at`) VALUES (306, 6, 'necessitatibus', 76979945, '1', 1, '2009-01-26 13:57:23', '2019-12-23 05:21:43');
INSERT INTO `media` (`id`, `user_id`, `filename`, `size`, `metadata`, `media_type_id`, `created_at`, `updated_at`) VALUES (307, 7, 'perferendis', 731535552, '2', 2, '2013-04-28 02:07:52', '1996-08-15 02:55:42');
INSERT INTO `media` (`id`, `user_id`, `filename`, `size`, `metadata`, `media_type_id`, `created_at`, `updated_at`) VALUES (308, 8, 'est', 22607, '5', 3, '2006-12-05 05:39:39', '1998-08-29 21:18:11');
INSERT INTO `media` (`id`, `user_id`, `filename`, `size`, `metadata`, `media_type_id`, `created_at`, `updated_at`) VALUES (309, 9, 'pariatur', 7565661, '5', 4, '1995-01-17 22:47:07', '2010-12-01 02:31:56');
INSERT INTO `media` (`id`, `user_id`, `filename`, `size`, `metadata`, `media_type_id`, `created_at`, `updated_at`) VALUES (310, 10, 'tempore', 23, '3', 5, '2016-02-01 10:30:29', '1994-12-06 04:29:17');
INSERT INTO `media` (`id`, `user_id`, `filename`, `size`, `metadata`, `media_type_id`, `created_at`, `updated_at`) VALUES (311, 11, 'nostrum', 8, '9', 1, '2019-08-15 01:52:00', '2011-11-24 10:51:41');
INSERT INTO `media` (`id`, `user_id`, `filename`, `size`, `metadata`, `media_type_id`, `created_at`, `updated_at`) VALUES (312, 12, 'ut', 100564, '4', 2, '1996-06-04 12:38:46', '2020-05-29 02:43:14');
INSERT INTO `media` (`id`, `user_id`, `filename`, `size`, `metadata`, `media_type_id`, `created_at`, `updated_at`) VALUES (313, 13, 'sit', 223304, '5', 3, '2017-01-07 18:33:26', '2000-09-30 13:57:54');
INSERT INTO `media` (`id`, `user_id`, `filename`, `size`, `metadata`, `media_type_id`, `created_at`, `updated_at`) VALUES (314, 14, 'id', 47, '1', 4, '1994-11-10 22:22:51', '1986-08-28 13:39:28');
INSERT INTO `media` (`id`, `user_id`, `filename`, `size`, `metadata`, `media_type_id`, `created_at`, `updated_at`) VALUES (315, 15, 'voluptatum', 601, '8', 5, '1995-03-18 06:49:43', '1991-05-25 21:01:15');
INSERT INTO `media` (`id`, `user_id`, `filename`, `size`, `metadata`, `media_type_id`, `created_at`, `updated_at`) VALUES (316, 16, 'aperiam', 194519, '1', 1, '1998-09-12 02:58:05', '2007-09-04 14:41:39');
INSERT INTO `media` (`id`, `user_id`, `filename`, `size`, `metadata`, `media_type_id`, `created_at`, `updated_at`) VALUES (317, 17, 'mollitia', 526399, '7', 2, '2013-12-14 13:09:21', '2010-02-27 17:25:02');
INSERT INTO `media` (`id`, `user_id`, `filename`, `size`, `metadata`, `media_type_id`, `created_at`, `updated_at`) VALUES (318, 18, 'enim', 652350, '8', 3, '1997-02-25 12:14:14', '1990-04-24 07:51:29');
INSERT INTO `media` (`id`, `user_id`, `filename`, `size`, `metadata`, `media_type_id`, `created_at`, `updated_at`) VALUES (319, 19, 'doloribus', 33137, '8', 4, '2000-10-13 20:14:16', '2006-04-13 03:54:00');
INSERT INTO `media` (`id`, `user_id`, `filename`, `size`, `metadata`, `media_type_id`, `created_at`, `updated_at`) VALUES (320, 20, 'quaerat', 876, '5', 5, '1972-01-28 13:55:33', '2006-11-04 05:15:40');
INSERT INTO `media` (`id`, `user_id`, `filename`, `size`, `metadata`, `media_type_id`, `created_at`, `updated_at`) VALUES (321, 21, 'id', 97662144, '7', 1, '1979-04-30 10:05:22', '1985-12-13 09:23:19');
INSERT INTO `media` (`id`, `user_id`, `filename`, `size`, `metadata`, `media_type_id`, `created_at`, `updated_at`) VALUES (322, 22, 'ex', 1, '3', 2, '2001-10-30 13:23:32', '1976-09-15 03:39:25');
INSERT INTO `media` (`id`, `user_id`, `filename`, `size`, `metadata`, `media_type_id`, `created_at`, `updated_at`) VALUES (323, 23, 'quas', 98, '2', 3, '2018-11-09 05:28:42', '1978-05-08 23:33:28');
INSERT INTO `media` (`id`, `user_id`, `filename`, `size`, `metadata`, `media_type_id`, `created_at`, `updated_at`) VALUES (324, 24, 'aliquid', 5412625, '9', 4, '1975-08-14 11:01:12', '1983-06-26 22:03:49');
INSERT INTO `media` (`id`, `user_id`, `filename`, `size`, `metadata`, `media_type_id`, `created_at`, `updated_at`) VALUES (325, 25, 'omnis', 6356294, '3', 5, '2008-06-28 04:59:18', '1993-08-30 00:33:12');
INSERT INTO `media` (`id`, `user_id`, `filename`, `size`, `metadata`, `media_type_id`, `created_at`, `updated_at`) VALUES (326, 26, 'modi', 0, '6', 1, '2018-10-14 21:17:53', '1970-09-29 21:32:36');
INSERT INTO `media` (`id`, `user_id`, `filename`, `size`, `metadata`, `media_type_id`, `created_at`, `updated_at`) VALUES (327, 27, 'iste', 24328547, '3', 2, '2002-12-11 16:33:41', '2002-12-21 07:44:11');
INSERT INTO `media` (`id`, `user_id`, `filename`, `size`, `metadata`, `media_type_id`, `created_at`, `updated_at`) VALUES (328, 28, 'eveniet', 4, '4', 3, '1985-11-30 07:15:37', '1988-03-16 00:49:07');
INSERT INTO `media` (`id`, `user_id`, `filename`, `size`, `metadata`, `media_type_id`, `created_at`, `updated_at`) VALUES (329, 29, 'et', 57475991, '2', 4, '1991-08-25 01:56:05', '1992-11-21 22:03:15');
INSERT INTO `media` (`id`, `user_id`, `filename`, `size`, `metadata`, `media_type_id`, `created_at`, `updated_at`) VALUES (330, 30, 'ut', 10170450, '8', 5, '1971-10-25 15:08:20', '1984-08-19 10:47:15');
INSERT INTO `media` (`id`, `user_id`, `filename`, `size`, `metadata`, `media_type_id`, `created_at`, `updated_at`) VALUES (331, 31, 'rem', 4518887, '8', 1, '1993-08-03 13:47:01', '2004-07-07 16:10:53');
INSERT INTO `media` (`id`, `user_id`, `filename`, `size`, `metadata`, `media_type_id`, `created_at`, `updated_at`) VALUES (332, 32, 'corrupti', 49505078, '3', 2, '2019-05-14 18:57:37', '2001-04-05 04:43:10');
INSERT INTO `media` (`id`, `user_id`, `filename`, `size`, `metadata`, `media_type_id`, `created_at`, `updated_at`) VALUES (333, 33, 'expedita', 543, '4', 3, '1995-07-23 04:57:58', '2013-03-16 08:32:11');
INSERT INTO `media` (`id`, `user_id`, `filename`, `size`, `metadata`, `media_type_id`, `created_at`, `updated_at`) VALUES (334, 34, 'nemo', 54, '1', 4, '1990-07-26 07:11:10', '2020-10-10 14:20:06');
INSERT INTO `media` (`id`, `user_id`, `filename`, `size`, `metadata`, `media_type_id`, `created_at`, `updated_at`) VALUES (335, 35, 'recusandae', 6, '7', 5, '2015-04-13 02:29:12', '2015-03-25 11:37:23');
INSERT INTO `media` (`id`, `user_id`, `filename`, `size`, `metadata`, `media_type_id`, `created_at`, `updated_at`) VALUES (336, 36, 'et', 3296, '4', 1, '1990-05-25 19:42:42', '1995-03-10 06:15:58');
INSERT INTO `media` (`id`, `user_id`, `filename`, `size`, `metadata`, `media_type_id`, `created_at`, `updated_at`) VALUES (337, 37, 'quasi', 39477, '4', 2, '1999-10-20 06:26:14', '1970-07-03 18:05:36');
INSERT INTO `media` (`id`, `user_id`, `filename`, `size`, `metadata`, `media_type_id`, `created_at`, `updated_at`) VALUES (338, 38, 'voluptas', 9520, '5', 3, '1999-04-28 17:48:58', '1998-09-10 20:37:55');
INSERT INTO `media` (`id`, `user_id`, `filename`, `size`, `metadata`, `media_type_id`, `created_at`, `updated_at`) VALUES (339, 39, 'repudiandae', 328203843, '5', 4, '1984-01-22 09:58:01', '1995-09-30 09:57:53');
INSERT INTO `media` (`id`, `user_id`, `filename`, `size`, `metadata`, `media_type_id`, `created_at`, `updated_at`) VALUES (340, 40, 'exercitationem', 0, '6', 5, '2007-03-16 11:05:13', '1997-02-17 10:45:32');
INSERT INTO `media` (`id`, `user_id`, `filename`, `size`, `metadata`, `media_type_id`, `created_at`, `updated_at`) VALUES (341, 41, 'animi', 1, '6', 1, '2021-02-27 11:06:12', '2011-11-14 00:23:29');
INSERT INTO `media` (`id`, `user_id`, `filename`, `size`, `metadata`, `media_type_id`, `created_at`, `updated_at`) VALUES (342, 42, 'corrupti', 376, '5', 2, '1981-12-16 13:44:15', '2010-06-18 14:31:50');
INSERT INTO `media` (`id`, `user_id`, `filename`, `size`, `metadata`, `media_type_id`, `created_at`, `updated_at`) VALUES (343, 43, 'officiis', 0, '9', 3, '2018-04-16 04:52:17', '1988-12-02 20:14:31');
INSERT INTO `media` (`id`, `user_id`, `filename`, `size`, `metadata`, `media_type_id`, `created_at`, `updated_at`) VALUES (344, 44, 'ducimus', 8188, '1', 4, '2021-04-12 03:24:00', '2019-01-25 20:33:28');
INSERT INTO `media` (`id`, `user_id`, `filename`, `size`, `metadata`, `media_type_id`, `created_at`, `updated_at`) VALUES (345, 45, 'aspernatur', 2, '2', 5, '1993-05-05 21:28:52', '1981-09-08 19:16:44');
INSERT INTO `media` (`id`, `user_id`, `filename`, `size`, `metadata`, `media_type_id`, `created_at`, `updated_at`) VALUES (346, 46, 'quasi', 55145, '8', 1, '1996-07-13 22:25:30', '1996-04-25 18:45:48');
INSERT INTO `media` (`id`, `user_id`, `filename`, `size`, `metadata`, `media_type_id`, `created_at`, `updated_at`) VALUES (347, 47, 'est', 414728073, '9', 2, '2009-08-04 06:07:47', '1970-09-28 19:45:18');
INSERT INTO `media` (`id`, `user_id`, `filename`, `size`, `metadata`, `media_type_id`, `created_at`, `updated_at`) VALUES (348, 48, 'autem', 517, '2', 3, '1993-12-08 00:25:09', '1994-03-08 12:24:22');
INSERT INTO `media` (`id`, `user_id`, `filename`, `size`, `metadata`, `media_type_id`, `created_at`, `updated_at`) VALUES (349, 49, 'molestiae', 2055523, '1', 4, '1982-04-29 04:45:03', '2019-08-23 16:04:08');
INSERT INTO `media` (`id`, `user_id`, `filename`, `size`, `metadata`, `media_type_id`, `created_at`, `updated_at`) VALUES (350, 50, 'aliquam', 998, '9', 5, '1993-10-25 17:35:36', '2021-01-20 10:31:00');
INSERT INTO `media` (`id`, `user_id`, `filename`, `size`, `metadata`, `media_type_id`, `created_at`, `updated_at`) VALUES (351, 51, 'cupiditate', 31026100, '6', 1, '2016-08-26 04:24:33', '1997-11-26 19:47:25');
INSERT INTO `media` (`id`, `user_id`, `filename`, `size`, `metadata`, `media_type_id`, `created_at`, `updated_at`) VALUES (352, 52, 'molestiae', 6873888, '4', 2, '1981-10-20 18:41:08', '2001-02-06 16:55:04');
INSERT INTO `media` (`id`, `user_id`, `filename`, `size`, `metadata`, `media_type_id`, `created_at`, `updated_at`) VALUES (353, 53, 'rerum', 70, '2', 3, '1993-04-15 05:31:20', '2017-12-11 12:06:29');
INSERT INTO `media` (`id`, `user_id`, `filename`, `size`, `metadata`, `media_type_id`, `created_at`, `updated_at`) VALUES (354, 54, 'illum', 922412, '1', 4, '1978-12-24 00:38:59', '2004-05-15 15:30:31');
INSERT INTO `media` (`id`, `user_id`, `filename`, `size`, `metadata`, `media_type_id`, `created_at`, `updated_at`) VALUES (355, 55, 'et', 324848820, '4', 5, '1998-08-02 22:10:04', '1996-09-20 16:29:41');
INSERT INTO `media` (`id`, `user_id`, `filename`, `size`, `metadata`, `media_type_id`, `created_at`, `updated_at`) VALUES (356, 56, 'quis', 6, '7', 1, '2007-03-09 20:33:18', '1987-08-19 08:53:57');
INSERT INTO `media` (`id`, `user_id`, `filename`, `size`, `metadata`, `media_type_id`, `created_at`, `updated_at`) VALUES (357, 57, 'qui', 86, '2', 2, '1985-04-22 02:11:38', '2007-08-25 16:57:48');
INSERT INTO `media` (`id`, `user_id`, `filename`, `size`, `metadata`, `media_type_id`, `created_at`, `updated_at`) VALUES (358, 58, 'sed', 9647303, '9', 3, '1973-03-15 01:56:48', '2008-12-24 14:51:59');
INSERT INTO `media` (`id`, `user_id`, `filename`, `size`, `metadata`, `media_type_id`, `created_at`, `updated_at`) VALUES (359, 59, 'porro', 36399748, '9', 4, '1994-07-28 07:05:58', '1974-07-12 15:43:59');
INSERT INTO `media` (`id`, `user_id`, `filename`, `size`, `metadata`, `media_type_id`, `created_at`, `updated_at`) VALUES (360, 60, 'iusto', 780837, '1', 5, '2014-11-07 10:18:23', '1998-01-03 19:53:48');
INSERT INTO `media` (`id`, `user_id`, `filename`, `size`, `metadata`, `media_type_id`, `created_at`, `updated_at`) VALUES (361, 61, 'ab', 7504, '2', 1, '1983-04-14 05:35:30', '1991-07-27 18:20:57');
INSERT INTO `media` (`id`, `user_id`, `filename`, `size`, `metadata`, `media_type_id`, `created_at`, `updated_at`) VALUES (362, 62, 'qui', 8380060, '8', 2, '2013-05-23 18:04:16', '2009-09-17 03:15:01');
INSERT INTO `media` (`id`, `user_id`, `filename`, `size`, `metadata`, `media_type_id`, `created_at`, `updated_at`) VALUES (363, 63, 'occaecati', 91498, '1', 3, '1992-05-12 21:40:28', '1991-08-05 21:39:01');
INSERT INTO `media` (`id`, `user_id`, `filename`, `size`, `metadata`, `media_type_id`, `created_at`, `updated_at`) VALUES (364, 64, 'iure', 18895, '9', 4, '1993-03-08 17:13:55', '2006-06-19 21:06:08');
INSERT INTO `media` (`id`, `user_id`, `filename`, `size`, `metadata`, `media_type_id`, `created_at`, `updated_at`) VALUES (365, 65, 'eos', 9, '7', 5, '1990-09-17 16:23:29', '2011-03-25 01:18:20');
INSERT INTO `media` (`id`, `user_id`, `filename`, `size`, `metadata`, `media_type_id`, `created_at`, `updated_at`) VALUES (366, 66, 'molestiae', 2, '4', 1, '2018-03-03 08:08:56', '1997-03-23 06:53:26');
INSERT INTO `media` (`id`, `user_id`, `filename`, `size`, `metadata`, `media_type_id`, `created_at`, `updated_at`) VALUES (367, 67, 'atque', 111, '9', 2, '2020-04-11 00:15:40', '2014-12-28 05:44:48');
INSERT INTO `media` (`id`, `user_id`, `filename`, `size`, `metadata`, `media_type_id`, `created_at`, `updated_at`) VALUES (368, 68, 'voluptas', 193355259, '3', 3, '2014-08-06 14:05:08', '1980-12-05 17:18:55');
INSERT INTO `media` (`id`, `user_id`, `filename`, `size`, `metadata`, `media_type_id`, `created_at`, `updated_at`) VALUES (369, 69, 'voluptatem', 5926952, '6', 4, '1971-11-29 13:06:48', '1997-05-01 15:24:48');
INSERT INTO `media` (`id`, `user_id`, `filename`, `size`, `metadata`, `media_type_id`, `created_at`, `updated_at`) VALUES (370, 70, 'non', 7912, '7', 5, '1990-10-25 00:42:47', '1971-07-20 21:10:11');
INSERT INTO `media` (`id`, `user_id`, `filename`, `size`, `metadata`, `media_type_id`, `created_at`, `updated_at`) VALUES (371, 71, 'ut', 36, '3', 1, '2000-12-14 20:47:56', '1992-05-21 14:56:24');
INSERT INTO `media` (`id`, `user_id`, `filename`, `size`, `metadata`, `media_type_id`, `created_at`, `updated_at`) VALUES (372, 72, 'qui', 92881, '1', 2, '2004-08-04 14:08:47', '1973-06-10 10:05:18');
INSERT INTO `media` (`id`, `user_id`, `filename`, `size`, `metadata`, `media_type_id`, `created_at`, `updated_at`) VALUES (373, 73, 'itaque', 93134, '5', 3, '1983-07-07 19:29:30', '1974-01-16 00:37:51');
INSERT INTO `media` (`id`, `user_id`, `filename`, `size`, `metadata`, `media_type_id`, `created_at`, `updated_at`) VALUES (374, 74, 'alias', 0, '5', 4, '1983-01-23 00:31:44', '1989-09-15 04:22:50');
INSERT INTO `media` (`id`, `user_id`, `filename`, `size`, `metadata`, `media_type_id`, `created_at`, `updated_at`) VALUES (375, 75, 'nisi', 264817369, '4', 5, '1985-12-07 15:20:39', '1977-07-29 14:19:03');
INSERT INTO `media` (`id`, `user_id`, `filename`, `size`, `metadata`, `media_type_id`, `created_at`, `updated_at`) VALUES (376, 76, 'cum', 96851, '1', 1, '1978-07-20 10:09:29', '2020-08-20 09:05:59');
INSERT INTO `media` (`id`, `user_id`, `filename`, `size`, `metadata`, `media_type_id`, `created_at`, `updated_at`) VALUES (377, 77, 'quam', 740772, '6', 2, '1985-09-13 21:41:45', '1975-06-21 04:24:18');
INSERT INTO `media` (`id`, `user_id`, `filename`, `size`, `metadata`, `media_type_id`, `created_at`, `updated_at`) VALUES (378, 78, 'voluptas', 5404730, '1', 3, '2017-11-28 09:00:45', '2003-02-24 17:27:22');
INSERT INTO `media` (`id`, `user_id`, `filename`, `size`, `metadata`, `media_type_id`, `created_at`, `updated_at`) VALUES (379, 79, 'laudantium', 747727, '7', 4, '1976-04-07 08:51:46', '2010-06-09 09:45:24');
INSERT INTO `media` (`id`, `user_id`, `filename`, `size`, `metadata`, `media_type_id`, `created_at`, `updated_at`) VALUES (380, 80, 'autem', 0, '3', 5, '1991-02-07 18:10:39', '1970-10-25 10:10:39');
INSERT INTO `media` (`id`, `user_id`, `filename`, `size`, `metadata`, `media_type_id`, `created_at`, `updated_at`) VALUES (381, 81, 'voluptas', 840, '3', 1, '1987-04-17 17:37:02', '1976-01-04 11:36:49');
INSERT INTO `media` (`id`, `user_id`, `filename`, `size`, `metadata`, `media_type_id`, `created_at`, `updated_at`) VALUES (382, 82, 'ab', 958027, '2', 2, '1974-06-26 05:29:41', '1996-12-27 20:47:15');
INSERT INTO `media` (`id`, `user_id`, `filename`, `size`, `metadata`, `media_type_id`, `created_at`, `updated_at`) VALUES (383, 83, 'asperiores', 89, '6', 3, '1982-01-01 12:16:00', '1985-05-19 08:23:05');
INSERT INTO `media` (`id`, `user_id`, `filename`, `size`, `metadata`, `media_type_id`, `created_at`, `updated_at`) VALUES (384, 84, 'ullam', 1145767, '9', 4, '2006-07-31 14:50:54', '2011-05-08 04:42:51');
INSERT INTO `media` (`id`, `user_id`, `filename`, `size`, `metadata`, `media_type_id`, `created_at`, `updated_at`) VALUES (385, 85, 'et', 813, '9', 5, '1999-12-07 02:41:42', '1970-04-16 03:07:11');
INSERT INTO `media` (`id`, `user_id`, `filename`, `size`, `metadata`, `media_type_id`, `created_at`, `updated_at`) VALUES (386, 86, 'eius', 0, '4', 1, '1972-04-18 17:57:37', '1970-10-24 10:53:05');
INSERT INTO `media` (`id`, `user_id`, `filename`, `size`, `metadata`, `media_type_id`, `created_at`, `updated_at`) VALUES (387, 87, 'architecto', 21181, '7', 2, '1977-04-10 01:13:07', '1970-06-30 04:34:22');
INSERT INTO `media` (`id`, `user_id`, `filename`, `size`, `metadata`, `media_type_id`, `created_at`, `updated_at`) VALUES (388, 88, 'nesciunt', 0, '4', 3, '1981-07-14 01:32:34', '1998-07-12 11:03:40');
INSERT INTO `media` (`id`, `user_id`, `filename`, `size`, `metadata`, `media_type_id`, `created_at`, `updated_at`) VALUES (389, 89, 'autem', 6686080, '6', 4, '1991-04-22 04:50:13', '2001-12-23 08:02:08');
INSERT INTO `media` (`id`, `user_id`, `filename`, `size`, `metadata`, `media_type_id`, `created_at`, `updated_at`) VALUES (390, 90, 'laudantium', 1, '3', 5, '2009-12-30 20:21:47', '2006-08-24 20:30:40');
INSERT INTO `media` (`id`, `user_id`, `filename`, `size`, `metadata`, `media_type_id`, `created_at`, `updated_at`) VALUES (391, 91, 'dolorem', 0, '7', 1, '1995-07-23 08:24:36', '2007-04-07 07:20:34');
INSERT INTO `media` (`id`, `user_id`, `filename`, `size`, `metadata`, `media_type_id`, `created_at`, `updated_at`) VALUES (392, 92, 'eligendi', 11908133, '8', 2, '2000-03-12 14:59:19', '2000-07-17 00:45:04');
INSERT INTO `media` (`id`, `user_id`, `filename`, `size`, `metadata`, `media_type_id`, `created_at`, `updated_at`) VALUES (393, 93, 'nesciunt', 357438, '8', 3, '1976-09-06 13:03:19', '1980-10-02 20:40:55');
INSERT INTO `media` (`id`, `user_id`, `filename`, `size`, `metadata`, `media_type_id`, `created_at`, `updated_at`) VALUES (394, 94, 'autem', 997688428, '9', 4, '1977-08-27 10:40:42', '1995-03-25 00:20:26');
INSERT INTO `media` (`id`, `user_id`, `filename`, `size`, `metadata`, `media_type_id`, `created_at`, `updated_at`) VALUES (395, 95, 'ut', 5202, '3', 5, '1973-09-21 01:47:24', '2000-08-25 06:21:23');
INSERT INTO `media` (`id`, `user_id`, `filename`, `size`, `metadata`, `media_type_id`, `created_at`, `updated_at`) VALUES (396, 96, 'rerum', 234, '7', 1, '1975-09-10 14:15:46', '1981-10-10 17:49:58');
INSERT INTO `media` (`id`, `user_id`, `filename`, `size`, `metadata`, `media_type_id`, `created_at`, `updated_at`) VALUES (397, 97, 'molestias', 83075, '3', 2, '1995-12-14 21:19:24', '1999-04-02 11:20:08');
INSERT INTO `media` (`id`, `user_id`, `filename`, `size`, `metadata`, `media_type_id`, `created_at`, `updated_at`) VALUES (398, 98, 'et', 0, '6', 3, '1996-11-21 23:02:20', '1991-07-07 07:12:44');
INSERT INTO `media` (`id`, `user_id`, `filename`, `size`, `metadata`, `media_type_id`, `created_at`, `updated_at`) VALUES (399, 99, 'ex', 1, '9', 4, '2010-02-24 13:21:16', '2019-11-10 11:31:15');
INSERT INTO `media` (`id`, `user_id`, `filename`, `size`, `metadata`, `media_type_id`, `created_at`, `updated_at`) VALUES (400, 100, 'illo', 0, '1', 5, '1984-06-30 13:24:56', '1990-11-10 16:39:32');
INSERT INTO `media` (`id`, `user_id`, `filename`, `size`, `metadata`, `media_type_id`, `created_at`, `updated_at`) VALUES (401, 1, 'non', 545955, '6', 1, '1989-07-26 08:09:50', '1981-03-15 22:20:13');
INSERT INTO `media` (`id`, `user_id`, `filename`, `size`, `metadata`, `media_type_id`, `created_at`, `updated_at`) VALUES (402, 2, 'est', 886554, '3', 2, '2018-11-01 01:58:54', '1977-06-29 18:31:25');
INSERT INTO `media` (`id`, `user_id`, `filename`, `size`, `metadata`, `media_type_id`, `created_at`, `updated_at`) VALUES (403, 3, 'deserunt', 81283, '6', 3, '2009-09-23 23:10:09', '2007-06-26 06:20:19');
INSERT INTO `media` (`id`, `user_id`, `filename`, `size`, `metadata`, `media_type_id`, `created_at`, `updated_at`) VALUES (404, 4, 'quis', 2634592, '7', 4, '1978-10-10 23:59:47', '2008-10-09 13:21:43');
INSERT INTO `media` (`id`, `user_id`, `filename`, `size`, `metadata`, `media_type_id`, `created_at`, `updated_at`) VALUES (405, 5, 'quisquam', 46365, '7', 5, '2013-12-29 11:10:07', '2019-10-29 03:02:08');
INSERT INTO `media` (`id`, `user_id`, `filename`, `size`, `metadata`, `media_type_id`, `created_at`, `updated_at`) VALUES (406, 6, 'mollitia', 84747, '7', 1, '1972-02-25 18:51:28', '1976-10-12 23:31:47');
INSERT INTO `media` (`id`, `user_id`, `filename`, `size`, `metadata`, `media_type_id`, `created_at`, `updated_at`) VALUES (407, 7, 'quia', 0, '6', 2, '2001-11-07 05:29:17', '1993-02-18 23:15:54');
INSERT INTO `media` (`id`, `user_id`, `filename`, `size`, `metadata`, `media_type_id`, `created_at`, `updated_at`) VALUES (408, 8, 'perspiciatis', 122, '1', 3, '1972-11-29 22:46:25', '1983-05-23 17:33:07');
INSERT INTO `media` (`id`, `user_id`, `filename`, `size`, `metadata`, `media_type_id`, `created_at`, `updated_at`) VALUES (409, 9, 'dignissimos', 90, '7', 4, '1977-01-25 15:15:40', '1977-02-01 07:00:56');
INSERT INTO `media` (`id`, `user_id`, `filename`, `size`, `metadata`, `media_type_id`, `created_at`, `updated_at`) VALUES (410, 10, 'quasi', 1, '2', 5, '1988-10-07 06:49:29', '1973-08-09 02:59:42');
INSERT INTO `media` (`id`, `user_id`, `filename`, `size`, `metadata`, `media_type_id`, `created_at`, `updated_at`) VALUES (411, 11, 'aut', 63667, '8', 1, '1986-02-21 23:53:39', '2006-08-03 12:27:09');
INSERT INTO `media` (`id`, `user_id`, `filename`, `size`, `metadata`, `media_type_id`, `created_at`, `updated_at`) VALUES (412, 12, 'voluptates', 260, '7', 2, '1989-04-26 16:07:47', '2016-09-29 02:15:03');
INSERT INTO `media` (`id`, `user_id`, `filename`, `size`, `metadata`, `media_type_id`, `created_at`, `updated_at`) VALUES (413, 13, 'facilis', 3586, '8', 3, '1990-12-28 01:57:47', '1977-08-24 00:38:49');
INSERT INTO `media` (`id`, `user_id`, `filename`, `size`, `metadata`, `media_type_id`, `created_at`, `updated_at`) VALUES (414, 14, 'sit', 434698606, '2', 4, '1982-02-04 21:49:28', '1986-01-22 14:56:29');
INSERT INTO `media` (`id`, `user_id`, `filename`, `size`, `metadata`, `media_type_id`, `created_at`, `updated_at`) VALUES (415, 15, 'est', 38574, '2', 5, '1983-08-08 14:18:43', '1979-04-10 09:14:09');
INSERT INTO `media` (`id`, `user_id`, `filename`, `size`, `metadata`, `media_type_id`, `created_at`, `updated_at`) VALUES (416, 16, 'asperiores', 853, '5', 1, '1993-08-08 18:05:35', '1970-06-24 00:28:28');
INSERT INTO `media` (`id`, `user_id`, `filename`, `size`, `metadata`, `media_type_id`, `created_at`, `updated_at`) VALUES (417, 17, 'omnis', 439993, '4', 2, '1994-11-24 07:08:32', '2011-07-17 06:40:42');
INSERT INTO `media` (`id`, `user_id`, `filename`, `size`, `metadata`, `media_type_id`, `created_at`, `updated_at`) VALUES (418, 18, 'eum', 667558985, '2', 3, '1980-06-09 17:20:51', '1992-04-14 12:57:06');
INSERT INTO `media` (`id`, `user_id`, `filename`, `size`, `metadata`, `media_type_id`, `created_at`, `updated_at`) VALUES (419, 19, 'eum', 94873, '9', 4, '1983-09-12 20:54:02', '2012-01-10 14:44:16');
INSERT INTO `media` (`id`, `user_id`, `filename`, `size`, `metadata`, `media_type_id`, `created_at`, `updated_at`) VALUES (420, 20, 'voluptas', 15457, '6', 5, '1983-09-02 14:33:05', '2004-12-05 12:13:15');
INSERT INTO `media` (`id`, `user_id`, `filename`, `size`, `metadata`, `media_type_id`, `created_at`, `updated_at`) VALUES (421, 21, 'ut', 20667498, '5', 1, '2006-06-12 23:56:57', '1992-07-06 11:55:30');
INSERT INTO `media` (`id`, `user_id`, `filename`, `size`, `metadata`, `media_type_id`, `created_at`, `updated_at`) VALUES (422, 22, 'quisquam', 46905633, '2', 2, '2012-03-13 01:07:43', '2007-01-19 01:44:23');
INSERT INTO `media` (`id`, `user_id`, `filename`, `size`, `metadata`, `media_type_id`, `created_at`, `updated_at`) VALUES (423, 23, 'rerum', 0, '9', 3, '1978-11-07 12:27:28', '1971-11-06 16:45:51');
INSERT INTO `media` (`id`, `user_id`, `filename`, `size`, `metadata`, `media_type_id`, `created_at`, `updated_at`) VALUES (424, 24, 'nisi', 207745, '3', 4, '1994-11-25 04:49:14', '2009-08-10 23:51:32');
INSERT INTO `media` (`id`, `user_id`, `filename`, `size`, `metadata`, `media_type_id`, `created_at`, `updated_at`) VALUES (425, 25, 'libero', 4, '6', 5, '2009-01-07 10:43:32', '2002-02-09 02:18:24');
INSERT INTO `media` (`id`, `user_id`, `filename`, `size`, `metadata`, `media_type_id`, `created_at`, `updated_at`) VALUES (426, 26, 'est', 0, '3', 1, '1993-02-27 15:23:23', '1981-04-09 17:15:37');
INSERT INTO `media` (`id`, `user_id`, `filename`, `size`, `metadata`, `media_type_id`, `created_at`, `updated_at`) VALUES (427, 27, 'aut', 54992611, '3', 2, '1985-03-26 06:36:06', '1990-02-15 14:49:06');
INSERT INTO `media` (`id`, `user_id`, `filename`, `size`, `metadata`, `media_type_id`, `created_at`, `updated_at`) VALUES (428, 28, 'labore', 94, '6', 3, '2018-07-08 01:57:01', '2005-06-06 11:01:33');
INSERT INTO `media` (`id`, `user_id`, `filename`, `size`, `metadata`, `media_type_id`, `created_at`, `updated_at`) VALUES (429, 29, 'aliquid', 3, '7', 4, '1990-11-23 01:00:10', '2014-05-01 08:22:05');
INSERT INTO `media` (`id`, `user_id`, `filename`, `size`, `metadata`, `media_type_id`, `created_at`, `updated_at`) VALUES (430, 30, 'omnis', 43, '8', 5, '1996-08-22 18:54:24', '1978-07-16 08:31:03');
INSERT INTO `media` (`id`, `user_id`, `filename`, `size`, `metadata`, `media_type_id`, `created_at`, `updated_at`) VALUES (431, 31, 'iste', 52639615, '5', 1, '1974-08-15 05:43:45', '2020-07-12 21:33:53');
INSERT INTO `media` (`id`, `user_id`, `filename`, `size`, `metadata`, `media_type_id`, `created_at`, `updated_at`) VALUES (432, 32, 'consequuntur', 52284, '3', 2, '1992-09-05 00:16:01', '1997-09-24 15:09:34');
INSERT INTO `media` (`id`, `user_id`, `filename`, `size`, `metadata`, `media_type_id`, `created_at`, `updated_at`) VALUES (433, 33, 'quos', 366, '4', 3, '1981-02-16 20:55:13', '2006-01-11 10:24:00');
INSERT INTO `media` (`id`, `user_id`, `filename`, `size`, `metadata`, `media_type_id`, `created_at`, `updated_at`) VALUES (434, 34, 'quas', 761605189, '3', 4, '1996-05-24 13:45:20', '2012-06-20 22:10:51');
INSERT INTO `media` (`id`, `user_id`, `filename`, `size`, `metadata`, `media_type_id`, `created_at`, `updated_at`) VALUES (435, 35, 'voluptatem', 171362352, '9', 5, '1980-07-14 15:51:50', '2006-01-31 17:25:57');
INSERT INTO `media` (`id`, `user_id`, `filename`, `size`, `metadata`, `media_type_id`, `created_at`, `updated_at`) VALUES (436, 36, 'ex', 974, '7', 1, '2000-12-02 20:32:16', '2016-05-22 18:45:23');
INSERT INTO `media` (`id`, `user_id`, `filename`, `size`, `metadata`, `media_type_id`, `created_at`, `updated_at`) VALUES (437, 37, 'magni', 905, '9', 2, '2013-03-23 20:12:59', '1990-12-03 21:25:22');
INSERT INTO `media` (`id`, `user_id`, `filename`, `size`, `metadata`, `media_type_id`, `created_at`, `updated_at`) VALUES (438, 38, 'aut', 348245, '1', 3, '2001-07-14 00:12:36', '2007-02-05 14:39:09');
INSERT INTO `media` (`id`, `user_id`, `filename`, `size`, `metadata`, `media_type_id`, `created_at`, `updated_at`) VALUES (439, 39, 'laboriosam', 188, '9', 4, '1990-08-28 08:20:24', '1976-12-29 14:55:15');
INSERT INTO `media` (`id`, `user_id`, `filename`, `size`, `metadata`, `media_type_id`, `created_at`, `updated_at`) VALUES (440, 40, 'ea', 50, '7', 5, '2005-12-05 10:41:49', '1989-08-09 14:07:28');
INSERT INTO `media` (`id`, `user_id`, `filename`, `size`, `metadata`, `media_type_id`, `created_at`, `updated_at`) VALUES (441, 41, 'et', 1791965, '8', 1, '1997-10-07 06:56:10', '2008-12-14 21:12:48');
INSERT INTO `media` (`id`, `user_id`, `filename`, `size`, `metadata`, `media_type_id`, `created_at`, `updated_at`) VALUES (442, 42, 'vel', 0, '2', 2, '2008-07-07 07:25:09', '1992-01-11 07:26:57');
INSERT INTO `media` (`id`, `user_id`, `filename`, `size`, `metadata`, `media_type_id`, `created_at`, `updated_at`) VALUES (443, 43, 'quasi', 86014, '6', 3, '2005-01-15 10:33:12', '2002-12-23 18:08:39');
INSERT INTO `media` (`id`, `user_id`, `filename`, `size`, `metadata`, `media_type_id`, `created_at`, `updated_at`) VALUES (444, 44, 'nihil', 3014, '6', 4, '1972-05-25 14:56:11', '2014-04-10 03:14:01');
INSERT INTO `media` (`id`, `user_id`, `filename`, `size`, `metadata`, `media_type_id`, `created_at`, `updated_at`) VALUES (445, 45, 'architecto', 4590, '3', 5, '1973-06-09 12:30:34', '1978-03-28 13:54:53');
INSERT INTO `media` (`id`, `user_id`, `filename`, `size`, `metadata`, `media_type_id`, `created_at`, `updated_at`) VALUES (446, 46, 'consequuntur', 4123, '5', 1, '1975-10-29 16:44:57', '1984-04-05 01:34:18');
INSERT INTO `media` (`id`, `user_id`, `filename`, `size`, `metadata`, `media_type_id`, `created_at`, `updated_at`) VALUES (447, 47, 'in', 0, '5', 2, '2019-11-14 03:08:33', '1992-03-26 05:45:42');
INSERT INTO `media` (`id`, `user_id`, `filename`, `size`, `metadata`, `media_type_id`, `created_at`, `updated_at`) VALUES (448, 48, 'laboriosam', 2070, '7', 3, '1970-08-03 05:36:22', '2018-06-15 08:58:35');
INSERT INTO `media` (`id`, `user_id`, `filename`, `size`, `metadata`, `media_type_id`, `created_at`, `updated_at`) VALUES (449, 49, 'repudiandae', 4, '8', 4, '1997-08-11 09:33:50', '1998-07-18 10:37:21');
INSERT INTO `media` (`id`, `user_id`, `filename`, `size`, `metadata`, `media_type_id`, `created_at`, `updated_at`) VALUES (450, 50, 'non', 77317055, '5', 5, '2020-08-17 18:54:27', '1988-01-10 06:23:08');
INSERT INTO `media` (`id`, `user_id`, `filename`, `size`, `metadata`, `media_type_id`, `created_at`, `updated_at`) VALUES (451, 51, 'optio', 285627679, '9', 1, '1973-11-12 04:33:32', '2007-07-30 20:37:47');
INSERT INTO `media` (`id`, `user_id`, `filename`, `size`, `metadata`, `media_type_id`, `created_at`, `updated_at`) VALUES (452, 52, 'asperiores', 126079173, '8', 2, '2020-04-07 14:53:41', '2007-06-29 11:03:46');
INSERT INTO `media` (`id`, `user_id`, `filename`, `size`, `metadata`, `media_type_id`, `created_at`, `updated_at`) VALUES (453, 53, 'harum', 7, '3', 3, '1979-11-08 14:20:28', '1991-01-23 18:52:18');
INSERT INTO `media` (`id`, `user_id`, `filename`, `size`, `metadata`, `media_type_id`, `created_at`, `updated_at`) VALUES (454, 54, 'illum', 871, '2', 4, '1977-11-26 07:20:47', '1978-12-14 01:54:20');
INSERT INTO `media` (`id`, `user_id`, `filename`, `size`, `metadata`, `media_type_id`, `created_at`, `updated_at`) VALUES (455, 55, 'modi', 5974, '7', 5, '1972-11-14 23:07:42', '1973-06-16 15:46:40');
INSERT INTO `media` (`id`, `user_id`, `filename`, `size`, `metadata`, `media_type_id`, `created_at`, `updated_at`) VALUES (456, 56, 'odio', 633478, '1', 1, '2014-07-08 04:35:12', '2016-07-06 18:20:53');
INSERT INTO `media` (`id`, `user_id`, `filename`, `size`, `metadata`, `media_type_id`, `created_at`, `updated_at`) VALUES (457, 57, 'excepturi', 8, '2', 2, '2013-12-17 20:56:46', '1975-10-21 11:42:18');
INSERT INTO `media` (`id`, `user_id`, `filename`, `size`, `metadata`, `media_type_id`, `created_at`, `updated_at`) VALUES (458, 58, 'et', 1994, '1', 3, '2016-06-06 11:54:21', '1988-01-12 04:21:13');
INSERT INTO `media` (`id`, `user_id`, `filename`, `size`, `metadata`, `media_type_id`, `created_at`, `updated_at`) VALUES (459, 59, 'doloremque', 378101229, '8', 4, '2020-04-13 19:09:46', '2013-02-11 00:09:45');
INSERT INTO `media` (`id`, `user_id`, `filename`, `size`, `metadata`, `media_type_id`, `created_at`, `updated_at`) VALUES (460, 60, 'fugiat', 0, '5', 5, '1987-09-26 21:12:55', '1973-12-11 22:12:58');
INSERT INTO `media` (`id`, `user_id`, `filename`, `size`, `metadata`, `media_type_id`, `created_at`, `updated_at`) VALUES (461, 61, 'reiciendis', 2797, '9', 1, '1983-11-20 14:57:08', '1991-12-31 06:42:53');
INSERT INTO `media` (`id`, `user_id`, `filename`, `size`, `metadata`, `media_type_id`, `created_at`, `updated_at`) VALUES (462, 62, 'laboriosam', 92268752, '3', 2, '1980-11-22 02:03:31', '1971-01-15 03:13:22');
INSERT INTO `media` (`id`, `user_id`, `filename`, `size`, `metadata`, `media_type_id`, `created_at`, `updated_at`) VALUES (463, 63, 'aliquam', 99, '5', 3, '2012-07-13 18:39:20', '1980-05-28 00:12:08');
INSERT INTO `media` (`id`, `user_id`, `filename`, `size`, `metadata`, `media_type_id`, `created_at`, `updated_at`) VALUES (464, 64, 'quia', 0, '2', 4, '1990-03-15 17:16:25', '1970-09-05 02:11:18');
INSERT INTO `media` (`id`, `user_id`, `filename`, `size`, `metadata`, `media_type_id`, `created_at`, `updated_at`) VALUES (465, 65, 'vel', 1094, '8', 5, '1984-04-07 12:05:51', '1980-11-19 19:57:33');
INSERT INTO `media` (`id`, `user_id`, `filename`, `size`, `metadata`, `media_type_id`, `created_at`, `updated_at`) VALUES (466, 66, 'unde', 640, '3', 1, '2001-03-09 19:38:09', '1972-03-06 16:34:37');
INSERT INTO `media` (`id`, `user_id`, `filename`, `size`, `metadata`, `media_type_id`, `created_at`, `updated_at`) VALUES (467, 67, 'nisi', 161241, '5', 2, '1973-11-30 05:33:03', '2017-02-22 10:31:19');
INSERT INTO `media` (`id`, `user_id`, `filename`, `size`, `metadata`, `media_type_id`, `created_at`, `updated_at`) VALUES (468, 68, 'et', 1573205, '1', 3, '2019-04-03 09:25:19', '2000-06-12 19:44:32');
INSERT INTO `media` (`id`, `user_id`, `filename`, `size`, `metadata`, `media_type_id`, `created_at`, `updated_at`) VALUES (469, 69, 'aliquid', 25573548, '2', 4, '1972-11-06 14:22:13', '1999-08-21 01:37:29');
INSERT INTO `media` (`id`, `user_id`, `filename`, `size`, `metadata`, `media_type_id`, `created_at`, `updated_at`) VALUES (470, 70, 'iure', 408130409, '1', 5, '1997-08-15 14:30:11', '2002-05-09 01:59:53');
INSERT INTO `media` (`id`, `user_id`, `filename`, `size`, `metadata`, `media_type_id`, `created_at`, `updated_at`) VALUES (471, 71, 'qui', 832803511, '6', 1, '2006-10-17 10:58:31', '2006-01-25 19:58:40');
INSERT INTO `media` (`id`, `user_id`, `filename`, `size`, `metadata`, `media_type_id`, `created_at`, `updated_at`) VALUES (472, 72, 'ut', 83120668, '1', 2, '1972-05-25 01:46:06', '2017-01-30 18:37:42');
INSERT INTO `media` (`id`, `user_id`, `filename`, `size`, `metadata`, `media_type_id`, `created_at`, `updated_at`) VALUES (473, 73, 'eos', 3687, '6', 3, '1983-01-21 07:03:26', '1977-10-28 14:25:49');
INSERT INTO `media` (`id`, `user_id`, `filename`, `size`, `metadata`, `media_type_id`, `created_at`, `updated_at`) VALUES (474, 74, 'sed', 567392, '8', 4, '2010-01-20 16:16:02', '1993-11-04 03:36:29');
INSERT INTO `media` (`id`, `user_id`, `filename`, `size`, `metadata`, `media_type_id`, `created_at`, `updated_at`) VALUES (475, 75, 'esse', 101, '3', 5, '1995-05-31 18:45:07', '1995-03-22 11:48:28');
INSERT INTO `media` (`id`, `user_id`, `filename`, `size`, `metadata`, `media_type_id`, `created_at`, `updated_at`) VALUES (476, 76, 'et', 0, '1', 1, '1991-11-08 17:26:22', '1992-01-08 09:04:03');
INSERT INTO `media` (`id`, `user_id`, `filename`, `size`, `metadata`, `media_type_id`, `created_at`, `updated_at`) VALUES (477, 77, 'et', 333, '9', 2, '1999-04-09 07:03:04', '2010-07-02 12:00:02');
INSERT INTO `media` (`id`, `user_id`, `filename`, `size`, `metadata`, `media_type_id`, `created_at`, `updated_at`) VALUES (478, 78, 'distinctio', 24980, '2', 3, '1974-09-26 01:33:29', '2008-10-29 20:38:27');
INSERT INTO `media` (`id`, `user_id`, `filename`, `size`, `metadata`, `media_type_id`, `created_at`, `updated_at`) VALUES (479, 79, 'dolor', 3317, '5', 4, '2005-07-14 05:04:50', '1994-05-12 15:49:53');
INSERT INTO `media` (`id`, `user_id`, `filename`, `size`, `metadata`, `media_type_id`, `created_at`, `updated_at`) VALUES (480, 80, 'deserunt', 165823648, '5', 5, '2008-09-06 08:39:58', '2000-06-10 17:10:27');
INSERT INTO `media` (`id`, `user_id`, `filename`, `size`, `metadata`, `media_type_id`, `created_at`, `updated_at`) VALUES (481, 81, 'ab', 94285, '8', 1, '1994-12-30 13:14:24', '1987-03-26 00:05:12');
INSERT INTO `media` (`id`, `user_id`, `filename`, `size`, `metadata`, `media_type_id`, `created_at`, `updated_at`) VALUES (482, 82, 'consequuntur', 960964815, '9', 2, '1995-11-17 18:32:22', '1973-05-28 04:59:35');
INSERT INTO `media` (`id`, `user_id`, `filename`, `size`, `metadata`, `media_type_id`, `created_at`, `updated_at`) VALUES (483, 83, 'eos', 49, '6', 3, '2010-01-26 15:05:40', '2021-03-24 03:09:03');
INSERT INTO `media` (`id`, `user_id`, `filename`, `size`, `metadata`, `media_type_id`, `created_at`, `updated_at`) VALUES (484, 84, 'beatae', 515, '7', 4, '1987-11-26 21:12:22', '1990-12-26 02:54:30');
INSERT INTO `media` (`id`, `user_id`, `filename`, `size`, `metadata`, `media_type_id`, `created_at`, `updated_at`) VALUES (485, 85, 'dolorem', 67528, '1', 5, '1986-08-11 10:47:20', '1974-01-22 20:03:48');
INSERT INTO `media` (`id`, `user_id`, `filename`, `size`, `metadata`, `media_type_id`, `created_at`, `updated_at`) VALUES (486, 86, 'magni', 0, '5', 1, '1988-10-27 16:30:45', '1972-02-15 04:37:06');
INSERT INTO `media` (`id`, `user_id`, `filename`, `size`, `metadata`, `media_type_id`, `created_at`, `updated_at`) VALUES (487, 87, 'ipsum', 9251, '8', 2, '1986-09-08 13:53:07', '1994-12-12 13:10:37');
INSERT INTO `media` (`id`, `user_id`, `filename`, `size`, `metadata`, `media_type_id`, `created_at`, `updated_at`) VALUES (488, 88, 'eos', 680469667, '5', 3, '1982-03-03 12:27:56', '1986-06-28 13:50:03');
INSERT INTO `media` (`id`, `user_id`, `filename`, `size`, `metadata`, `media_type_id`, `created_at`, `updated_at`) VALUES (489, 89, 'similique', 811925491, '6', 4, '2008-01-08 11:56:27', '2004-11-12 06:47:42');
INSERT INTO `media` (`id`, `user_id`, `filename`, `size`, `metadata`, `media_type_id`, `created_at`, `updated_at`) VALUES (490, 90, 'consectetur', 30001, '4', 5, '1998-08-04 21:40:32', '1993-03-31 22:14:16');
INSERT INTO `media` (`id`, `user_id`, `filename`, `size`, `metadata`, `media_type_id`, `created_at`, `updated_at`) VALUES (491, 91, 'sapiente', 51302, '3', 1, '1981-10-23 15:05:10', '1994-03-31 23:53:13');
INSERT INTO `media` (`id`, `user_id`, `filename`, `size`, `metadata`, `media_type_id`, `created_at`, `updated_at`) VALUES (492, 92, 'qui', 52086, '1', 2, '1991-04-18 04:03:56', '1987-04-14 20:39:26');
INSERT INTO `media` (`id`, `user_id`, `filename`, `size`, `metadata`, `media_type_id`, `created_at`, `updated_at`) VALUES (493, 93, 'et', 3406, '9', 3, '2019-09-21 19:34:50', '1993-05-17 00:44:33');
INSERT INTO `media` (`id`, `user_id`, `filename`, `size`, `metadata`, `media_type_id`, `created_at`, `updated_at`) VALUES (494, 94, 'ducimus', 74629, '9', 4, '1970-07-28 11:37:06', '1980-09-02 01:42:23');
INSERT INTO `media` (`id`, `user_id`, `filename`, `size`, `metadata`, `media_type_id`, `created_at`, `updated_at`) VALUES (495, 95, 'accusantium', 9994208, '7', 5, '1971-05-14 20:04:53', '2019-01-19 05:02:40');
INSERT INTO `media` (`id`, `user_id`, `filename`, `size`, `metadata`, `media_type_id`, `created_at`, `updated_at`) VALUES (496, 96, 'dolore', 9919, '6', 1, '1970-11-20 08:06:55', '2020-10-15 06:05:52');
INSERT INTO `media` (`id`, `user_id`, `filename`, `size`, `metadata`, `media_type_id`, `created_at`, `updated_at`) VALUES (497, 97, 'velit', 5, '8', 2, '1978-09-05 23:39:17', '1985-12-04 19:27:24');
INSERT INTO `media` (`id`, `user_id`, `filename`, `size`, `metadata`, `media_type_id`, `created_at`, `updated_at`) VALUES (498, 98, 'quo', 5620, '4', 3, '1981-07-26 21:26:23', '2019-01-31 20:18:52');
INSERT INTO `media` (`id`, `user_id`, `filename`, `size`, `metadata`, `media_type_id`, `created_at`, `updated_at`) VALUES (499, 99, 'accusantium', 64237, '1', 4, '1983-12-17 12:29:50', '2016-01-30 22:50:26');
INSERT INTO `media` (`id`, `user_id`, `filename`, `size`, `metadata`, `media_type_id`, `created_at`, `updated_at`) VALUES (500, 100, 'eos', 0, '4', 5, '1971-06-07 14:18:00', '2013-10-04 09:01:27');


#
# TABLE STRUCTURE FOR: media_types
#

DROP TABLE IF EXISTS `media_types`;

CREATE TABLE `media_types` (
  `id` int(10) unsigned NOT NULL AUTO_INCREMENT COMMENT 'Идентификатор строки',
  `name` varchar(255) COLLATE utf8mb4_unicode_ci NOT NULL COMMENT 'Название типа',
  `created_at` datetime DEFAULT current_timestamp() COMMENT 'Время создания строки',
  `updated_at` datetime DEFAULT current_timestamp() ON UPDATE current_timestamp() COMMENT 'Время обновления строки',
  PRIMARY KEY (`id`),
  UNIQUE KEY `name` (`name`)
) ENGINE=InnoDB AUTO_INCREMENT=6 DEFAULT CHARSET=utf8mb4 COLLATE=utf8mb4_unicode_ci COMMENT='Типы медиафайлов';

INSERT INTO `media_types` (`id`, `name`, `created_at`, `updated_at`) VALUES (1, 'pop', '1992-03-20 10:30:45', '1994-01-28 13:41:08');
INSERT INTO `media_types` (`id`, `name`, `created_at`, `updated_at`) VALUES (2, 'country', '1972-08-16 03:20:53', '1984-08-14 01:30:02');
INSERT INTO `media_types` (`id`, `name`, `created_at`, `updated_at`) VALUES (3, 'jazz', '1982-06-08 02:42:42', '2003-06-06 09:21:02');
INSERT INTO `media_types` (`id`, `name`, `created_at`, `updated_at`) VALUES (4, 'rock', '2001-01-18 10:57:46', '2015-04-07 02:31:07');
INSERT INTO `media_types` (`id`, `name`, `created_at`, `updated_at`) VALUES (5, 'romantic', '2013-08-16 10:53:12', '2005-08-11 07:07:14');


#
# TABLE STRUCTURE FOR: messages
#

DROP TABLE IF EXISTS `messages`;

CREATE TABLE `messages` (
  `id` int(10) unsigned NOT NULL AUTO_INCREMENT COMMENT 'Идентификатор строки',
  `from_user_id` int(10) unsigned NOT NULL COMMENT 'Ссылка на отправителя сообщения',
  `to_user_id` int(10) unsigned NOT NULL COMMENT 'Ссылка на получателя сообщения',
  `body` text COLLATE utf8mb4_unicode_ci NOT NULL COMMENT 'Текст сообщения',
  `is_important` tinyint(1) DEFAULT NULL COMMENT 'Признак важности',
  `is_delivered` tinyint(1) DEFAULT NULL COMMENT 'Признак доставки',
  `created_at` datetime DEFAULT current_timestamp() COMMENT 'Время создания строки',
  PRIMARY KEY (`id`)
) ENGINE=InnoDB AUTO_INCREMENT=101 DEFAULT CHARSET=utf8mb4 COLLATE=utf8mb4_unicode_ci COMMENT='Сообщения';

INSERT INTO `messages` (`id`, `from_user_id`, `to_user_id`, `body`, `is_important`, `is_delivered`, `created_at`) VALUES (1, 1, 1, 'Vero omnis consequuntur ut vel autem. Dicta cum recusandae est rerum magnam ut. Eos sint consequatur rerum velit et. Dolorem voluptatem harum libero id cupiditate deleniti nisi.', 1, 0, '2007-06-14 11:26:58');
INSERT INTO `messages` (`id`, `from_user_id`, `to_user_id`, `body`, `is_important`, `is_delivered`, `created_at`) VALUES (2, 2, 2, 'Quia reprehenderit labore sit non aut. Officia eveniet rerum temporibus consequatur. Sapiente voluptate architecto saepe qui aliquam molestias omnis. Commodi in aut non omnis architecto.', 1, 1, '1980-07-06 10:42:04');
INSERT INTO `messages` (`id`, `from_user_id`, `to_user_id`, `body`, `is_important`, `is_delivered`, `created_at`) VALUES (3, 3, 3, 'In esse dolorum natus omnis labore. Laborum suscipit dolores ut nemo. Porro facere ducimus impedit praesentium. Rem dolorem et numquam minus. Enim reprehenderit ad repudiandae nostrum temporibus est.', 0, 1, '1990-07-22 03:17:14');
INSERT INTO `messages` (`id`, `from_user_id`, `to_user_id`, `body`, `is_important`, `is_delivered`, `created_at`) VALUES (4, 4, 4, 'Aperiam inventore non reprehenderit dignissimos qui tempore nam rerum. Quam quae cupiditate quos voluptas harum quae iste eum. Rerum nisi voluptatum placeat aliquam dolores.', 0, 0, '2013-06-18 14:18:33');
INSERT INTO `messages` (`id`, `from_user_id`, `to_user_id`, `body`, `is_important`, `is_delivered`, `created_at`) VALUES (5, 5, 5, 'Suscipit quae accusamus eaque aspernatur velit est mollitia. Numquam voluptates nostrum non est magnam velit. Fuga esse quo porro quae ab voluptatum.', 1, 0, '1994-11-09 02:35:50');
INSERT INTO `messages` (`id`, `from_user_id`, `to_user_id`, `body`, `is_important`, `is_delivered`, `created_at`) VALUES (6, 6, 6, 'Blanditiis est voluptatem distinctio impedit impedit animi dicta. Est iure voluptatem explicabo nihil soluta. Ut nam quae assumenda labore. Dolor modi vero ab vero debitis quam sequi.', 0, 1, '1995-02-13 17:14:59');
INSERT INTO `messages` (`id`, `from_user_id`, `to_user_id`, `body`, `is_important`, `is_delivered`, `created_at`) VALUES (7, 7, 7, 'Non in unde ipsum. Ut nihil consequatur ad excepturi. Aut dolores iure vel. Ut reprehenderit praesentium eum ut optio sed quas.', 0, 1, '1986-06-02 19:02:44');
INSERT INTO `messages` (`id`, `from_user_id`, `to_user_id`, `body`, `is_important`, `is_delivered`, `created_at`) VALUES (8, 8, 8, 'Ad voluptatem expedita laboriosam nostrum nisi sed. Repellat sunt voluptatibus maiores eaque. Eos commodi autem debitis quam similique aliquam. Et fuga sed sed explicabo debitis.', 1, 1, '2004-10-31 13:58:35');
INSERT INTO `messages` (`id`, `from_user_id`, `to_user_id`, `body`, `is_important`, `is_delivered`, `created_at`) VALUES (9, 9, 9, 'Ipsam voluptas facere omnis dicta. Voluptas similique culpa quidem sapiente a. Illum rerum voluptates aut quae expedita quis.', 1, 1, '1991-08-28 15:14:27');
INSERT INTO `messages` (`id`, `from_user_id`, `to_user_id`, `body`, `is_important`, `is_delivered`, `created_at`) VALUES (10, 10, 10, 'Itaque voluptas est aperiam est. Soluta optio ea hic consequatur sit. Sit aut non sapiente sed blanditiis ipsum. Cum similique quasi ex ut quis eligendi.', 0, 0, '1990-05-30 09:14:04');
INSERT INTO `messages` (`id`, `from_user_id`, `to_user_id`, `body`, `is_important`, `is_delivered`, `created_at`) VALUES (11, 11, 11, 'Iste rerum a accusantium qui qui modi. Recusandae laborum ut optio qui eos laudantium. Beatae rerum inventore rerum dolores soluta dolorum velit. Et aut sunt inventore non vero.', 0, 0, '1990-11-05 16:11:43');
INSERT INTO `messages` (`id`, `from_user_id`, `to_user_id`, `body`, `is_important`, `is_delivered`, `created_at`) VALUES (12, 12, 12, 'Doloremque ut rerum qui magnam maxime corporis fugit. Consectetur eum eos quaerat.', 1, 1, '2008-08-12 16:51:11');
INSERT INTO `messages` (`id`, `from_user_id`, `to_user_id`, `body`, `is_important`, `is_delivered`, `created_at`) VALUES (13, 13, 13, 'Totam doloremque officia eum nobis quo laborum vel. Molestias vero expedita suscipit repellat blanditiis nobis.', 1, 0, '1982-08-17 11:03:45');
INSERT INTO `messages` (`id`, `from_user_id`, `to_user_id`, `body`, `is_important`, `is_delivered`, `created_at`) VALUES (14, 14, 14, 'Est tempore mollitia libero. Hic fuga est illo repellendus. Quibusdam beatae rem id dolorem ad et quod. Atque sit placeat provident eos nobis consectetur ipsum.', 0, 1, '2000-06-16 09:08:26');
INSERT INTO `messages` (`id`, `from_user_id`, `to_user_id`, `body`, `is_important`, `is_delivered`, `created_at`) VALUES (15, 15, 15, 'Voluptatum vero vero esse quia quidem veniam tempora et. Est in atque reprehenderit. Magnam reprehenderit quia nisi nihil vel et.', 0, 1, '2011-02-05 21:12:53');
INSERT INTO `messages` (`id`, `from_user_id`, `to_user_id`, `body`, `is_important`, `is_delivered`, `created_at`) VALUES (16, 16, 16, 'Atque repellendus qui eligendi. Vel itaque nesciunt distinctio tempora voluptates qui. Omnis optio quia deserunt ea. Quasi accusamus doloribus velit sunt ipsa. Et unde autem quam.', 0, 0, '1996-04-04 09:05:51');
INSERT INTO `messages` (`id`, `from_user_id`, `to_user_id`, `body`, `is_important`, `is_delivered`, `created_at`) VALUES (17, 17, 17, 'Et totam unde dolores. In inventore et nostrum. Esse aut voluptatem illo natus numquam.', 1, 1, '2002-12-02 21:07:50');
INSERT INTO `messages` (`id`, `from_user_id`, `to_user_id`, `body`, `is_important`, `is_delivered`, `created_at`) VALUES (18, 18, 18, 'At possimus aut ea autem aut aspernatur architecto. Nostrum saepe perferendis et eligendi. Nisi rem rem quaerat. Expedita ea omnis quos amet incidunt recusandae.', 1, 1, '1982-12-12 09:18:27');
INSERT INTO `messages` (`id`, `from_user_id`, `to_user_id`, `body`, `is_important`, `is_delivered`, `created_at`) VALUES (19, 19, 19, 'Veritatis ipsa et deserunt. Ut at corrupti ab cumque. Cum sint eaque atque ut. Quo sint dolor autem ab repellendus dignissimos.', 1, 0, '2006-06-21 18:10:04');
INSERT INTO `messages` (`id`, `from_user_id`, `to_user_id`, `body`, `is_important`, `is_delivered`, `created_at`) VALUES (20, 20, 20, 'Rem voluptatem quia atque. Voluptates corporis est id adipisci. Mollitia perferendis explicabo consequatur dolores tempore id dolores qui. Ipsa iure quidem similique blanditiis veniam voluptatem ex.', 1, 1, '1998-07-08 06:11:14');
INSERT INTO `messages` (`id`, `from_user_id`, `to_user_id`, `body`, `is_important`, `is_delivered`, `created_at`) VALUES (21, 21, 21, 'Explicabo quidem officia ut labore sunt non. Et laudantium voluptates quaerat necessitatibus blanditiis. Qui voluptates voluptatum ut porro eaque.', 0, 0, '2018-01-08 22:01:00');
INSERT INTO `messages` (`id`, `from_user_id`, `to_user_id`, `body`, `is_important`, `is_delivered`, `created_at`) VALUES (22, 22, 22, 'Inventore totam fugit sunt fugit asperiores quis. Ea ratione recusandae facilis qui eum qui.', 1, 0, '1992-04-28 19:45:32');
INSERT INTO `messages` (`id`, `from_user_id`, `to_user_id`, `body`, `is_important`, `is_delivered`, `created_at`) VALUES (23, 23, 23, 'Aspernatur odit corrupti ipsam fuga. Quo eligendi temporibus dolorem est sint aut temporibus. Fugiat enim eius possimus similique in.', 1, 1, '1976-09-17 16:21:32');
INSERT INTO `messages` (`id`, `from_user_id`, `to_user_id`, `body`, `is_important`, `is_delivered`, `created_at`) VALUES (24, 24, 24, 'Doloremque illum non omnis sunt modi dignissimos. Totam fugit quasi laborum et reiciendis. Asperiores velit ut est ipsum quidem. Ex officiis alias ea magni neque quos beatae aut.', 0, 0, '1971-06-01 07:30:26');
INSERT INTO `messages` (`id`, `from_user_id`, `to_user_id`, `body`, `is_important`, `is_delivered`, `created_at`) VALUES (25, 25, 25, 'Sint et ducimus corporis exercitationem est. Qui eius amet voluptates rem. Quis modi tempora aliquam reiciendis. Incidunt quo consequuntur modi alias rerum.', 1, 0, '2016-07-23 08:27:12');
INSERT INTO `messages` (`id`, `from_user_id`, `to_user_id`, `body`, `is_important`, `is_delivered`, `created_at`) VALUES (26, 26, 26, 'Vel et culpa veniam suscipit quasi eos aspernatur. Ullam porro dolorem recusandae sunt et sit. Perferendis voluptas quia provident impedit. Voluptatem laboriosam debitis sed maxime est dignissimos itaque.', 1, 0, '2014-01-23 17:14:14');
INSERT INTO `messages` (`id`, `from_user_id`, `to_user_id`, `body`, `is_important`, `is_delivered`, `created_at`) VALUES (27, 27, 27, 'Quibusdam sapiente magni exercitationem magnam vero. Vel saepe praesentium et vel sint ex doloremque. Rerum excepturi corporis aut ut qui.', 0, 0, '2018-11-15 18:39:41');
INSERT INTO `messages` (`id`, `from_user_id`, `to_user_id`, `body`, `is_important`, `is_delivered`, `created_at`) VALUES (28, 28, 28, 'Ipsa voluptates vero eos rem facere in. Corporis ea earum est odit alias nisi. Sed similique mollitia tempora. Qui necessitatibus laboriosam et.', 1, 0, '2019-11-11 11:52:44');
INSERT INTO `messages` (`id`, `from_user_id`, `to_user_id`, `body`, `is_important`, `is_delivered`, `created_at`) VALUES (29, 29, 29, 'Nam saepe facilis nihil et voluptatem. Quo recusandae qui aliquam nemo dolorum qui ut.', 1, 1, '2009-07-22 09:25:17');
INSERT INTO `messages` (`id`, `from_user_id`, `to_user_id`, `body`, `is_important`, `is_delivered`, `created_at`) VALUES (30, 30, 30, 'Vero et similique dicta nisi. Harum doloribus quis velit voluptatem beatae ratione. Sed suscipit sit quas nulla quia reiciendis beatae id.', 0, 1, '1994-07-07 05:05:14');
INSERT INTO `messages` (`id`, `from_user_id`, `to_user_id`, `body`, `is_important`, `is_delivered`, `created_at`) VALUES (31, 31, 31, 'Qui voluptate quia neque sit. Esse ullam neque porro fugit. Harum quasi quos aperiam reiciendis in iusto ut. Possimus quasi dolore dolor.', 0, 0, '2012-11-05 02:03:42');
INSERT INTO `messages` (`id`, `from_user_id`, `to_user_id`, `body`, `is_important`, `is_delivered`, `created_at`) VALUES (32, 32, 32, 'Ad nemo dolores reprehenderit voluptate delectus in praesentium. Numquam eum mollitia officia quae sunt. Cupiditate eos asperiores ut non qui eum. Aspernatur sit placeat sed eligendi.', 1, 0, '1982-09-18 16:48:49');
INSERT INTO `messages` (`id`, `from_user_id`, `to_user_id`, `body`, `is_important`, `is_delivered`, `created_at`) VALUES (33, 33, 33, 'Earum nam voluptas excepturi optio amet repellat voluptates incidunt. Autem modi totam veniam ducimus voluptatum fugiat quidem aut. Maiores et ut quia dicta quibusdam. Ea libero architecto quia sint.', 0, 0, '1971-07-24 17:21:16');
INSERT INTO `messages` (`id`, `from_user_id`, `to_user_id`, `body`, `is_important`, `is_delivered`, `created_at`) VALUES (34, 34, 34, 'Ducimus dolorem a aliquid quia eligendi suscipit sed. Quis accusantium porro et et veritatis consequatur velit. Dolores consequuntur aut sint beatae. Ut quia velit quis. Deleniti occaecati at et minus eos recusandae corrupti.', 0, 1, '2012-07-30 10:59:09');
INSERT INTO `messages` (`id`, `from_user_id`, `to_user_id`, `body`, `is_important`, `is_delivered`, `created_at`) VALUES (35, 35, 35, 'Sed aspernatur ipsam et deleniti iusto. Ducimus quis aliquam qui sunt dolor. Distinctio ab fuga porro ducimus consequatur et magnam.', 1, 0, '1971-06-02 02:20:36');
INSERT INTO `messages` (`id`, `from_user_id`, `to_user_id`, `body`, `is_important`, `is_delivered`, `created_at`) VALUES (36, 36, 36, 'Praesentium quia qui quo amet officia adipisci. Occaecati quibusdam quas veniam. Quae maxime consectetur sed.', 1, 0, '2014-11-28 13:12:51');
INSERT INTO `messages` (`id`, `from_user_id`, `to_user_id`, `body`, `is_important`, `is_delivered`, `created_at`) VALUES (37, 37, 37, 'Ea dolores in vitae reprehenderit. Aliquid voluptas sit autem numquam. Cupiditate quam beatae repellat consectetur nihil doloribus. Necessitatibus eum magnam soluta nam et et laborum.', 1, 1, '2018-11-09 21:31:46');
INSERT INTO `messages` (`id`, `from_user_id`, `to_user_id`, `body`, `is_important`, `is_delivered`, `created_at`) VALUES (38, 38, 38, 'Laboriosam voluptates aliquam sit voluptas voluptatem cupiditate dolor. Dolorem sint reprehenderit expedita illo magnam. Ex architecto impedit aut id. Facere recusandae perspiciatis repellat laudantium ut rerum. Repellat totam consequatur quisquam ducimus eos sint.', 1, 1, '1985-03-18 20:24:08');
INSERT INTO `messages` (`id`, `from_user_id`, `to_user_id`, `body`, `is_important`, `is_delivered`, `created_at`) VALUES (39, 39, 39, 'Nam quo aliquam vel rerum nulla soluta. Sit dolor amet quasi distinctio doloremque sint aut deserunt. Et perspiciatis sequi possimus itaque molestias et.', 1, 0, '1995-11-06 04:44:24');
INSERT INTO `messages` (`id`, `from_user_id`, `to_user_id`, `body`, `is_important`, `is_delivered`, `created_at`) VALUES (40, 40, 40, 'Soluta nostrum ut qui cupiditate in aut. Laudantium tenetur perspiciatis nihil quas eos quam officia. Nihil sed laborum eos veniam enim ducimus cumque.', 0, 0, '1976-05-30 22:41:50');
INSERT INTO `messages` (`id`, `from_user_id`, `to_user_id`, `body`, `is_important`, `is_delivered`, `created_at`) VALUES (41, 41, 41, 'Consequatur unde ab est inventore sed architecto laboriosam harum. Possimus et qui deserunt est quia rerum dolor. Ea quod assumenda ullam laborum quas eaque maxime.', 0, 0, '1995-02-21 16:49:51');
INSERT INTO `messages` (`id`, `from_user_id`, `to_user_id`, `body`, `is_important`, `is_delivered`, `created_at`) VALUES (42, 42, 42, 'Quia quasi provident et aut neque vel. Maiores ipsam voluptates vel officiis. Quibusdam est in rerum et exercitationem.', 0, 1, '1971-11-28 20:09:43');
INSERT INTO `messages` (`id`, `from_user_id`, `to_user_id`, `body`, `is_important`, `is_delivered`, `created_at`) VALUES (43, 43, 43, 'Totam dignissimos quod sit ratione doloribus qui. Tempore rem iste ad soluta. Natus sunt ea rem voluptatem dolore nemo.', 0, 0, '1997-07-02 10:38:38');
INSERT INTO `messages` (`id`, `from_user_id`, `to_user_id`, `body`, `is_important`, `is_delivered`, `created_at`) VALUES (44, 44, 44, 'Id dolor sit corporis sunt est facere quia. Occaecati suscipit sit autem ut tempore. Nihil sint distinctio dolorum.', 0, 0, '1991-09-18 20:14:35');
INSERT INTO `messages` (`id`, `from_user_id`, `to_user_id`, `body`, `is_important`, `is_delivered`, `created_at`) VALUES (45, 45, 45, 'Omnis rerum architecto hic nulla voluptatem vitae consequuntur. Ab nisi velit molestias enim. Dolorem sit laborum id ut quasi optio molestiae.', 0, 1, '1986-03-17 11:36:43');
INSERT INTO `messages` (`id`, `from_user_id`, `to_user_id`, `body`, `is_important`, `is_delivered`, `created_at`) VALUES (46, 46, 46, 'Laborum asperiores doloremque quo distinctio. Voluptas est nemo ad ducimus ea ex. Provident ipsa inventore nemo dignissimos aut quasi suscipit.', 1, 0, '1971-07-25 02:23:45');
INSERT INTO `messages` (`id`, `from_user_id`, `to_user_id`, `body`, `is_important`, `is_delivered`, `created_at`) VALUES (47, 47, 47, 'Placeat quo sed ex. Fugiat provident qui minima dolorem. Consequuntur eum est inventore optio. Nulla deleniti exercitationem soluta quam labore debitis id.', 0, 1, '2016-10-18 09:01:10');
INSERT INTO `messages` (`id`, `from_user_id`, `to_user_id`, `body`, `is_important`, `is_delivered`, `created_at`) VALUES (48, 48, 48, 'Et quaerat unde itaque repellendus ea maxime velit. Doloribus voluptatibus sed velit eligendi perferendis. Non possimus ratione cum facere repellendus.', 0, 0, '1994-05-20 00:23:56');
INSERT INTO `messages` (`id`, `from_user_id`, `to_user_id`, `body`, `is_important`, `is_delivered`, `created_at`) VALUES (49, 49, 49, 'Sed et enim accusantium cum et maxime vitae. Velit enim dolorem ipsum soluta et rem minus. Porro ad quia consequatur sed totam deserunt ipsa. Ut eum et rerum omnis sunt in. Qui sunt nisi placeat.', 1, 1, '1995-12-23 21:14:13');
INSERT INTO `messages` (`id`, `from_user_id`, `to_user_id`, `body`, `is_important`, `is_delivered`, `created_at`) VALUES (50, 50, 50, 'Aspernatur ratione at placeat ut in omnis ducimus est. Vitae necessitatibus qui et et animi cumque dolore. Eius quam aliquid voluptatem adipisci.', 1, 0, '2001-03-07 03:15:25');
INSERT INTO `messages` (`id`, `from_user_id`, `to_user_id`, `body`, `is_important`, `is_delivered`, `created_at`) VALUES (51, 51, 51, 'Totam voluptas quo et tempora. Sunt aut non magni provident. Rerum reiciendis enim facilis quo sed. Similique occaecati debitis minus.', 1, 1, '2011-08-11 02:04:02');
INSERT INTO `messages` (`id`, `from_user_id`, `to_user_id`, `body`, `is_important`, `is_delivered`, `created_at`) VALUES (52, 52, 52, 'Atque omnis corporis qui. Accusamus mollitia est quod distinctio sint libero dolor. Dolore consequuntur consequatur dolorem blanditiis ullam. Rerum numquam voluptatem commodi.', 1, 0, '2020-08-09 02:27:46');
INSERT INTO `messages` (`id`, `from_user_id`, `to_user_id`, `body`, `is_important`, `is_delivered`, `created_at`) VALUES (53, 53, 53, 'Deserunt ut qui veniam corrupti. Qui ut pariatur nostrum veniam dolorem perspiciatis possimus. Autem et quasi quam consequatur.', 1, 1, '1981-12-26 10:31:07');
INSERT INTO `messages` (`id`, `from_user_id`, `to_user_id`, `body`, `is_important`, `is_delivered`, `created_at`) VALUES (54, 54, 54, 'Quia laudantium odio et beatae at et fugit. Adipisci perferendis velit hic neque maiores. Minus eveniet sint labore porro atque delectus dicta.', 1, 1, '1974-02-04 11:51:19');
INSERT INTO `messages` (`id`, `from_user_id`, `to_user_id`, `body`, `is_important`, `is_delivered`, `created_at`) VALUES (55, 55, 55, 'Quas non minima quo voluptatem saepe voluptate eveniet. Voluptatibus saepe voluptatibus rem qui excepturi. Maxime excepturi quo cumque veritatis.', 0, 1, '1989-01-03 20:11:03');
INSERT INTO `messages` (`id`, `from_user_id`, `to_user_id`, `body`, `is_important`, `is_delivered`, `created_at`) VALUES (56, 56, 56, 'Voluptate sit et architecto ut quam. Fuga sit saepe ea omnis saepe beatae sit. Alias ullam sint dignissimos mollitia culpa adipisci consectetur et.', 1, 0, '1998-06-17 01:30:55');
INSERT INTO `messages` (`id`, `from_user_id`, `to_user_id`, `body`, `is_important`, `is_delivered`, `created_at`) VALUES (57, 57, 57, 'Dolor in soluta temporibus doloribus ut numquam. Autem sit magni dolores totam ea et. Ipsum optio aut dolores molestias tenetur asperiores vero. Doloribus vel nam aperiam iusto voluptates aspernatur quaerat.', 1, 1, '2014-06-03 13:36:07');
INSERT INTO `messages` (`id`, `from_user_id`, `to_user_id`, `body`, `is_important`, `is_delivered`, `created_at`) VALUES (58, 58, 58, 'Molestiae dignissimos exercitationem repellendus sint. Eos incidunt quia a numquam deserunt. Earum architecto quia perferendis rerum rerum.', 1, 0, '1974-07-07 07:47:41');
INSERT INTO `messages` (`id`, `from_user_id`, `to_user_id`, `body`, `is_important`, `is_delivered`, `created_at`) VALUES (59, 59, 59, 'Iusto unde autem velit animi nobis harum eum. Deleniti repudiandae id error qui suscipit atque.', 0, 1, '1970-08-12 22:01:12');
INSERT INTO `messages` (`id`, `from_user_id`, `to_user_id`, `body`, `is_important`, `is_delivered`, `created_at`) VALUES (60, 60, 60, 'Asperiores corporis quia mollitia. Eum occaecati et possimus maxime. Nihil quod deleniti dolor debitis asperiores ut quibusdam. Eaque accusamus maxime fugiat repudiandae voluptas voluptatibus error.', 1, 1, '1973-04-01 08:16:08');
INSERT INTO `messages` (`id`, `from_user_id`, `to_user_id`, `body`, `is_important`, `is_delivered`, `created_at`) VALUES (61, 61, 61, 'Ut similique tenetur voluptas sed optio voluptatum. Qui dolorum temporibus est. Dolores quos et nobis doloremque dolor dolorem. Minus dolorem quia quos et quidem modi.', 0, 1, '1980-11-15 19:42:32');
INSERT INTO `messages` (`id`, `from_user_id`, `to_user_id`, `body`, `is_important`, `is_delivered`, `created_at`) VALUES (62, 62, 62, 'Quia aspernatur quis aut doloremque. Quae iure est nulla atque ipsum quidem possimus. Quia ut corrupti iste.', 0, 0, '2017-03-29 10:18:51');
INSERT INTO `messages` (`id`, `from_user_id`, `to_user_id`, `body`, `is_important`, `is_delivered`, `created_at`) VALUES (63, 63, 63, 'Impedit enim asperiores ratione incidunt distinctio. Velit velit id sit repellat. Impedit quod quis blanditiis enim blanditiis culpa similique ut. Animi perferendis sit quia ratione perferendis. Ut molestiae blanditiis necessitatibus provident ratione mollitia dolor voluptates.', 1, 1, '1974-05-17 11:18:44');
INSERT INTO `messages` (`id`, `from_user_id`, `to_user_id`, `body`, `is_important`, `is_delivered`, `created_at`) VALUES (64, 64, 64, 'Dolorum esse error ad qui dolor consectetur. Maiores laboriosam voluptas ut aut a. Quo quia soluta quia dolorem.', 0, 0, '1975-12-08 22:56:55');
INSERT INTO `messages` (`id`, `from_user_id`, `to_user_id`, `body`, `is_important`, `is_delivered`, `created_at`) VALUES (65, 65, 65, 'Consequatur temporibus fuga consectetur nihil eos. Eaque dicta sint omnis quidem corrupti ducimus vitae. Nulla vero quia laboriosam repellat commodi eos qui iure.', 0, 1, '1981-04-03 05:54:22');
INSERT INTO `messages` (`id`, `from_user_id`, `to_user_id`, `body`, `is_important`, `is_delivered`, `created_at`) VALUES (66, 66, 66, 'Minus iure provident quis dolor ut. Natus ut ab doloremque cum. Vel et est et officiis dignissimos ullam id optio.', 1, 0, '1990-01-29 05:26:41');
INSERT INTO `messages` (`id`, `from_user_id`, `to_user_id`, `body`, `is_important`, `is_delivered`, `created_at`) VALUES (67, 67, 67, 'Enim modi tempora animi voluptatem inventore nemo consequatur minus. Consequatur ea harum fugit. Dignissimos aut sit qui quasi iusto. Nulla reprehenderit fugit nihil accusantium assumenda dolorem aspernatur blanditiis.', 0, 1, '2005-09-30 20:39:05');
INSERT INTO `messages` (`id`, `from_user_id`, `to_user_id`, `body`, `is_important`, `is_delivered`, `created_at`) VALUES (68, 68, 68, 'Architecto officia provident magnam sed nobis voluptatem. Eos vel a et quia nobis. Sed harum iusto distinctio sunt sed.', 0, 0, '2020-05-01 17:25:05');
INSERT INTO `messages` (`id`, `from_user_id`, `to_user_id`, `body`, `is_important`, `is_delivered`, `created_at`) VALUES (69, 69, 69, 'Est dolorum ratione tempore officiis. Voluptas aut sit veniam dolor omnis distinctio repellendus. Asperiores temporibus est laboriosam voluptates. Aut ducimus corporis eligendi minima dicta doloremque et. Odio quia consequatur sed optio adipisci rem quaerat.', 1, 1, '1976-01-15 07:25:22');
INSERT INTO `messages` (`id`, `from_user_id`, `to_user_id`, `body`, `is_important`, `is_delivered`, `created_at`) VALUES (70, 70, 70, 'Suscipit hic unde tempore modi quidem id asperiores. Ut molestiae iusto qui. Omnis aspernatur illum accusamus nostrum assumenda ut eum. Omnis quibusdam saepe numquam similique aut blanditiis blanditiis.', 1, 1, '2013-12-01 08:14:34');
INSERT INTO `messages` (`id`, `from_user_id`, `to_user_id`, `body`, `is_important`, `is_delivered`, `created_at`) VALUES (71, 71, 71, 'Qui aut quis esse dolores qui possimus est. Ut similique autem nesciunt vel. Quod et voluptatem velit dolores tempore et.', 1, 1, '1985-12-16 10:23:14');
INSERT INTO `messages` (`id`, `from_user_id`, `to_user_id`, `body`, `is_important`, `is_delivered`, `created_at`) VALUES (72, 72, 72, 'Eos occaecati a deleniti rem quas. Fugiat distinctio sit quidem saepe est fugiat quia. Officia itaque nam labore molestiae perspiciatis aut. Cum quos saepe sit commodi saepe animi.', 1, 1, '1989-01-29 05:20:51');
INSERT INTO `messages` (`id`, `from_user_id`, `to_user_id`, `body`, `is_important`, `is_delivered`, `created_at`) VALUES (73, 73, 73, 'Nostrum dicta repellendus sunt libero. Repellendus optio ut in assumenda dolorum. Accusamus nobis expedita qui repudiandae veritatis molestiae.', 1, 1, '1982-06-29 14:08:54');
INSERT INTO `messages` (`id`, `from_user_id`, `to_user_id`, `body`, `is_important`, `is_delivered`, `created_at`) VALUES (74, 74, 74, 'Quo laborum fuga incidunt aperiam nulla libero distinctio. Et provident id ducimus et doloribus. Non facere ut vel facere rerum reprehenderit et non. Pariatur neque eum nulla odio voluptatem incidunt ab laborum. Similique est reiciendis qui harum ratione.', 1, 1, '2009-08-25 11:55:48');
INSERT INTO `messages` (`id`, `from_user_id`, `to_user_id`, `body`, `is_important`, `is_delivered`, `created_at`) VALUES (75, 75, 75, 'Rerum dolorum temporibus et inventore animi aut. Itaque excepturi amet maiores fuga excepturi nesciunt. Et maxime in sequi et. Et ratione quis excepturi vitae cupiditate.', 1, 1, '2009-07-15 03:13:02');
INSERT INTO `messages` (`id`, `from_user_id`, `to_user_id`, `body`, `is_important`, `is_delivered`, `created_at`) VALUES (76, 76, 76, 'Dolores sunt neque ullam officiis quo velit itaque. Expedita minus corporis est at vero. Non voluptates et et dolores necessitatibus temporibus ut.', 1, 0, '2004-04-19 15:25:53');
INSERT INTO `messages` (`id`, `from_user_id`, `to_user_id`, `body`, `is_important`, `is_delivered`, `created_at`) VALUES (77, 77, 77, 'Repellendus placeat laboriosam quaerat mollitia soluta consequatur eligendi. Provident sunt minima vel id dolor qui id. Consequatur aut alias veniam ex quos. Quis sed ut et quia ea quia debitis.', 0, 0, '1978-05-03 13:19:25');
INSERT INTO `messages` (`id`, `from_user_id`, `to_user_id`, `body`, `is_important`, `is_delivered`, `created_at`) VALUES (78, 78, 78, 'Ullam necessitatibus voluptatibus et aut dolor et doloribus. Nihil illum doloremque quae assumenda voluptatibus. Atque nobis praesentium ut consectetur perspiciatis.', 1, 1, '1975-06-17 01:44:49');
INSERT INTO `messages` (`id`, `from_user_id`, `to_user_id`, `body`, `is_important`, `is_delivered`, `created_at`) VALUES (79, 79, 79, 'Cum aut porro dolorem quidem. Facilis incidunt totam impedit provident natus velit. Eum corrupti error error sunt sed aliquam maiores. Aliquid similique nobis non minus quae quod sit voluptas.', 0, 0, '2011-09-18 15:15:43');
INSERT INTO `messages` (`id`, `from_user_id`, `to_user_id`, `body`, `is_important`, `is_delivered`, `created_at`) VALUES (80, 80, 80, 'Sed sunt alias provident quia delectus dolorum. Ipsum non sed in nostrum ducimus aliquam nam. Ea ex suscipit eum consequuntur. Error recusandae qui expedita sed exercitationem corporis quod. At laboriosam corrupti qui et rem aliquam.', 1, 0, '2006-12-03 18:09:28');
INSERT INTO `messages` (`id`, `from_user_id`, `to_user_id`, `body`, `is_important`, `is_delivered`, `created_at`) VALUES (81, 81, 81, 'Dolores velit porro delectus rerum. Beatae quae molestiae doloremque sed quia tenetur dolores. Sint illum at id earum fuga doloremque nostrum.', 0, 1, '2014-09-10 10:46:18');
INSERT INTO `messages` (`id`, `from_user_id`, `to_user_id`, `body`, `is_important`, `is_delivered`, `created_at`) VALUES (82, 82, 82, 'Itaque officia excepturi voluptas totam iure. Non eum a quaerat provident id vitae. Voluptate perferendis possimus ut explicabo. Voluptatibus id ut fugiat aliquam accusamus.', 1, 0, '1980-12-22 06:42:30');
INSERT INTO `messages` (`id`, `from_user_id`, `to_user_id`, `body`, `is_important`, `is_delivered`, `created_at`) VALUES (83, 83, 83, 'Quo architecto itaque laborum quidem. In architecto in molestiae occaecati autem ea harum. Ut maxime nihil corporis fugit minima. Quidem consequatur dolorem molestiae ipsa.', 0, 1, '2002-03-13 06:50:26');
INSERT INTO `messages` (`id`, `from_user_id`, `to_user_id`, `body`, `is_important`, `is_delivered`, `created_at`) VALUES (84, 84, 84, 'Ut impedit commodi neque cupiditate. Voluptas aut quisquam iusto quia voluptatem sed. Ut animi quo dolorem quod quibusdam odit expedita.', 0, 1, '1982-11-05 20:57:29');
INSERT INTO `messages` (`id`, `from_user_id`, `to_user_id`, `body`, `is_important`, `is_delivered`, `created_at`) VALUES (85, 85, 85, 'Est consequuntur id ullam et quos. Quidem ducimus qui cum iure molestiae distinctio aut aut. Recusandae nemo voluptatem excepturi non odio qui. Ea iste provident consequatur ea.', 1, 0, '1986-06-03 11:58:47');
INSERT INTO `messages` (`id`, `from_user_id`, `to_user_id`, `body`, `is_important`, `is_delivered`, `created_at`) VALUES (86, 86, 86, 'Sapiente fugit reiciendis eaque sit esse. Voluptate id porro omnis aliquam similique et. Doloremque vel fugit explicabo omnis amet qui quae quasi.', 0, 0, '2009-07-31 09:44:36');
INSERT INTO `messages` (`id`, `from_user_id`, `to_user_id`, `body`, `is_important`, `is_delivered`, `created_at`) VALUES (87, 87, 87, 'Odit ipsa libero veniam minus earum. Qui id qui consequuntur pariatur commodi ea hic. Eaque temporibus voluptatem voluptas ullam veniam ea quibusdam.', 1, 0, '2021-02-15 05:02:17');
INSERT INTO `messages` (`id`, `from_user_id`, `to_user_id`, `body`, `is_important`, `is_delivered`, `created_at`) VALUES (88, 88, 88, 'Voluptas similique ut recusandae voluptatem officiis ab eius molestiae. Ad ut velit dicta tenetur et enim aperiam. Quas ipsum est doloribus facere ut accusamus. Ducimus nihil quaerat et numquam qui magnam.', 1, 0, '2000-08-22 19:53:03');
INSERT INTO `messages` (`id`, `from_user_id`, `to_user_id`, `body`, `is_important`, `is_delivered`, `created_at`) VALUES (89, 89, 89, 'Magni ut fugiat officia quos molestias consequuntur. Dolorem nam sequi placeat sapiente. Consequuntur ea omnis tempore rerum dolores beatae tempore. Voluptatum doloremque sint ea.', 1, 0, '2020-04-02 14:22:34');
INSERT INTO `messages` (`id`, `from_user_id`, `to_user_id`, `body`, `is_important`, `is_delivered`, `created_at`) VALUES (90, 90, 90, 'Labore iste adipisci error veritatis ex. Hic quia quas omnis est veritatis. Soluta harum velit quo vel facere.', 1, 0, '1971-09-17 18:21:35');
INSERT INTO `messages` (`id`, `from_user_id`, `to_user_id`, `body`, `is_important`, `is_delivered`, `created_at`) VALUES (91, 91, 91, 'Enim velit fuga error. Rerum consequatur atque dolorem sit facere. Quae ex error ut beatae quo quae omnis necessitatibus. Magnam illo illum pariatur quasi velit.', 1, 1, '1980-01-04 07:32:02');
INSERT INTO `messages` (`id`, `from_user_id`, `to_user_id`, `body`, `is_important`, `is_delivered`, `created_at`) VALUES (92, 92, 92, 'Est harum repellendus labore quas repellendus odio eos. Enim facere rem nesciunt soluta dolorem autem. Voluptatem eum vero corrupti et laborum. Blanditiis non voluptas sint minima.', 0, 0, '1994-02-05 15:09:44');
INSERT INTO `messages` (`id`, `from_user_id`, `to_user_id`, `body`, `is_important`, `is_delivered`, `created_at`) VALUES (93, 93, 93, 'Rem ut nihil maiores ut illum. Tempore laudantium porro dolores voluptatem deleniti sunt. Est rerum enim laudantium nulla doloribus reprehenderit iusto.', 0, 0, '2000-10-14 02:50:56');
INSERT INTO `messages` (`id`, `from_user_id`, `to_user_id`, `body`, `is_important`, `is_delivered`, `created_at`) VALUES (94, 94, 94, 'Assumenda ut fugit et necessitatibus assumenda enim id. Quia praesentium occaecati expedita et. Exercitationem ut sed in esse est nemo hic odit. Eos ut est enim quae ad.', 0, 1, '2002-04-23 12:24:53');
INSERT INTO `messages` (`id`, `from_user_id`, `to_user_id`, `body`, `is_important`, `is_delivered`, `created_at`) VALUES (95, 95, 95, 'Alias quia commodi quod fugiat. Dolore temporibus rerum qui assumenda. Et explicabo qui fugiat at dolorem odio. Dolore hic ut molestiae cupiditate deserunt facere.', 0, 0, '2004-10-24 16:19:50');
INSERT INTO `messages` (`id`, `from_user_id`, `to_user_id`, `body`, `is_important`, `is_delivered`, `created_at`) VALUES (96, 96, 96, 'Laudantium qui quia eum dolor illo. Corporis totam sit non eius praesentium doloribus. A dolores dolores officia reprehenderit.', 1, 1, '2017-07-07 07:18:46');
INSERT INTO `messages` (`id`, `from_user_id`, `to_user_id`, `body`, `is_important`, `is_delivered`, `created_at`) VALUES (97, 97, 97, 'Voluptatibus autem tempora non et sunt. Ut architecto distinctio quisquam in qui aut. Nulla a laboriosam minus ea omnis rem quod. Ut sed aut praesentium deleniti. Adipisci corrupti provident quaerat exercitationem voluptatem aut vel.', 1, 1, '2019-11-16 12:45:49');
INSERT INTO `messages` (`id`, `from_user_id`, `to_user_id`, `body`, `is_important`, `is_delivered`, `created_at`) VALUES (98, 98, 98, 'Optio enim sequi temporibus quaerat. Qui nam sed velit exercitationem numquam. Amet sint ratione veritatis dolor optio. Ea accusantium odio voluptates facilis.', 1, 0, '2018-11-17 04:48:12');
INSERT INTO `messages` (`id`, `from_user_id`, `to_user_id`, `body`, `is_important`, `is_delivered`, `created_at`) VALUES (99, 99, 99, 'Consectetur itaque est fugiat sint deleniti voluptates ipsum illo. Nesciunt enim recusandae blanditiis et modi maxime. Fugiat facere dolorem ipsum. Sunt corrupti et laudantium.', 1, 1, '1985-04-22 21:21:10');
INSERT INTO `messages` (`id`, `from_user_id`, `to_user_id`, `body`, `is_important`, `is_delivered`, `created_at`) VALUES (100, 100, 100, 'Doloremque doloribus pariatur et rerum mollitia quia totam. Consequatur aut sint et asperiores sed sed. Repudiandae ut fugit cupiditate unde assumenda. Et quae sed sapiente adipisci.', 0, 0, '1981-09-26 04:59:24');


#
# TABLE STRUCTURE FOR: profiles
#

DROP TABLE IF EXISTS `profiles`;

CREATE TABLE `profiles` (
  `user_id` int(10) unsigned NOT NULL COMMENT 'Ссылка на пользователя',
  `gender` char(1) COLLATE utf8mb4_unicode_ci NOT NULL COMMENT 'Пол',
  `birthday` date DEFAULT NULL COMMENT 'Дата рождения',
  `city` varchar(130) COLLATE utf8mb4_unicode_ci DEFAULT NULL COMMENT 'Город проживания',
  `country` varchar(130) COLLATE utf8mb4_unicode_ci DEFAULT NULL COMMENT 'Страна проживания',
  `created_at` datetime DEFAULT current_timestamp() COMMENT 'Время создания строки',
  `updated_at` datetime DEFAULT current_timestamp() ON UPDATE current_timestamp() COMMENT 'Время обновления строки',
  PRIMARY KEY (`user_id`)
) ENGINE=InnoDB DEFAULT CHARSET=utf8mb4 COLLATE=utf8mb4_unicode_ci COMMENT='Профили';

INSERT INTO `profiles` (`user_id`, `gender`, `birthday`, `city`, `country`, `created_at`, `updated_at`) VALUES (1, 'f', '1988-11-13', 'New Andersonfort', '511', '1999-01-01 00:12:38', '1991-09-15 17:31:17');
INSERT INTO `profiles` (`user_id`, `gender`, `birthday`, `city`, `country`, `created_at`, `updated_at`) VALUES (2, 'f', '2010-09-29', 'Jaredmouth', '246', '2008-03-30 15:38:45', '1996-10-26 18:11:03');
INSERT INTO `profiles` (`user_id`, `gender`, `birthday`, `city`, `country`, `created_at`, `updated_at`) VALUES (3, 'm', '2020-11-25', 'North Clifford', '4036', '1997-02-17 02:59:29', '2015-12-18 10:56:16');
INSERT INTO `profiles` (`user_id`, `gender`, `birthday`, `city`, `country`, `created_at`, `updated_at`) VALUES (4, 'm', '1984-02-26', 'Gleichnerfort', '98127', '2019-09-05 06:59:19', '2004-11-07 20:48:57');
INSERT INTO `profiles` (`user_id`, `gender`, `birthday`, `city`, `country`, `created_at`, `updated_at`) VALUES (5, 'm', '2004-05-31', 'Scottieside', '873778', '2015-03-11 05:26:20', '1998-04-11 21:40:17');
INSERT INTO `profiles` (`user_id`, `gender`, `birthday`, `city`, `country`, `created_at`, `updated_at`) VALUES (6, 'f', '1979-09-17', 'Kesslerstad', '32712', '2010-10-31 05:21:59', '1991-09-10 12:23:05');
INSERT INTO `profiles` (`user_id`, `gender`, `birthday`, `city`, `country`, `created_at`, `updated_at`) VALUES (7, 'f', '1999-10-18', 'Port Keyshawnland', '', '1996-12-20 18:00:55', '2017-11-13 13:38:05');
INSERT INTO `profiles` (`user_id`, `gender`, `birthday`, `city`, `country`, `created_at`, `updated_at`) VALUES (8, 'f', '2010-03-16', 'Considinemouth', '188314727', '1993-05-09 18:35:22', '1997-06-08 04:19:19');
INSERT INTO `profiles` (`user_id`, `gender`, `birthday`, `city`, `country`, `created_at`, `updated_at`) VALUES (9, 'm', '1998-07-04', 'Bartview', '2664', '2015-11-19 19:20:25', '1971-01-10 02:53:23');
INSERT INTO `profiles` (`user_id`, `gender`, `birthday`, `city`, `country`, `created_at`, `updated_at`) VALUES (10, 'm', '1978-02-17', 'Wintheisermouth', '12', '1976-06-28 16:09:41', '1973-10-05 12:35:04');
INSERT INTO `profiles` (`user_id`, `gender`, `birthday`, `city`, `country`, `created_at`, `updated_at`) VALUES (11, 'f', '1987-02-17', 'North Genesisburgh', '886521', '1983-09-28 21:37:22', '2003-11-11 19:39:15');
INSERT INTO `profiles` (`user_id`, `gender`, `birthday`, `city`, `country`, `created_at`, `updated_at`) VALUES (12, 'f', '1980-01-29', 'Wilbertfort', '', '2002-04-11 17:09:49', '1997-09-29 20:16:12');
INSERT INTO `profiles` (`user_id`, `gender`, `birthday`, `city`, `country`, `created_at`, `updated_at`) VALUES (13, 'm', '2018-11-05', 'Considinetown', '52617216', '2006-04-03 21:58:21', '1979-11-11 00:35:53');
INSERT INTO `profiles` (`user_id`, `gender`, `birthday`, `city`, `country`, `created_at`, `updated_at`) VALUES (14, 'm', '1977-12-19', 'West Kayla', '913', '1987-03-06 17:42:02', '1987-05-31 03:30:09');
INSERT INTO `profiles` (`user_id`, `gender`, `birthday`, `city`, `country`, `created_at`, `updated_at`) VALUES (15, 'f', '2014-09-11', 'Reichelview', '85735326', '1992-04-03 16:03:53', '1981-06-10 17:56:03');
INSERT INTO `profiles` (`user_id`, `gender`, `birthday`, `city`, `country`, `created_at`, `updated_at`) VALUES (16, 'f', '2002-08-06', 'Lake Fred', '166823390', '2012-03-08 05:22:01', '1974-09-14 06:04:58');
INSERT INTO `profiles` (`user_id`, `gender`, `birthday`, `city`, `country`, `created_at`, `updated_at`) VALUES (17, 'm', '2013-12-29', 'Lake Lauriannefurt', '1', '1970-05-23 04:18:41', '2002-03-15 07:54:07');
INSERT INTO `profiles` (`user_id`, `gender`, `birthday`, `city`, `country`, `created_at`, `updated_at`) VALUES (18, 'f', '2002-11-11', 'Kiarrabury', '4', '2008-04-01 03:26:04', '1997-12-13 16:05:01');
INSERT INTO `profiles` (`user_id`, `gender`, `birthday`, `city`, `country`, `created_at`, `updated_at`) VALUES (19, 'f', '2003-11-10', 'Corwinton', '', '2002-01-11 22:06:50', '2019-04-15 05:53:46');
INSERT INTO `profiles` (`user_id`, `gender`, `birthday`, `city`, `country`, `created_at`, `updated_at`) VALUES (20, 'f', '1975-12-24', 'East Emmett', '438574985', '1992-07-11 12:38:00', '1982-06-20 04:53:41');
INSERT INTO `profiles` (`user_id`, `gender`, `birthday`, `city`, `country`, `created_at`, `updated_at`) VALUES (21, 'f', '1989-10-15', 'Darionton', '', '2018-09-14 17:28:50', '1990-01-14 07:49:30');
INSERT INTO `profiles` (`user_id`, `gender`, `birthday`, `city`, `country`, `created_at`, `updated_at`) VALUES (22, 'f', '1990-08-23', 'South Jeraldstad', '6659', '2020-06-13 04:38:52', '2018-02-23 02:59:34');
INSERT INTO `profiles` (`user_id`, `gender`, `birthday`, `city`, `country`, `created_at`, `updated_at`) VALUES (23, 'f', '1979-12-09', 'South Ginoton', '95277', '2014-10-13 20:16:03', '2019-08-05 02:05:20');
INSERT INTO `profiles` (`user_id`, `gender`, `birthday`, `city`, `country`, `created_at`, `updated_at`) VALUES (24, 'm', '1994-12-17', 'Darronland', '2', '1994-12-28 19:26:47', '1987-01-21 20:39:14');
INSERT INTO `profiles` (`user_id`, `gender`, `birthday`, `city`, `country`, `created_at`, `updated_at`) VALUES (25, 'f', '1993-07-24', 'Lake Ken', '2179567', '2003-06-09 06:01:55', '1970-06-12 23:51:41');
INSERT INTO `profiles` (`user_id`, `gender`, `birthday`, `city`, `country`, `created_at`, `updated_at`) VALUES (26, 'f', '2005-05-21', 'Lake Hughville', '82917', '2001-04-26 02:56:20', '2002-02-13 23:39:21');
INSERT INTO `profiles` (`user_id`, `gender`, `birthday`, `city`, `country`, `created_at`, `updated_at`) VALUES (27, 'f', '1996-09-03', 'Gerholdshire', '84880', '2000-08-01 06:52:20', '2013-05-08 04:11:51');
INSERT INTO `profiles` (`user_id`, `gender`, `birthday`, `city`, `country`, `created_at`, `updated_at`) VALUES (28, 'm', '2001-03-04', 'Port Maxiemouth', '5', '1989-06-23 14:30:12', '1972-10-18 10:11:57');
INSERT INTO `profiles` (`user_id`, `gender`, `birthday`, `city`, `country`, `created_at`, `updated_at`) VALUES (29, 'f', '2011-07-16', 'Santiagoland', '951257796', '1985-06-03 09:53:33', '1983-05-13 22:26:04');
INSERT INTO `profiles` (`user_id`, `gender`, `birthday`, `city`, `country`, `created_at`, `updated_at`) VALUES (30, 'm', '1984-01-16', 'Hoppeberg', '60710149', '2017-12-27 06:54:08', '1983-09-16 06:54:26');
INSERT INTO `profiles` (`user_id`, `gender`, `birthday`, `city`, `country`, `created_at`, `updated_at`) VALUES (31, 'm', '1970-06-08', 'Princessborough', '', '2012-11-24 13:43:03', '2000-02-06 22:55:41');
INSERT INTO `profiles` (`user_id`, `gender`, `birthday`, `city`, `country`, `created_at`, `updated_at`) VALUES (32, 'm', '1992-11-07', 'West Kathryne', '', '1973-11-12 15:24:50', '1972-10-03 13:32:54');
INSERT INTO `profiles` (`user_id`, `gender`, `birthday`, `city`, `country`, `created_at`, `updated_at`) VALUES (33, 'm', '2014-05-08', 'Port Masontown', '8909207', '2009-04-02 23:22:46', '1988-03-31 10:44:13');
INSERT INTO `profiles` (`user_id`, `gender`, `birthday`, `city`, `country`, `created_at`, `updated_at`) VALUES (34, 'm', '1982-02-27', 'North Elyse', '5', '1985-06-27 20:33:00', '2014-05-27 02:13:37');
INSERT INTO `profiles` (`user_id`, `gender`, `birthday`, `city`, `country`, `created_at`, `updated_at`) VALUES (35, 'f', '1995-05-01', 'Darrinstad', '94', '1981-01-07 04:41:22', '2013-03-20 23:19:26');
INSERT INTO `profiles` (`user_id`, `gender`, `birthday`, `city`, `country`, `created_at`, `updated_at`) VALUES (36, 'f', '1991-05-11', 'North Joeyside', '528', '1989-07-08 09:49:18', '1989-05-05 22:30:34');
INSERT INTO `profiles` (`user_id`, `gender`, `birthday`, `city`, `country`, `created_at`, `updated_at`) VALUES (37, 'm', '1994-01-07', 'Lake Darrell', '781851815', '1990-09-19 09:04:32', '1975-07-23 02:53:00');
INSERT INTO `profiles` (`user_id`, `gender`, `birthday`, `city`, `country`, `created_at`, `updated_at`) VALUES (38, 'm', '1978-10-08', 'Pollichberg', '46989908', '2000-03-19 07:28:38', '2008-03-21 15:32:07');
INSERT INTO `profiles` (`user_id`, `gender`, `birthday`, `city`, `country`, `created_at`, `updated_at`) VALUES (39, 'f', '1992-05-20', 'New Louieside', '160', '1980-08-27 11:40:47', '1981-11-13 03:22:07');
INSERT INTO `profiles` (`user_id`, `gender`, `birthday`, `city`, `country`, `created_at`, `updated_at`) VALUES (40, 'm', '2010-10-28', 'Rowechester', '1805', '1976-01-14 21:59:10', '2008-10-12 12:01:28');
INSERT INTO `profiles` (`user_id`, `gender`, `birthday`, `city`, `country`, `created_at`, `updated_at`) VALUES (41, 'm', '2016-06-28', 'New Nickolas', '79794', '1976-08-01 22:06:13', '2020-05-02 05:34:14');
INSERT INTO `profiles` (`user_id`, `gender`, `birthday`, `city`, `country`, `created_at`, `updated_at`) VALUES (42, 'm', '2018-04-30', 'North Blake', '374', '1970-11-21 00:38:45', '1982-12-20 13:07:37');
INSERT INTO `profiles` (`user_id`, `gender`, `birthday`, `city`, `country`, `created_at`, `updated_at`) VALUES (43, 'f', '1979-10-27', 'South Clemensfurt', '4', '1980-02-23 12:01:20', '2018-11-09 03:12:07');
INSERT INTO `profiles` (`user_id`, `gender`, `birthday`, `city`, `country`, `created_at`, `updated_at`) VALUES (44, 'm', '2012-09-26', 'East Alice', '626', '1976-02-16 20:19:09', '1976-08-30 06:55:30');
INSERT INTO `profiles` (`user_id`, `gender`, `birthday`, `city`, `country`, `created_at`, `updated_at`) VALUES (45, 'm', '2010-05-16', 'Ezramouth', '357578199', '2001-08-30 19:52:47', '1983-08-10 06:49:44');
INSERT INTO `profiles` (`user_id`, `gender`, `birthday`, `city`, `country`, `created_at`, `updated_at`) VALUES (46, 'm', '1980-11-09', 'Kulasmouth', '609', '1989-10-28 21:49:39', '1975-12-02 21:40:59');
INSERT INTO `profiles` (`user_id`, `gender`, `birthday`, `city`, `country`, `created_at`, `updated_at`) VALUES (47, 'm', '2018-05-31', 'Darbyside', '24640503', '1996-07-16 22:10:12', '1985-06-20 15:54:31');
INSERT INTO `profiles` (`user_id`, `gender`, `birthday`, `city`, `country`, `created_at`, `updated_at`) VALUES (48, 'm', '1987-02-26', 'East Jerod', '', '1992-07-23 23:54:48', '2005-08-12 22:55:21');
INSERT INTO `profiles` (`user_id`, `gender`, `birthday`, `city`, `country`, `created_at`, `updated_at`) VALUES (49, 'm', '1985-09-05', 'Port Linda', '876', '1995-03-02 06:29:03', '1987-10-11 07:45:38');
INSERT INTO `profiles` (`user_id`, `gender`, `birthday`, `city`, `country`, `created_at`, `updated_at`) VALUES (50, 'f', '2021-03-09', 'Ardithside', '15339897', '1997-12-06 01:18:33', '1979-06-28 05:49:26');
INSERT INTO `profiles` (`user_id`, `gender`, `birthday`, `city`, `country`, `created_at`, `updated_at`) VALUES (51, 'm', '1989-08-07', 'Schimmelberg', '4784388', '2005-09-30 08:49:44', '1970-05-30 14:19:04');
INSERT INTO `profiles` (`user_id`, `gender`, `birthday`, `city`, `country`, `created_at`, `updated_at`) VALUES (52, 'm', '1973-05-19', 'North Bulah', '6', '1982-08-18 17:12:09', '2017-05-13 17:06:34');
INSERT INTO `profiles` (`user_id`, `gender`, `birthday`, `city`, `country`, `created_at`, `updated_at`) VALUES (53, 'm', '1986-05-27', 'Eichmanntown', '9', '1986-03-11 00:00:04', '1996-04-09 03:52:39');
INSERT INTO `profiles` (`user_id`, `gender`, `birthday`, `city`, `country`, `created_at`, `updated_at`) VALUES (54, 'f', '1971-05-27', 'East Katrinaton', '58155', '2006-02-19 12:58:48', '1979-05-19 10:39:29');
INSERT INTO `profiles` (`user_id`, `gender`, `birthday`, `city`, `country`, `created_at`, `updated_at`) VALUES (55, 'f', '2013-12-24', 'South Borisland', '10339', '2017-02-01 12:10:36', '2002-05-17 05:36:45');
INSERT INTO `profiles` (`user_id`, `gender`, `birthday`, `city`, `country`, `created_at`, `updated_at`) VALUES (56, 'f', '2006-01-28', 'Julieview', '55', '1989-06-28 13:45:22', '1995-11-16 03:34:50');
INSERT INTO `profiles` (`user_id`, `gender`, `birthday`, `city`, `country`, `created_at`, `updated_at`) VALUES (57, 'f', '1997-11-04', 'West Demarioburgh', '5227095', '2014-08-04 18:23:43', '2001-02-17 23:37:33');
INSERT INTO `profiles` (`user_id`, `gender`, `birthday`, `city`, `country`, `created_at`, `updated_at`) VALUES (58, 'f', '2008-04-02', 'Bashiriantown', '3930993', '2007-07-31 02:10:54', '2007-10-02 12:47:38');
INSERT INTO `profiles` (`user_id`, `gender`, `birthday`, `city`, `country`, `created_at`, `updated_at`) VALUES (59, 'm', '1985-07-16', 'West Celine', '50360', '1990-02-21 03:11:59', '2001-07-18 22:31:59');
INSERT INTO `profiles` (`user_id`, `gender`, `birthday`, `city`, `country`, `created_at`, `updated_at`) VALUES (60, 'f', '1991-03-20', 'Morarmouth', '915800', '1995-10-11 10:42:59', '2003-11-05 00:19:29');
INSERT INTO `profiles` (`user_id`, `gender`, `birthday`, `city`, `country`, `created_at`, `updated_at`) VALUES (61, 'm', '2017-12-10', 'Lockmanton', '986', '1982-09-19 16:23:19', '2018-12-12 04:54:52');
INSERT INTO `profiles` (`user_id`, `gender`, `birthday`, `city`, `country`, `created_at`, `updated_at`) VALUES (62, 'm', '2009-08-14', 'Hanestad', '5551', '1977-06-11 02:54:12', '1982-07-11 07:22:40');
INSERT INTO `profiles` (`user_id`, `gender`, `birthday`, `city`, `country`, `created_at`, `updated_at`) VALUES (63, 'm', '2018-08-12', 'Lake Harley', '7', '2013-11-21 12:19:49', '2000-08-30 02:45:20');
INSERT INTO `profiles` (`user_id`, `gender`, `birthday`, `city`, `country`, `created_at`, `updated_at`) VALUES (64, 'f', '2011-04-17', 'O\'Connerland', '35630855', '1978-10-23 19:15:19', '1994-09-10 09:57:10');
INSERT INTO `profiles` (`user_id`, `gender`, `birthday`, `city`, `country`, `created_at`, `updated_at`) VALUES (65, 'm', '1979-08-01', 'East Haydenside', '6249', '1976-09-06 18:49:24', '1988-10-13 20:44:10');
INSERT INTO `profiles` (`user_id`, `gender`, `birthday`, `city`, `country`, `created_at`, `updated_at`) VALUES (66, 'f', '2013-08-27', 'New Urbanfort', '251133', '1992-03-17 22:41:47', '1972-10-08 00:20:26');
INSERT INTO `profiles` (`user_id`, `gender`, `birthday`, `city`, `country`, `created_at`, `updated_at`) VALUES (67, 'f', '1977-10-31', 'West Adrianna', '53851131', '2017-10-30 02:25:51', '1996-02-21 19:31:21');
INSERT INTO `profiles` (`user_id`, `gender`, `birthday`, `city`, `country`, `created_at`, `updated_at`) VALUES (68, 'm', '2017-06-04', 'Nikolausshire', '', '2019-11-24 15:30:09', '1994-12-31 12:33:37');
INSERT INTO `profiles` (`user_id`, `gender`, `birthday`, `city`, `country`, `created_at`, `updated_at`) VALUES (69, 'f', '1980-12-06', 'West Alyssonview', '8', '1997-02-24 19:47:55', '1997-08-04 13:10:04');
INSERT INTO `profiles` (`user_id`, `gender`, `birthday`, `city`, `country`, `created_at`, `updated_at`) VALUES (70, 'm', '1983-09-26', 'Lake Godfrey', '5', '1979-05-28 15:30:49', '1985-02-03 00:43:00');
INSERT INTO `profiles` (`user_id`, `gender`, `birthday`, `city`, `country`, `created_at`, `updated_at`) VALUES (71, 'f', '1984-05-26', 'North Clovis', '5754', '2005-08-01 04:13:31', '1988-09-29 15:35:13');
INSERT INTO `profiles` (`user_id`, `gender`, `birthday`, `city`, `country`, `created_at`, `updated_at`) VALUES (72, 'f', '2000-10-12', 'Port Ansley', '7685436', '2007-06-12 16:01:03', '1978-04-02 23:51:57');
INSERT INTO `profiles` (`user_id`, `gender`, `birthday`, `city`, `country`, `created_at`, `updated_at`) VALUES (73, 'm', '1992-07-06', 'Carrieside', '521', '1972-08-07 05:28:00', '2001-06-08 07:30:45');
INSERT INTO `profiles` (`user_id`, `gender`, `birthday`, `city`, `country`, `created_at`, `updated_at`) VALUES (74, 'f', '2010-08-18', 'Runolfsdottirmouth', '5428', '2007-12-03 14:46:52', '1985-04-12 01:11:28');
INSERT INTO `profiles` (`user_id`, `gender`, `birthday`, `city`, `country`, `created_at`, `updated_at`) VALUES (75, 'm', '1979-03-10', 'Pansyville', '856', '1995-01-11 19:51:06', '1979-03-18 06:26:41');
INSERT INTO `profiles` (`user_id`, `gender`, `birthday`, `city`, `country`, `created_at`, `updated_at`) VALUES (76, 'm', '2012-02-19', 'East Gage', '171838', '1982-12-13 15:07:21', '2012-10-30 20:20:20');
INSERT INTO `profiles` (`user_id`, `gender`, `birthday`, `city`, `country`, `created_at`, `updated_at`) VALUES (77, 'm', '1980-06-02', 'Port Darronshire', '25044', '2013-01-27 03:10:07', '2017-10-13 15:40:55');
INSERT INTO `profiles` (`user_id`, `gender`, `birthday`, `city`, `country`, `created_at`, `updated_at`) VALUES (78, 'm', '2018-03-15', 'Lake Modesto', '813492', '2001-01-29 08:31:56', '1996-05-18 12:26:09');
INSERT INTO `profiles` (`user_id`, `gender`, `birthday`, `city`, `country`, `created_at`, `updated_at`) VALUES (79, 'm', '2000-03-12', 'Port Pinkton', '60911456', '1989-07-06 06:07:02', '2013-08-23 01:12:36');
INSERT INTO `profiles` (`user_id`, `gender`, `birthday`, `city`, `country`, `created_at`, `updated_at`) VALUES (80, 'f', '1996-02-01', 'Yvonnefurt', '45077', '1980-06-30 13:43:14', '1989-05-05 04:48:13');
INSERT INTO `profiles` (`user_id`, `gender`, `birthday`, `city`, `country`, `created_at`, `updated_at`) VALUES (81, 'f', '1970-05-15', 'Port Ciarashire', '1', '2012-06-24 20:12:05', '2003-09-26 18:31:42');
INSERT INTO `profiles` (`user_id`, `gender`, `birthday`, `city`, `country`, `created_at`, `updated_at`) VALUES (82, 'm', '1999-01-29', 'Port Treva', '', '1984-12-20 12:49:26', '1974-11-17 15:08:00');
INSERT INTO `profiles` (`user_id`, `gender`, `birthday`, `city`, `country`, `created_at`, `updated_at`) VALUES (83, 'm', '2007-09-23', 'Norbertoside', '18266', '2011-08-14 14:08:24', '1976-08-03 23:39:22');
INSERT INTO `profiles` (`user_id`, `gender`, `birthday`, `city`, `country`, `created_at`, `updated_at`) VALUES (84, 'm', '1997-10-04', 'Denesikberg', '321362691', '1980-09-11 01:53:17', '2012-08-11 01:22:29');
INSERT INTO `profiles` (`user_id`, `gender`, `birthday`, `city`, `country`, `created_at`, `updated_at`) VALUES (85, 'f', '1999-11-28', 'South Raleighbury', '3247', '2010-11-25 19:38:10', '2003-03-04 18:37:50');
INSERT INTO `profiles` (`user_id`, `gender`, `birthday`, `city`, `country`, `created_at`, `updated_at`) VALUES (86, 'm', '1976-06-18', 'Brownside', '', '1988-12-05 05:02:05', '1988-02-23 17:01:44');
INSERT INTO `profiles` (`user_id`, `gender`, `birthday`, `city`, `country`, `created_at`, `updated_at`) VALUES (87, 'f', '2016-11-21', 'South Isadore', '32002', '1972-05-24 15:55:04', '1998-01-28 12:47:45');
INSERT INTO `profiles` (`user_id`, `gender`, `birthday`, `city`, `country`, `created_at`, `updated_at`) VALUES (88, 'm', '1980-02-16', 'Connellyview', '79528866', '1980-06-02 22:26:49', '2001-08-09 14:12:08');
INSERT INTO `profiles` (`user_id`, `gender`, `birthday`, `city`, `country`, `created_at`, `updated_at`) VALUES (89, 'f', '2008-11-11', 'East Rene', '2854824', '1989-03-27 22:58:35', '1975-12-14 10:02:13');
INSERT INTO `profiles` (`user_id`, `gender`, `birthday`, `city`, `country`, `created_at`, `updated_at`) VALUES (90, 'f', '2007-10-06', 'North Joanne', '48', '1982-04-01 01:41:06', '1986-02-07 18:34:12');
INSERT INTO `profiles` (`user_id`, `gender`, `birthday`, `city`, `country`, `created_at`, `updated_at`) VALUES (91, 'f', '1998-02-27', 'South Lauretta', '30', '1993-02-13 19:33:50', '2021-01-06 01:12:02');
INSERT INTO `profiles` (`user_id`, `gender`, `birthday`, `city`, `country`, `created_at`, `updated_at`) VALUES (92, 'f', '2015-06-05', 'Cynthiashire', '45930', '1975-09-21 05:19:14', '2007-01-31 18:54:09');
INSERT INTO `profiles` (`user_id`, `gender`, `birthday`, `city`, `country`, `created_at`, `updated_at`) VALUES (93, 'f', '2006-01-01', 'North Jerald', '9579', '1998-06-22 01:24:06', '2019-10-26 17:12:02');
INSERT INTO `profiles` (`user_id`, `gender`, `birthday`, `city`, `country`, `created_at`, `updated_at`) VALUES (94, 'f', '1985-04-30', 'Crooksshire', '', '1996-11-10 04:05:06', '1971-02-09 22:03:34');
INSERT INTO `profiles` (`user_id`, `gender`, `birthday`, `city`, `country`, `created_at`, `updated_at`) VALUES (95, 'm', '1983-03-02', 'Hadleybury', '371', '1986-03-01 07:57:13', '2006-04-30 11:43:34');
INSERT INTO `profiles` (`user_id`, `gender`, `birthday`, `city`, `country`, `created_at`, `updated_at`) VALUES (96, 'm', '2015-07-18', 'West Germaineview', '7405012', '1992-06-06 03:49:30', '1977-07-09 19:25:22');
INSERT INTO `profiles` (`user_id`, `gender`, `birthday`, `city`, `country`, `created_at`, `updated_at`) VALUES (97, 'f', '1982-01-13', 'Hermannmouth', '14986', '1970-04-02 00:34:06', '1992-12-15 07:24:40');
INSERT INTO `profiles` (`user_id`, `gender`, `birthday`, `city`, `country`, `created_at`, `updated_at`) VALUES (98, 'm', '2016-12-15', 'Beattyburgh', '3606201', '1974-11-07 20:53:33', '1976-12-19 00:35:31');
INSERT INTO `profiles` (`user_id`, `gender`, `birthday`, `city`, `country`, `created_at`, `updated_at`) VALUES (99, 'f', '2008-09-16', 'Ziemechester', '80', '2002-09-14 12:08:59', '1988-06-23 09:49:29');
INSERT INTO `profiles` (`user_id`, `gender`, `birthday`, `city`, `country`, `created_at`, `updated_at`) VALUES (100, 'f', '1990-08-03', 'Lake Lacyshire', '47360', '1997-09-22 11:23:58', '2018-04-07 03:03:33');


#
# TABLE STRUCTURE FOR: users
#

DROP TABLE IF EXISTS `users`;

CREATE TABLE `users` (
  `id` int(10) unsigned NOT NULL AUTO_INCREMENT COMMENT 'Идентификатор строки',
  `first_name` varchar(100) COLLATE utf8mb4_unicode_ci NOT NULL COMMENT 'Имя пользователя',
  `last_name` varchar(100) COLLATE utf8mb4_unicode_ci NOT NULL COMMENT 'Фамилия пользователя',
  `email` varchar(100) COLLATE utf8mb4_unicode_ci NOT NULL COMMENT 'Почта',
  `phone` varchar(100) COLLATE utf8mb4_unicode_ci NOT NULL COMMENT 'Телефон',
  `created_at` datetime DEFAULT current_timestamp() COMMENT 'Время создания строки',
  `updated_at` datetime DEFAULT current_timestamp() ON UPDATE current_timestamp() COMMENT 'Время обновления строки',
  PRIMARY KEY (`id`),
  UNIQUE KEY `email` (`email`),
  UNIQUE KEY `phone` (`phone`)
) ENGINE=InnoDB AUTO_INCREMENT=101 DEFAULT CHARSET=utf8mb4 COLLATE=utf8mb4_unicode_ci COMMENT='Пользователи';

INSERT INTO `users` (`id`, `first_name`, `last_name`, `email`, `phone`, `created_at`, `updated_at`) VALUES (1, 'Mackenzie', 'Dicki', 'kcartwright@example.com', '618-042-5219', '1997-12-18 06:43:23', '2000-04-27 19:08:39');
INSERT INTO `users` (`id`, `first_name`, `last_name`, `email`, `phone`, `created_at`, `updated_at`) VALUES (2, 'Mohamed', 'Bergstrom', 'mable42@example.org', '814.002.4965', '1996-06-18 08:57:48', '1989-02-16 11:17:34');
INSERT INTO `users` (`id`, `first_name`, `last_name`, `email`, `phone`, `created_at`, `updated_at`) VALUES (3, 'Ed', 'Wiegand', 'hugh43@example.net', '949.708.6037', '2006-07-02 23:18:15', '1976-10-11 11:14:03');
INSERT INTO `users` (`id`, `first_name`, `last_name`, `email`, `phone`, `created_at`, `updated_at`) VALUES (4, 'Kitty', 'Durgan', 'fweimann@example.com', '1-711-922-7862x703', '1989-04-15 09:26:32', '2004-05-15 15:59:40');
INSERT INTO `users` (`id`, `first_name`, `last_name`, `email`, `phone`, `created_at`, `updated_at`) VALUES (5, 'Alia', 'Cremin', 'adams.gladyce@example.com', '534-640-1358', '1982-05-12 06:13:32', '1991-02-03 17:18:30');
INSERT INTO `users` (`id`, `first_name`, `last_name`, `email`, `phone`, `created_at`, `updated_at`) VALUES (6, 'Jayden', 'Gutmann', 'claire.dietrich@example.net', '1-414-864-2208x572', '1999-07-01 05:24:07', '1976-06-09 09:19:22');
INSERT INTO `users` (`id`, `first_name`, `last_name`, `email`, `phone`, `created_at`, `updated_at`) VALUES (7, 'Rashawn', 'Schultz', 'cartwright.ola@example.net', '(347)137-1634x020', '1977-10-13 00:54:04', '2011-12-24 06:36:11');
INSERT INTO `users` (`id`, `first_name`, `last_name`, `email`, `phone`, `created_at`, `updated_at`) VALUES (8, 'Tre', 'Cassin', 'pouros.bradford@example.net', '1-471-850-3947x969', '2003-12-15 03:31:10', '1970-06-06 00:46:57');
INSERT INTO `users` (`id`, `first_name`, `last_name`, `email`, `phone`, `created_at`, `updated_at`) VALUES (9, 'Jaime', 'Satterfield', 'renner.taya@example.org', '499.857.3242', '2007-04-04 12:15:56', '2020-03-29 17:15:45');
INSERT INTO `users` (`id`, `first_name`, `last_name`, `email`, `phone`, `created_at`, `updated_at`) VALUES (10, 'Jaunita', 'Barrows', 'jhirthe@example.org', '845-156-5222x661', '2013-03-27 22:26:01', '2015-05-19 14:39:51');
INSERT INTO `users` (`id`, `first_name`, `last_name`, `email`, `phone`, `created_at`, `updated_at`) VALUES (11, 'Nyasia', 'Quitzon', 'demario.smitham@example.net', '1-515-167-7036x718', '2003-06-04 10:58:40', '2004-08-12 00:08:06');
INSERT INTO `users` (`id`, `first_name`, `last_name`, `email`, `phone`, `created_at`, `updated_at`) VALUES (12, 'Carey', 'Braun', 'candice.goyette@example.org', '1-849-962-0614x4067', '1990-05-15 11:31:21', '2019-03-29 03:21:00');
INSERT INTO `users` (`id`, `first_name`, `last_name`, `email`, `phone`, `created_at`, `updated_at`) VALUES (13, 'Sydnee', 'Lang', 'zetta77@example.org', '1-810-127-6269', '2002-07-16 23:37:54', '1997-09-11 21:02:19');
INSERT INTO `users` (`id`, `first_name`, `last_name`, `email`, `phone`, `created_at`, `updated_at`) VALUES (14, 'Catharine', 'Macejkovic', 'donato42@example.net', '838-491-3499', '2013-11-29 04:04:59', '1980-10-20 14:05:37');
INSERT INTO `users` (`id`, `first_name`, `last_name`, `email`, `phone`, `created_at`, `updated_at`) VALUES (15, 'Adriel', 'Olson', 'pmills@example.net', '(159)585-4191x3606', '2016-02-08 16:21:07', '1985-09-10 02:14:19');
INSERT INTO `users` (`id`, `first_name`, `last_name`, `email`, `phone`, `created_at`, `updated_at`) VALUES (16, 'Wade', 'Orn', 'larson.karlie@example.org', '+03(4)4189027451', '1993-01-12 08:32:26', '2002-06-11 21:17:12');
INSERT INTO `users` (`id`, `first_name`, `last_name`, `email`, `phone`, `created_at`, `updated_at`) VALUES (17, 'Damaris', 'O\'Keefe', 'von.rosamond@example.org', '676-643-1126x4721', '2007-08-22 23:59:23', '1991-04-09 09:23:32');
INSERT INTO `users` (`id`, `first_name`, `last_name`, `email`, `phone`, `created_at`, `updated_at`) VALUES (18, 'Woodrow', 'Adams', 'modesto.mckenzie@example.net', '406-194-0728', '1996-11-01 21:29:09', '1971-08-10 12:10:35');
INSERT INTO `users` (`id`, `first_name`, `last_name`, `email`, `phone`, `created_at`, `updated_at`) VALUES (19, 'Scarlett', 'Rogahn', 'tstanton@example.com', '560-334-6303', '2001-11-13 15:20:40', '1973-08-29 01:50:56');
INSERT INTO `users` (`id`, `first_name`, `last_name`, `email`, `phone`, `created_at`, `updated_at`) VALUES (20, 'Jessie', 'Walter', 'lilliana85@example.org', '1-240-413-8649x5595', '2006-06-19 04:54:03', '1991-04-15 21:54:50');
INSERT INTO `users` (`id`, `first_name`, `last_name`, `email`, `phone`, `created_at`, `updated_at`) VALUES (21, 'Rex', 'Turner', 'ignatius00@example.com', '1-308-679-0654x699', '2012-05-11 01:53:57', '2017-07-14 06:03:26');
INSERT INTO `users` (`id`, `first_name`, `last_name`, `email`, `phone`, `created_at`, `updated_at`) VALUES (22, 'Bobbie', 'Dibbert', 'mills.devon@example.net', '(331)954-3023', '1979-05-18 12:17:04', '1994-08-21 01:22:11');
INSERT INTO `users` (`id`, `first_name`, `last_name`, `email`, `phone`, `created_at`, `updated_at`) VALUES (23, 'Marilou', 'Johnston', 'pollich.brooke@example.net', '1-323-406-7342', '2004-09-15 18:34:27', '1974-09-12 16:31:18');
INSERT INTO `users` (`id`, `first_name`, `last_name`, `email`, `phone`, `created_at`, `updated_at`) VALUES (24, 'Eleonore', 'Stamm', 'belle.bayer@example.net', '(792)057-1359x5495', '2009-09-04 18:27:07', '1999-10-03 23:53:57');
INSERT INTO `users` (`id`, `first_name`, `last_name`, `email`, `phone`, `created_at`, `updated_at`) VALUES (25, 'Chandler', 'Cole', 'pkoss@example.net', '02132613288', '2007-11-28 10:04:04', '1991-03-06 03:17:20');
INSERT INTO `users` (`id`, `first_name`, `last_name`, `email`, `phone`, `created_at`, `updated_at`) VALUES (26, 'Isac', 'Smith', 'qkohler@example.org', '1-450-875-5308', '2016-04-29 13:41:34', '1985-12-11 16:24:02');
INSERT INTO `users` (`id`, `first_name`, `last_name`, `email`, `phone`, `created_at`, `updated_at`) VALUES (27, 'Lizeth', 'Sauer', 'glenda.o\'kon@example.com', '111.038.0225', '2014-05-24 16:36:07', '2005-07-09 22:01:54');
INSERT INTO `users` (`id`, `first_name`, `last_name`, `email`, `phone`, `created_at`, `updated_at`) VALUES (28, 'Chester', 'Hauck', 'gilda47@example.com', '1-034-569-7910x7601', '2004-05-30 23:34:22', '2020-10-22 12:47:59');
INSERT INTO `users` (`id`, `first_name`, `last_name`, `email`, `phone`, `created_at`, `updated_at`) VALUES (29, 'Merl', 'Eichmann', 'jettie.kling@example.net', '860.313.7423x821', '2013-03-26 06:19:39', '2000-07-14 08:21:57');
INSERT INTO `users` (`id`, `first_name`, `last_name`, `email`, `phone`, `created_at`, `updated_at`) VALUES (30, 'Santino', 'Bins', 'uabbott@example.org', '1-148-235-5966x996', '1973-05-09 21:04:55', '1999-11-12 20:04:56');
INSERT INTO `users` (`id`, `first_name`, `last_name`, `email`, `phone`, `created_at`, `updated_at`) VALUES (31, 'Yasmine', 'Von', 'bernhard.elenor@example.org', '1-237-923-4203x722', '2014-09-14 14:02:06', '1981-04-03 06:47:39');
INSERT INTO `users` (`id`, `first_name`, `last_name`, `email`, `phone`, `created_at`, `updated_at`) VALUES (32, 'Caroline', 'Boehm', 'ibailey@example.org', '(662)830-7515x038', '1992-09-24 04:01:45', '1981-01-03 04:11:05');
INSERT INTO `users` (`id`, `first_name`, `last_name`, `email`, `phone`, `created_at`, `updated_at`) VALUES (33, 'Kendra', 'Conroy', 'qbotsford@example.net', '463.052.2914x290', '1991-08-31 12:08:51', '1998-07-27 20:12:30');
INSERT INTO `users` (`id`, `first_name`, `last_name`, `email`, `phone`, `created_at`, `updated_at`) VALUES (34, 'Alvah', 'Boyle', 'peter.hansen@example.com', '(491)019-6409x611', '1996-05-18 05:16:23', '2019-04-16 07:29:52');
INSERT INTO `users` (`id`, `first_name`, `last_name`, `email`, `phone`, `created_at`, `updated_at`) VALUES (35, 'Reva', 'Olson', 'dino42@example.com', '214.549.3913', '2013-01-12 14:56:05', '1978-05-05 07:18:23');
INSERT INTO `users` (`id`, `first_name`, `last_name`, `email`, `phone`, `created_at`, `updated_at`) VALUES (36, 'Lon', 'Metz', 'patience73@example.org', '07321352528', '1992-08-02 04:21:58', '2011-06-18 02:22:23');
INSERT INTO `users` (`id`, `first_name`, `last_name`, `email`, `phone`, `created_at`, `updated_at`) VALUES (37, 'Rudolph', 'Ullrich', 'weissnat.vern@example.com', '1-958-177-4955x4650', '2016-07-02 12:18:42', '1993-03-27 11:20:11');
INSERT INTO `users` (`id`, `first_name`, `last_name`, `email`, `phone`, `created_at`, `updated_at`) VALUES (38, 'Jakayla', 'Klein', 'laverna.cormier@example.org', '016-290-3140x71757', '1987-01-11 20:05:00', '1986-06-15 05:02:28');
INSERT INTO `users` (`id`, `first_name`, `last_name`, `email`, `phone`, `created_at`, `updated_at`) VALUES (39, 'Sheila', 'Cassin', 'eunice11@example.net', '437-864-8160x178', '2009-05-24 21:27:30', '1977-12-05 19:30:03');
INSERT INTO `users` (`id`, `first_name`, `last_name`, `email`, `phone`, `created_at`, `updated_at`) VALUES (40, 'Shanna', 'Weber', 'hills.bulah@example.com', '036-435-2636x224', '2012-05-22 23:49:36', '1971-09-11 15:39:13');
INSERT INTO `users` (`id`, `first_name`, `last_name`, `email`, `phone`, `created_at`, `updated_at`) VALUES (41, 'Allison', 'Feeney', 'emilio.west@example.com', '(727)434-5951x144', '2002-05-05 04:59:24', '1980-03-10 07:41:12');
INSERT INTO `users` (`id`, `first_name`, `last_name`, `email`, `phone`, `created_at`, `updated_at`) VALUES (42, 'Germaine', 'Herman', 'gkihn@example.net', '1-514-484-6681x459', '1972-05-05 21:35:45', '2009-07-31 21:04:02');
INSERT INTO `users` (`id`, `first_name`, `last_name`, `email`, `phone`, `created_at`, `updated_at`) VALUES (43, 'Santina', 'Koss', 'wortiz@example.net', '(864)911-4360', '1998-09-18 06:22:06', '1990-03-14 03:44:24');
INSERT INTO `users` (`id`, `first_name`, `last_name`, `email`, `phone`, `created_at`, `updated_at`) VALUES (44, 'Vesta', 'Bogisich', 'mcdermott.baylee@example.com', '627-513-8350', '1972-06-23 08:45:31', '1983-05-18 23:21:06');
INSERT INTO `users` (`id`, `first_name`, `last_name`, `email`, `phone`, `created_at`, `updated_at`) VALUES (45, 'Jermain', 'Stanton', 'carolyne68@example.org', '267-849-2677x7090', '1970-01-09 00:16:58', '2017-04-12 21:10:10');
INSERT INTO `users` (`id`, `first_name`, `last_name`, `email`, `phone`, `created_at`, `updated_at`) VALUES (46, 'Warren', 'Bednar', 'orlo98@example.com', '949-111-7620x1833', '2017-08-14 21:26:14', '2014-02-07 06:25:16');
INSERT INTO `users` (`id`, `first_name`, `last_name`, `email`, `phone`, `created_at`, `updated_at`) VALUES (47, 'Lupe', 'Lesch', 'willy88@example.com', '1-920-602-3684x8478', '1990-02-10 16:43:09', '1991-10-13 23:12:44');
INSERT INTO `users` (`id`, `first_name`, `last_name`, `email`, `phone`, `created_at`, `updated_at`) VALUES (48, 'Ignacio', 'Hansen', 'hauck.eldon@example.org', '274-287-8445', '2003-09-01 11:20:59', '1993-02-10 21:23:54');
INSERT INTO `users` (`id`, `first_name`, `last_name`, `email`, `phone`, `created_at`, `updated_at`) VALUES (49, 'Rafaela', 'Luettgen', 'rogahn.colten@example.com', '148.013.3517x052', '2003-08-22 09:29:14', '2007-12-29 23:15:53');
INSERT INTO `users` (`id`, `first_name`, `last_name`, `email`, `phone`, `created_at`, `updated_at`) VALUES (50, 'Piper', 'Lang', 'breitenberg.dayana@example.com', '617-879-4153x455', '2012-10-19 09:31:01', '2018-01-08 08:22:41');
INSERT INTO `users` (`id`, `first_name`, `last_name`, `email`, `phone`, `created_at`, `updated_at`) VALUES (51, 'Margaret', 'Hahn', 'gwen.jaskolski@example.net', '07272315053', '1992-08-26 06:03:49', '1992-11-09 12:33:06');
INSERT INTO `users` (`id`, `first_name`, `last_name`, `email`, `phone`, `created_at`, `updated_at`) VALUES (52, 'Shakira', 'Towne', 'cassin.edwardo@example.net', '(056)799-8032x53894', '2004-07-13 09:38:05', '1975-02-04 10:02:43');
INSERT INTO `users` (`id`, `first_name`, `last_name`, `email`, `phone`, `created_at`, `updated_at`) VALUES (53, 'Zoie', 'Bauch', 'allene.quigley@example.net', '01601196377', '1976-01-27 08:03:20', '2005-07-10 22:04:54');
INSERT INTO `users` (`id`, `first_name`, `last_name`, `email`, `phone`, `created_at`, `updated_at`) VALUES (54, 'Tavares', 'Jerde', 'dhansen@example.org', '173.226.1363', '1996-04-30 12:40:38', '1975-11-07 00:23:46');
INSERT INTO `users` (`id`, `first_name`, `last_name`, `email`, `phone`, `created_at`, `updated_at`) VALUES (55, 'Christiana', 'Dibbert', 'hayden.mohr@example.com', '949-195-3100x0686', '1973-09-04 08:37:58', '2003-12-05 11:08:55');
INSERT INTO `users` (`id`, `first_name`, `last_name`, `email`, `phone`, `created_at`, `updated_at`) VALUES (56, 'Loren', 'Auer', 'lisette78@example.com', '663.865.3600', '1984-08-09 15:49:13', '2012-01-14 17:49:05');
INSERT INTO `users` (`id`, `first_name`, `last_name`, `email`, `phone`, `created_at`, `updated_at`) VALUES (57, 'Abbie', 'Fahey', 'marco.strosin@example.com', '698-073-0441x586', '2012-07-24 18:00:35', '1998-03-17 02:36:13');
INSERT INTO `users` (`id`, `first_name`, `last_name`, `email`, `phone`, `created_at`, `updated_at`) VALUES (58, 'Price', 'Swift', 'prohaska.adell@example.org', '513-753-4938x40799', '1985-07-16 01:42:19', '1986-06-12 13:27:12');
INSERT INTO `users` (`id`, `first_name`, `last_name`, `email`, `phone`, `created_at`, `updated_at`) VALUES (59, 'Monique', 'Goyette', 'lee.aufderhar@example.net', '1-763-155-5228', '2007-01-20 15:59:18', '2018-12-12 18:53:52');
INSERT INTO `users` (`id`, `first_name`, `last_name`, `email`, `phone`, `created_at`, `updated_at`) VALUES (60, 'Fabiola', 'Schoen', 'bartoletti.alec@example.org', '1-971-452-5929x9143', '2012-04-05 15:07:34', '1982-04-22 08:47:27');
INSERT INTO `users` (`id`, `first_name`, `last_name`, `email`, `phone`, `created_at`, `updated_at`) VALUES (61, 'Christophe', 'Paucek', 'morissette.gay@example.net', '021.493.1095x191', '2009-10-16 16:54:28', '1976-11-06 21:34:06');
INSERT INTO `users` (`id`, `first_name`, `last_name`, `email`, `phone`, `created_at`, `updated_at`) VALUES (62, 'Neva', 'Simonis', 'lindgren.lonzo@example.org', '(144)165-2047', '1997-01-31 09:36:15', '2010-10-10 11:03:19');
INSERT INTO `users` (`id`, `first_name`, `last_name`, `email`, `phone`, `created_at`, `updated_at`) VALUES (63, 'Brandi', 'Jakubowski', 'caitlyn.stracke@example.net', '738.670.4356x815', '1983-03-01 17:22:50', '1988-10-03 17:04:11');
INSERT INTO `users` (`id`, `first_name`, `last_name`, `email`, `phone`, `created_at`, `updated_at`) VALUES (64, 'Dovie', 'Daugherty', 'vpfeffer@example.com', '800.356.6083x76443', '2013-07-09 11:37:58', '2004-03-17 05:19:30');
INSERT INTO `users` (`id`, `first_name`, `last_name`, `email`, `phone`, `created_at`, `updated_at`) VALUES (65, 'Bobby', 'Wunsch', 'sonya19@example.com', '01083116953', '2003-01-10 13:52:04', '2006-09-11 23:37:18');
INSERT INTO `users` (`id`, `first_name`, `last_name`, `email`, `phone`, `created_at`, `updated_at`) VALUES (66, 'Warren', 'Kovacek', 'athena43@example.org', '+89(2)7183334101', '1995-03-13 10:55:23', '2005-05-30 14:01:36');
INSERT INTO `users` (`id`, `first_name`, `last_name`, `email`, `phone`, `created_at`, `updated_at`) VALUES (67, 'Brenden', 'Toy', 'hollie74@example.com', '(699)325-0491', '2009-01-14 21:22:01', '2017-02-26 00:43:11');
INSERT INTO `users` (`id`, `first_name`, `last_name`, `email`, `phone`, `created_at`, `updated_at`) VALUES (68, 'Timmy', 'Cremin', 'ifisher@example.org', '(552)194-8347', '2020-07-15 16:13:35', '1993-12-29 19:51:03');
INSERT INTO `users` (`id`, `first_name`, `last_name`, `email`, `phone`, `created_at`, `updated_at`) VALUES (69, 'Lula', 'Jerde', 'haley.guadalupe@example.net', '1-500-982-2724x9161', '1971-04-25 16:40:24', '1980-04-29 15:30:55');
INSERT INTO `users` (`id`, `first_name`, `last_name`, `email`, `phone`, `created_at`, `updated_at`) VALUES (70, 'Bennett', 'Grant', 'hswaniawski@example.com', '669.973.0232x373', '2007-10-09 10:16:19', '1983-11-19 22:48:24');
INSERT INTO `users` (`id`, `first_name`, `last_name`, `email`, `phone`, `created_at`, `updated_at`) VALUES (71, 'Reginald', 'Runolfsson', 'udooley@example.org', '02489047492', '2020-03-12 02:40:36', '2010-05-17 06:22:11');
INSERT INTO `users` (`id`, `first_name`, `last_name`, `email`, `phone`, `created_at`, `updated_at`) VALUES (72, 'Virgil', 'Botsford', 'gerald75@example.com', '(922)678-8151x11532', '2003-08-31 23:37:06', '2017-06-01 03:32:11');
INSERT INTO `users` (`id`, `first_name`, `last_name`, `email`, `phone`, `created_at`, `updated_at`) VALUES (73, 'Wilford', 'Wiegand', 'oschroeder@example.com', '(899)687-9654', '1993-11-02 08:23:49', '1983-02-25 14:56:35');
INSERT INTO `users` (`id`, `first_name`, `last_name`, `email`, `phone`, `created_at`, `updated_at`) VALUES (74, 'Judd', 'Ritchie', 'zelda85@example.org', '(861)422-1181', '2001-04-09 04:34:40', '2018-08-03 13:54:04');
INSERT INTO `users` (`id`, `first_name`, `last_name`, `email`, `phone`, `created_at`, `updated_at`) VALUES (75, 'Irma', 'Herman', 'ykoss@example.com', '215-928-7016x4623', '2020-11-17 05:47:52', '2014-12-27 12:45:09');
INSERT INTO `users` (`id`, `first_name`, `last_name`, `email`, `phone`, `created_at`, `updated_at`) VALUES (76, 'Hershel', 'Barrows', 'jimmy75@example.net', '+14(0)8418242930', '1976-04-26 22:20:16', '1975-10-19 11:30:43');
INSERT INTO `users` (`id`, `first_name`, `last_name`, `email`, `phone`, `created_at`, `updated_at`) VALUES (77, 'Grace', 'Prohaska', 'annabelle.treutel@example.net', '773-671-8204', '2018-09-20 04:16:50', '2005-05-17 18:12:02');
INSERT INTO `users` (`id`, `first_name`, `last_name`, `email`, `phone`, `created_at`, `updated_at`) VALUES (78, 'Janelle', 'Schmidt', 'stracke.norbert@example.net', '+38(1)4351325066', '2012-05-24 10:05:15', '2012-01-26 09:32:14');
INSERT INTO `users` (`id`, `first_name`, `last_name`, `email`, `phone`, `created_at`, `updated_at`) VALUES (79, 'Jaydon', 'Smith', 'heathcote.thelma@example.com', '565.075.6885', '1984-08-05 15:47:44', '1989-01-02 00:10:27');
INSERT INTO `users` (`id`, `first_name`, `last_name`, `email`, `phone`, `created_at`, `updated_at`) VALUES (80, 'Emery', 'Senger', 'dylan.rippin@example.com', '302.752.5286x762', '2015-06-17 07:30:04', '1992-05-10 22:35:32');
INSERT INTO `users` (`id`, `first_name`, `last_name`, `email`, `phone`, `created_at`, `updated_at`) VALUES (81, 'Edna', 'Nitzsche', 'dewitt.buckridge@example.com', '(232)362-9836x42373', '1992-08-14 19:09:10', '1987-07-06 10:37:09');
INSERT INTO `users` (`id`, `first_name`, `last_name`, `email`, `phone`, `created_at`, `updated_at`) VALUES (82, 'Noe', 'Leuschke', 'alana.bogisich@example.org', '684-512-3843', '2002-04-30 17:59:34', '1988-06-12 20:33:22');
INSERT INTO `users` (`id`, `first_name`, `last_name`, `email`, `phone`, `created_at`, `updated_at`) VALUES (83, 'Karlie', 'Conn', 'ashton.stracke@example.net', '00092504394', '2006-01-15 11:17:55', '1985-09-02 01:52:51');
INSERT INTO `users` (`id`, `first_name`, `last_name`, `email`, `phone`, `created_at`, `updated_at`) VALUES (84, 'Carlotta', 'Gorczany', 'ukozey@example.net', '(214)687-5106x48191', '2006-03-30 14:21:47', '1997-03-26 06:44:25');
INSERT INTO `users` (`id`, `first_name`, `last_name`, `email`, `phone`, `created_at`, `updated_at`) VALUES (85, 'Wilford', 'O\'Kon', 'thiel.sadye@example.net', '03195436878', '2020-02-24 23:02:00', '1971-07-11 13:26:15');
INSERT INTO `users` (`id`, `first_name`, `last_name`, `email`, `phone`, `created_at`, `updated_at`) VALUES (86, 'Arne', 'Wisozk', 'katherine.kuphal@example.net', '(676)943-8817x947', '2013-11-23 20:17:33', '1995-07-26 03:21:37');
INSERT INTO `users` (`id`, `first_name`, `last_name`, `email`, `phone`, `created_at`, `updated_at`) VALUES (87, 'Elwyn', 'Zieme', 'mbogan@example.org', '+60(1)1509406102', '1971-05-21 13:18:54', '1978-01-09 15:08:02');
INSERT INTO `users` (`id`, `first_name`, `last_name`, `email`, `phone`, `created_at`, `updated_at`) VALUES (88, 'Seamus', 'Cassin', 'tess83@example.com', '303.506.9734', '1971-08-13 00:53:40', '2003-02-02 20:37:22');
INSERT INTO `users` (`id`, `first_name`, `last_name`, `email`, `phone`, `created_at`, `updated_at`) VALUES (89, 'Alfreda', 'Schmidt', 'rherzog@example.com', '07827096053', '1983-06-07 05:56:36', '2021-02-12 19:32:21');
INSERT INTO `users` (`id`, `first_name`, `last_name`, `email`, `phone`, `created_at`, `updated_at`) VALUES (90, 'Beth', 'Hamill', 'chadd.ferry@example.com', '120.451.0179', '2001-05-16 11:24:42', '2011-08-14 10:11:25');
INSERT INTO `users` (`id`, `first_name`, `last_name`, `email`, `phone`, `created_at`, `updated_at`) VALUES (91, 'Braxton', 'Mayer', 'eleannon@example.com', '(978)838-9441x4651', '1992-06-30 00:03:58', '1981-07-17 09:18:44');
INSERT INTO `users` (`id`, `first_name`, `last_name`, `email`, `phone`, `created_at`, `updated_at`) VALUES (92, 'Chesley', 'Pfeffer', 'ryann84@example.com', '824-956-2475', '2013-08-31 15:27:05', '1984-09-13 08:39:07');
INSERT INTO `users` (`id`, `first_name`, `last_name`, `email`, `phone`, `created_at`, `updated_at`) VALUES (93, 'Martin', 'Herzog', 'stefan.abbott@example.com', '(984)422-2114x067', '2009-06-09 21:12:02', '2009-03-10 01:28:20');
INSERT INTO `users` (`id`, `first_name`, `last_name`, `email`, `phone`, `created_at`, `updated_at`) VALUES (94, 'Bo', 'Roberts', 'adaline.aufderhar@example.com', '1-464-988-7242x35282', '1974-05-28 14:13:15', '1991-09-03 19:08:34');
INSERT INTO `users` (`id`, `first_name`, `last_name`, `email`, `phone`, `created_at`, `updated_at`) VALUES (95, 'Kaylin', 'Bradtke', 'rosinski@example.net', '784-906-9226x33529', '1978-02-19 23:31:57', '1985-07-23 01:28:20');
INSERT INTO `users` (`id`, `first_name`, `last_name`, `email`, `phone`, `created_at`, `updated_at`) VALUES (96, 'Uriah', 'Feest', 'emmalee.rohan@example.org', '1-798-171-1791x55799', '2020-05-03 15:02:35', '2000-01-07 21:46:27');
INSERT INTO `users` (`id`, `first_name`, `last_name`, `email`, `phone`, `created_at`, `updated_at`) VALUES (97, 'Stephania', 'Legros', 'mtorp@example.org', '1-420-815-1390', '2009-07-13 11:24:08', '1997-09-29 05:00:45');
INSERT INTO `users` (`id`, `first_name`, `last_name`, `email`, `phone`, `created_at`, `updated_at`) VALUES (98, 'Gabriella', 'Harris', 'izabella.cummerata@example.com', '(835)335-5474', '2018-04-22 13:59:15', '2016-08-24 13:43:38');
INSERT INTO `users` (`id`, `first_name`, `last_name`, `email`, `phone`, `created_at`, `updated_at`) VALUES (99, 'Isac', 'Hansen', 'ima69@example.org', '429-179-3949', '2015-07-10 13:37:44', '2008-08-25 03:54:11');
INSERT INTO `users` (`id`, `first_name`, `last_name`, `email`, `phone`, `created_at`, `updated_at`) VALUES (100, 'Glennie', 'Kuvalis', 'lschowalter@example.org', '+76(4)9315779666', '1974-05-14 12:33:15', '2000-12-09 15:59:49');


